"Timestamp","logs"
"2026/05/24 4:07:46 PM GMT+3","{
	""classroom_quizzes"": [
		{
			""answer_chosen"": ""Read first. Pick 2–3 key points. Ask one clear question."",
			""answer_correct"": true,
			""question"": ""You need to summarize a 3-page document. What's the most energy-conscious way to use AI for this?"",
			""scene"": ""Sub-scene3"",
			""ts_answerchosen"": 1779628037.92,
			""ts_duration"": 0.481000185012817,
			""ts_ended"": 1779628037.439,
			""ts_skipped"": 1779628037.439,
			""ts_started"": 1779628037.325
		},
		{
			""answer_chosen"": ""Write it yourself. Ask AI to fix unclear parts."",
			""answer_correct"": true,
			""question"": ""You want AI to help write a work email. Which prompt approach saves the most energy?"",
			""scene"": ""Sub-scene4"",
			""ts_answerchosen"": 1779628038.48,
			""ts_duration"": 0.289000034332275,
			""ts_ended"": 1779628038.191,
			""ts_skipped"": 1779628038.191,
			""ts_started"": 1779628038.116
		},
		{
			""answer_chosen"": ""Brainstorm 5 mins. Ask AI to expand your top 2–3 ideas."",
			""answer_correct"": true,
			""question"": ""You need to brainstorm ideas for a project. How do you prompt AI most sustainably?"",
			""scene"": ""Sub-scene5"",
			""ts_answerchosen"": 1779628039.001,
			""ts_duration"": 0.276999950408936,
			""ts_ended"": 1779628038.724,
			""ts_skipped"": 1779628038.723,
			""ts_started"": 1779628038.661
		}
	],
	""dialogues"": [
		{
			""chars"": 158,
			""speaker"": ""Prompto"",
			""text"": ""Hello, kkk! My name is Prompto, and I’ll be your assistant throughout the game. Before we begin, let me show you the region. \nClick on the screen to continue."",
			""ts_closed"": 1779627995.048,
			""ts_duration"": 0.616000175476074,
			""ts_ended"": 1779627994.432,
			""ts_skipped"": 1779627994.432,
			""ts_started"": 1779627994.166
		},
		{
			""chars"": 41,
			""speaker"": ""Prompto"",
			""text"": ""In the top left is the village of Pontia."",
			""ts_closed"": 1779627997.269,
			""ts_duration"": 0.969000101089478,
			""ts_ended"": 1779627996.3,
			""ts_skipped"": 1779627996.3,
			""ts_started"": 1779627996.058
		},
		{
			""chars"": 38,
			""speaker"": ""Prompto"",
			""text"": ""In the top center you'll find Petalia."",
			""ts_closed"": 1779627999.31,
			""ts_duration"": 0.758999824523926,
			""ts_ended"": 1779627998.551,
			""ts_skipped"": 1779627998.551,
			""ts_started"": 1779627998.282
		},
		{
			""chars"": 127,
			""speaker"": ""Prompto"",
			""text"": ""This is our datacenter today. It won't keep up much longer, we need to expand! The first call is yours: show me where to build!"",
			""ts_closed"": 1779628005.755,
			""ts_duration"": 1.78800010681152,
			""ts_ended"": 1779628003.967,
			""ts_skipped"": null,
			""ts_started"": 1779627999.39
		},
		{
			""chars"": 335,
			""speaker"": ""Joe Sellington"",
			""text"": ""Well well, look who walked in! Don't think I've had the pleasure — what was the name again? ...kkk? Ohhh, kkk... now THAT'S a fine name. Lucky for you, today I happen to be running a special for friends with such fine names. You need 5 server racks? I got the best prices in town... today, anyway. Heh heh. Just point at what you want."",
			""ts_closed"": 1779628017.062,
			""ts_duration"": 3.93700003623962,
			""ts_ended"": 1779628013.125,
			""ts_skipped"": 1779628013.125,
			""ts_started"": 1779628012.56
		},
		{
			""chars"": 172,
			""speaker"": ""Joe Sellington"",
			""text"": ""Pleasure doing business kkk! All 5 racks, sold. Did you notice how everything else got pricier while you shopped? Bet a smart one like you can work out why. Come back soon!"",
			""ts_closed"": 1779628020.224,
			""ts_duration"": 1.23600006103516,
			""ts_ended"": 1779628018.988,
			""ts_skipped"": 1779628018.988,
			""ts_started"": 1779628018.364
		},
		{
			""chars"": 169,
			""speaker"": ""Prompto"",
			""text"": ""Ah thats a shame about the students....but your new hardware looks so good! Now we just need to power them up with electrcity. Where do you want to get electricity from?"",
			""ts_closed"": 1779628026.375,
			""ts_duration"": 1.5699999332428,
			""ts_ended"": 1779628024.805,
			""ts_skipped"": 1779628024.805,
			""ts_started"": 1779628024.044
		},
		{
			""chars"": 201,
			""speaker"": ""Prompto"",
			""text"": ""The news hurts me, but seeing our datacenter light up makes me happy!...However we now have a new problem. We are getting a lot of wasteful prompts. Should we educate our users on how to prompt better?"",
			""ts_closed"": 1779628034.27,
			""ts_duration"": 1.43400001525879,
			""ts_ended"": 1779628032.836,
			""ts_skipped"": 1779628032.836,
			""ts_started"": 1779628032.698
		},
		{
			""chars"": 260,
			""speaker"": ""Prompto"",
			""text"": ""Congratulations your education was a success! You have reduced token usage and we now have enough compute and electricity to handle all the incoming prompts. However all this now creates a heating issue, we are going to need access to water to cool our server!"",
			""ts_closed"": 1779628041.437,
			""ts_duration"": 2.19000005722046,
			""ts_ended"": 1779628039.247,
			""ts_skipped"": 1779628039.247,
			""ts_started"": 1779628039.174
		},
		{
			""chars"": 138,
			""speaker"": ""Prompto"",
			""text"": ""Okay we have access to water now, but it is not sufficient to cool down all our servers, choose another river to get access to more water!"",
			""ts_closed"": 1779628042.649,
			""ts_duration"": 0.559999942779541,
			""ts_ended"": 1779628042.089,
			""ts_skipped"": 1779628042.089,
			""ts_started"": 1779628041.915
		},
		{
			""chars"": 157,
			""speaker"": ""Prompto"",
			""text"": ""This is the final report compiled by my team. Please read it carefully as it is very serious. Click any card to reveal its details, click again to hide them."",
			""ts_closed"": 1779628055.576,
			""ts_duration"": 1.16000008583069,
			""ts_ended"": 1779628054.416,
			""ts_skipped"": null,
			""ts_started"": 1779628048.934
		}
	],
	""electricity_choice"": {
		""ts_chosen"": 1779628026.137,
		""ts_duration"": 6.14900016784668,
		""ts_started"": 1779628019.988,
		""value"": ""close""
	},
	""land_choice"": {
		""ts_chosen"": 1779628005.516,
		""ts_duration"": 6.12599992752075,
		""ts_started"": 1779627999.39,
		""value"": ""SECOND""
	},
	""newspapers"": [
		{
			""article"": ""VILLAGE_TOO_CLOSE"",
			""ts_closed"": 1779628010.665,
			""ts_duration"": 1.65599989891052,
			""ts_opened"": 1779628009.009
		},
		{
			""article"": ""PRICES_LAPTOPS"",
			""ts_closed"": 1779628024.043,
			""ts_duration"": 1.57699990272522,
			""ts_opened"": 1779628022.466
		},
		{
			""article"": ""WINTER"",
			""ts_closed"": 1779628031.684,
			""ts_duration"": 1.53500008583069,
			""ts_opened"": 1779628030.149
		},
		{
			""article"": ""WATER_CRISIS"",
			""ts_closed"": 1779628046.957,
			""ts_duration"": 1.37299990653992,
			""ts_opened"": 1779628045.584
		}
	],
	""session"": {
		""debug"": true,
		""player_name"": ""kkk"",
		""ts_duration"": 75.9989998340607,
		""ts_ended"": 1779628065.689,
		""ts_started"": 1779627989.69
	},
	""stages"": [
		{
			""index"": 1,
			""name"": ""1 1_land_choice_stage"",
			""ts_duration"": 13.1409997940063,
			""ts_ended"": 1779628012.531,
			""ts_started"": 1779627999.39
		},
		{
			""index"": 2,
			""name"": ""2 02_shop_stage"",
			""ts_duration"": 7.42799997329712,
			""ts_ended"": 1779628019.988,
			""ts_started"": 1779628012.56
		},
		{
			""index"": 3,
			""name"": ""3 03_energy_scene"",
			""ts_duration"": 14.0450000762939,
			""ts_ended"": 1779628034.033,
			""ts_started"": 1779628019.988
		},
		{
			""index"": 4,
			""name"": ""4 04_classroom_tscn"",
			""ts_duration"": 5.04400014877319,
			""ts_ended"": 1779628039.173,
			""ts_started"": 1779628034.129
		},
		{
			""index"": 5,
			""name"": ""5 4_stage"",
			""ts_duration"": 9.62400007247925,
			""ts_ended"": 1779628048.798,
			""ts_started"": 1779628039.174
		}
	],
	""water_choices"": [
		{
			""ts_chosen"": 1779628041.197,
			""ts_duration"": 1.95000004768372,
			""ts_started"": 1779628039.247,
			""value"": ""west""
		},
		{
			""ts_chosen"": 1779628042.409,
			""ts_duration"": 0.319999933242798,
			""ts_started"": 1779628042.089,
			""value"": ""north""
		}
	]
}"
"2026/05/24 4:12:08 PM GMT+3","{
	""classroom_quizzes"": [
		{
			""answer_chosen"": ""Ask AI to summarize everything."",
			""answer_correct"": false,
			""question"": ""You need to summarize a 3-page document. What's the most energy-conscious way to use AI for this?"",
			""scene"": ""Sub-scene3"",
			""ts_answerchosen"": 1779628301.415,
			""ts_duration"": 0.713000059127808,
			""ts_ended"": 1779628300.702,
			""ts_skipped"": 1779628300.702,
			""ts_started"": 1779628300.597
		},
		{
			""answer_chosen"": ""Write it yourself. Ask AI to fix unclear parts."",
			""answer_correct"": true,
			""question"": ""You want AI to help write a work email. Which prompt approach saves the most energy?"",
			""scene"": ""Sub-scene4"",
			""ts_answerchosen"": 1779628302.916,
			""ts_duration"": 0.458999872207642,
			""ts_ended"": 1779628302.457,
			""ts_skipped"": 1779628302.457,
			""ts_started"": 1779628302.18
		},
		{
			""answer_chosen"": ""Brainstorm 5 mins. Ask AI to expand your top 2–3 ideas."",
			""answer_correct"": true,
			""question"": ""You need to brainstorm ideas for a project. How do you prompt AI most sustainably?"",
			""scene"": ""Sub-scene5"",
			""ts_answerchosen"": 1779628304.054,
			""ts_duration"": 0.378999948501587,
			""ts_ended"": 1779628303.675,
			""ts_skipped"": 1779628303.675,
			""ts_started"": 1779628303.414
		}
	],
	""dialogues"": [
		{
			""chars"": 127,
			""speaker"": ""Prompto"",
			""text"": ""This is our datacenter today. It won't keep up much longer, we need to expand! The first call is yours: show me where to build!"",
			""ts_closed"": 1779628273.982,
			""ts_duration"": 1.73600006103516,
			""ts_ended"": 1779628272.246,
			""ts_skipped"": null,
			""ts_started"": 1779628267.673
		},
		{
			""chars"": 335,
			""speaker"": ""Joe Sellington"",
			""text"": ""Well well, look who walked in! Don't think I've had the pleasure — what was the name again? ...ggg? Ohhh, ggg... now THAT'S a fine name. Lucky for you, today I happen to be running a special for friends with such fine names. You need 5 server racks? I got the best prices in town... today, anyway. Heh heh. Just point at what you want."",
			""ts_closed"": 1779628281.338,
			""ts_duration"": 1.21099996566772,
			""ts_ended"": 1779628280.127,
			""ts_skipped"": 1779628280.127,
			""ts_started"": 1779628279.932
		},
		{
			""chars"": 172,
			""speaker"": ""Joe Sellington"",
			""text"": ""Pleasure doing business ggg! All 5 racks, sold. Did you notice how everything else got pricier while you shopped? Bet a smart one like you can work out why. Come back soon!"",
			""ts_closed"": 1779628284.758,
			""ts_duration"": 1.24399995803833,
			""ts_ended"": 1779628283.514,
			""ts_skipped"": 1779628283.514,
			""ts_started"": 1779628282.874
		},
		{
			""chars"": 169,
			""speaker"": ""Prompto"",
			""text"": ""Ah thats a shame about the students....but your new hardware looks so good! Now we just need to power them up with electrcity. Where do you want to get electricity from?"",
			""ts_closed"": 1779628290.431,
			""ts_duration"": 1.18300008773804,
			""ts_ended"": 1779628289.248,
			""ts_skipped"": 1779628289.248,
			""ts_started"": 1779628288.195
		},
		{
			""chars"": 201,
			""speaker"": ""Prompto"",
			""text"": ""The news hurts me, but seeing our datacenter light up makes me happy!...However we now have a new problem. We are getting a lot of wasteful prompts. Should we educate our users on how to prompt better?"",
			""ts_closed"": 1779628297.668,
			""ts_duration"": 0.914000034332275,
			""ts_ended"": 1779628296.754,
			""ts_skipped"": 1779628296.754,
			""ts_started"": 1779628296.701
		},
		{
			""chars"": 260,
			""speaker"": ""Prompto"",
			""text"": ""Congratulations your education was a success! You have reduced token usage and we now have enough compute and electricity to handle all the incoming prompts. However all this now creates a heating issue, we are going to need access to water to cool our server!"",
			""ts_closed"": 1779628305.719,
			""ts_duration"": 1.28299999237061,
			""ts_ended"": 1779628304.436,
			""ts_skipped"": 1779628304.436,
			""ts_started"": 1779628304.299
		},
		{
			""chars"": 138,
			""speaker"": ""Prompto"",
			""text"": ""Okay we have access to water now, but it is not sufficient to cool down all our servers, choose another river to get access to more water!"",
			""ts_closed"": 1779628308.625,
			""ts_duration"": 0.532999992370605,
			""ts_ended"": 1779628308.092,
			""ts_skipped"": 1779628308.092,
			""ts_started"": 1779628307.624
		}
	],
	""electricity_choice"": {
		""ts_chosen"": 1779628290.194,
		""ts_duration"": 5.69099998474121,
		""ts_started"": 1779628284.503,
		""value"": ""far""
	},
	""land_choice"": {
		""ts_chosen"": 1779628273.741,
		""ts_duration"": 6.06900000572205,
		""ts_started"": 1779628267.672,
		""value"": ""SECOND""
	},
	""newspapers"": [
		{
			""article"": ""VILLAGE_TOO_CLOSE"",
			""ts_closed"": 1779628278.531,
			""ts_duration"": 1.29699993133545,
			""ts_opened"": 1779628277.234
		},
		{
			""article"": ""PRICES_LAPTOPS"",
			""ts_closed"": 1779628288.193,
			""ts_duration"": 1.18500018119812,
			""ts_opened"": 1779628287.008
		},
		{
			""article"": ""SCIENTIST"",
			""ts_closed"": 1779628295.688,
			""ts_duration"": 1.48199987411499,
			""ts_opened"": 1779628294.206
		},
		{
			""article"": ""WATER_CRISIS"",
			""ts_closed"": 1779628312.815,
			""ts_duration"": 1.38899993896484,
			""ts_opened"": 1779628311.426
		}
	],
	""session"": {
		""debug"": true,
		""player_name"": ""ggg"",
		""ts_duration"": 92.6060001850128,
		""ts_ended"": 1779628327.252,
		""ts_started"": 1779628234.646
	},
	""stages"": [
		{
			""index"": 1,
			""name"": ""1 1_land_choice_stage"",
			""ts_duration"": 12.1899998188019,
			""ts_ended"": 1779628279.863,
			""ts_started"": 1779628267.673
		},
		{
			""index"": 2,
			""name"": ""2 02_shop_stage"",
			""ts_duration"": 4.5699999332428,
			""ts_ended"": 1779628284.503,
			""ts_started"": 1779628279.933
		},
		{
			""index"": 3,
			""name"": ""3 03_energy_scene"",
			""ts_duration"": 12.9059998989105,
			""ts_ended"": 1779628297.411,
			""ts_started"": 1779628284.505
		},
		{
			""index"": 4,
			""name"": ""4 04_classroom_tscn"",
			""ts_duration"": 6.8030002117157,
			""ts_ended"": 1779628304.298,
			""ts_started"": 1779628297.495
		},
		{
			""index"": 5,
			""name"": ""5 4_stage"",
			""ts_duration"": 15.5429999828339,
			""ts_ended"": 1779628319.843,
			""ts_started"": 1779628304.3
		}
	],
	""water_choices"": [
		{
			""ts_chosen"": 1779628305.479,
			""ts_duration"": 1.04299998283386,
			""ts_started"": 1779628304.436,
			""value"": ""north""
		},
		{
			""ts_chosen"": 1779628308.387,
			""ts_duration"": 0.295000076293945,
			""ts_started"": 1779628308.092,
			""value"": ""north""
		}
	]
}"
"2026/05/24 4:16:47 PM GMT+3","{
	""classroom_quizzes"": [
		{
			""answer_chosen"": ""Ask AI to summarize everything."",
			""answer_correct"": false,
			""question"": ""You need to summarize a 3-page document. What's the most energy-conscious way to use AI for this?"",
			""scene"": ""Sub-scene3"",
			""ts_answerchosen"": 1779628573.579,
			""ts_duration"": 0.510999917984009,
			""ts_ended"": 1779628573.068,
			""ts_skipped"": 1779628573.068,
			""ts_started"": 1779628572.753
		},
		{
			""answer_chosen"": ""Write it yourself. Ask AI to fix unclear parts."",
			""answer_correct"": true,
			""question"": ""You want AI to help write a work email. Which prompt approach saves the most energy?"",
			""scene"": ""Sub-scene4"",
			""ts_answerchosen"": 1779628574.71,
			""ts_duration"": 0.285000085830688,
			""ts_ended"": 1779628574.425,
			""ts_skipped"": 1779628574.425,
			""ts_started"": 1779628574.32
		},
		{
			""answer_chosen"": ""Brainstorm 5 mins. Ask AI to expand your top 2–3 ideas."",
			""answer_correct"": true,
			""question"": ""You need to brainstorm ideas for a project. How do you prompt AI most sustainably?"",
			""scene"": ""Sub-scene5"",
			""ts_answerchosen"": 1779628575.26,
			""ts_duration"": 0.269999980926514,
			""ts_ended"": 1779628574.99,
			""ts_skipped"": 1779628574.99,
			""ts_started"": 1779628574.897
		}
	],
	""dialogues"": [
		{
			""chars"": 158,
			""speaker"": ""Prompto"",
			""text"": ""Hello, sfc! My name is Prompto, and I’ll be your assistant throughout the game. Before we begin, let me show you the region. \nClick on the screen to continue."",
			""ts_closed"": 1779628502.823,
			""ts_duration"": 0.546000003814697,
			""ts_ended"": 1779628502.277,
			""ts_skipped"": 1779628502.277,
			""ts_started"": 1779628501.719
		},
		{
			""chars"": 41,
			""speaker"": ""Prompto"",
			""text"": ""In the top left is the village of Pontia."",
			""ts_closed"": 1779628532.846,
			""ts_duration"": 27.289999961853,
			""ts_ended"": 1779628505.556,
			""ts_skipped"": null,
			""ts_started"": 1779628503.837
		},
		{
			""chars"": 127,
			""speaker"": ""Prompto"",
			""text"": ""This is our datacenter today. It won't keep up much longer, we need to expand! The first call is yours: show me where to build!"",
			""ts_closed"": 1779628537.827,
			""ts_duration"": 1.02799987792969,
			""ts_ended"": 1779628536.799,
			""ts_skipped"": 1779628536.799,
			""ts_started"": 1779628533.235
		},
		{
			""chars"": 335,
			""speaker"": ""Joe Sellington"",
			""text"": ""Well well, look who walked in! Don't think I've had the pleasure — what was the name again? ...sfc? Ohhh, sfc... now THAT'S a fine name. Lucky for you, today I happen to be running a special for friends with such fine names. You need 5 server racks? I got the best prices in town... today, anyway. Heh heh. Just point at what you want."",
			""ts_closed"": 1779628545.203,
			""ts_duration"": 1.25699996948242,
			""ts_ended"": 1779628543.946,
			""ts_skipped"": 1779628543.946,
			""ts_started"": 1779628543.878
		},
		{
			""chars"": 172,
			""speaker"": ""Joe Sellington"",
			""text"": ""Pleasure doing business sfc! All 5 racks, sold. Did you notice how everything else got pricier while you shopped? Bet a smart one like you can work out why. Come back soon!"",
			""ts_closed"": 1779628549.616,
			""ts_duration"": 1.8659999370575,
			""ts_ended"": 1779628547.75,
			""ts_skipped"": 1779628547.75,
			""ts_started"": 1779628546.884
		},
		{
			""chars"": 169,
			""speaker"": ""Prompto"",
			""text"": ""Ah thats a shame about the students....but your new hardware looks so good! Now we just need to power them up with electrcity. Where do you want to get electricity from?"",
			""ts_closed"": 1779628554.982,
			""ts_duration"": 1.09300017356873,
			""ts_ended"": 1779628553.889,
			""ts_skipped"": 1779628553.889,
			""ts_started"": 1779628553.24
		},
		{
			""chars"": 201,
			""speaker"": ""Prompto"",
			""text"": ""The news hurts me, but seeing our datacenter light up makes me happy!...However we now have a new problem. We are getting a lot of wasteful prompts. Should we educate our users on how to prompt better?"",
			""ts_closed"": 1779628569.103,
			""ts_duration"": 1.05999994277954,
			""ts_ended"": 1779628568.043,
			""ts_skipped"": 1779628568.043,
			""ts_started"": 1779628567.174
		},
		{
			""chars"": 260,
			""speaker"": ""Prompto"",
			""text"": ""Congratulations your education was a success! You have reduced token usage and we now have enough compute and electricity to handle all the incoming prompts. However all this now creates a heating issue, we are going to need access to water to cool our server!"",
			""ts_closed"": 1779628576.643,
			""ts_duration"": 1.12399983406067,
			""ts_ended"": 1779628575.519,
			""ts_skipped"": 1779628575.519,
			""ts_started"": 1779628575.436
		},
		{
			""chars"": 138,
			""speaker"": ""Prompto"",
			""text"": ""Okay we have access to water now, but it is not sufficient to cool down all our servers, choose another river to get access to more water!"",
			""ts_closed"": 1779628579.271,
			""ts_duration"": 0.530999898910522,
			""ts_ended"": 1779628578.74,
			""ts_skipped"": 1779628578.74,
			""ts_started"": 1779628578.55
		},
		{
			""chars"": 157,
			""speaker"": ""Ally"",
			""text"": ""This is the final report compiled by my team. Please read it carefully as it is very serious. Click any card to reveal its details, click again to hide them."",
			""ts_closed"": 1779628590.745,
			""ts_duration"": 1.31699991226196,
			""ts_ended"": 1779628589.428,
			""ts_skipped"": null,
			""ts_started"": 1779628583.905
		}
	],
	""electricity_choice"": {
		""ts_chosen"": 1779628554.742,
		""ts_duration"": 5.37100005149841,
		""ts_started"": 1779628549.371,
		""value"": ""far""
	},
	""land_choice"": {
		""ts_chosen"": 1779628537.584,
		""ts_duration"": 4.3490002155304,
		""ts_started"": 1779628533.235,
		""value"": ""FIRST""
	},
	""newspapers"": [
		{
			""article"": ""FARMLAND"",
			""ts_closed"": 1779628542.386,
			""ts_duration"": 1.30799984931946,
			""ts_opened"": 1779628541.078
		},
		{
			""article"": ""PRICES_LAPTOPS"",
			""ts_closed"": 1779628553.24,
			""ts_duration"": 1.3659999370575,
			""ts_opened"": 1779628551.874
		},
		{
			""article"": ""SCIENTIST"",
			""ts_closed"": 1779628566.162,
			""ts_duration"": 7.39299988746643,
			""ts_opened"": 1779628558.769
		},
		{
			""article"": ""WATER_CRISIS"",
			""ts_closed"": 1779628583.328,
			""ts_duration"": 1.25400018692017,
			""ts_opened"": 1779628582.074
		}
	],
	""session"": {
		""debug"": true,
		""player_name"": ""sfc"",
		""ts_duration"": 108.378000020981,
		""ts_ended"": 1779628607.093,
		""ts_started"": 1779628498.715
	},
	""stages"": [
		{
			""index"": 1,
			""name"": ""1 1_land_choice_stage"",
			""ts_duration"": 10.5920000076294,
			""ts_ended"": 1779628543.827,
			""ts_started"": 1779628533.235
		},
		{
			""index"": 2,
			""name"": ""2 02_shop_stage"",
			""ts_duration"": 5.49300003051758,
			""ts_ended"": 1779628549.371,
			""ts_started"": 1779628543.878
		},
		{
			""index"": 3,
			""name"": ""3 03_energy_scene"",
			""ts_duration"": 19.404000043869,
			""ts_ended"": 1779628568.776,
			""ts_started"": 1779628549.372
		},
		{
			""index"": 4,
			""name"": ""4 04_classroom_tscn"",
			""ts_duration"": 6.44400000572205,
			""ts_ended"": 1779628575.435,
			""ts_started"": 1779628568.991
		},
		{
			""index"": 5,
			""name"": ""5 4_stage"",
			""ts_duration"": 8.37299990653992,
			""ts_ended"": 1779628583.809,
			""ts_started"": 1779628575.436
		}
	],
	""water_choices"": [
		{
			""ts_chosen"": 1779628576.404,
			""ts_duration"": 0.884999990463257,
			""ts_started"": 1779628575.519,
			""value"": ""north""
		},
		{
			""ts_chosen"": 1779628579.03,
			""ts_duration"": 0.289999961853027,
			""ts_started"": 1779628578.74,
			""value"": ""north""
		}
	]
}"
"2026/05/25 12:29:31 PM GMT+3","{
	""classroom_quizzes"": [
		{
			""answer_chosen"": ""Read first. Pick 2–3 key points. Ask one clear question."",
			""answer_correct"": true,
			""question"": ""You need to summarize a 3-page document. What's the most energy-conscious way to use AI for this?"",
			""scene"": ""Sub-scene3"",
			""ts_answerchosen"": 1779701354.352,
			""ts_duration"": 0.323999881744385,
			""ts_ended"": 1779701354.028,
			""ts_skipped"": 1779701354.028,
			""ts_started"": 1779701353.467
		},
		{
			""answer_chosen"": ""Write it yourself. Ask AI to fix unclear parts."",
			""answer_correct"": true,
			""question"": ""You want AI to help write a work email. Which prompt approach saves the most energy?"",
			""scene"": ""Sub-scene4"",
			""ts_answerchosen"": 1779701354.893,
			""ts_duration"": 0.315999984741211,
			""ts_ended"": 1779701354.577,
			""ts_skipped"": 1779701354.576,
			""ts_started"": 1779701354.527
		},
		{
			""answer_chosen"": ""Brainstorm 5 mins. Ask AI to expand your top 2–3 ideas."",
			""answer_correct"": true,
			""question"": ""You need to brainstorm ideas for a project. How do you prompt AI most sustainably?"",
			""scene"": ""Sub-scene5"",
			""ts_answerchosen"": 1779701355.494,
			""ts_duration"": 0.349999904632568,
			""ts_ended"": 1779701355.144,
			""ts_skipped"": 1779701355.144,
			""ts_started"": 1779701355.094
		}
	],
	""dialogues"": [
		{
			""chars"": 160,
			""speaker"": ""Prompto"",
			""text"": ""Hello, test1! My name is Prompto, and I’ll be your assistant throughout the game. Before we begin, let me show you the region. \nClick on the screen to continue."",
			""ts_closed"": 1779701285.807,
			""ts_duration"": 1.23599982261658,
			""ts_ended"": 1779701284.571,
			""ts_skipped"": 1779701284.571,
			""ts_started"": 1779701283.86
		},
		{
			""chars"": 127,
			""speaker"": ""Prompto"",
			""text"": ""This is our datacenter today. It won't keep up much longer, we need to expand! The first call is yours: show me where to build!"",
			""ts_closed"": 1779701290.257,
			""ts_duration"": 1.71399998664856,
			""ts_ended"": 1779701288.543,
			""ts_skipped"": 1779701288.514,
			""ts_started"": 1779701287.01
		},
		{
			""chars"": 339,
			""speaker"": ""Joe Sellington"",
			""text"": ""Well well, look who walked in! Don't think I've had the pleasure — what was the name again? ...test1? Ohhh, test1... now THAT'S a fine name. Lucky for you, today I happen to be running a special for friends with such fine names. You need 5 server racks? I got the best prices in town... today, anyway. Heh heh. Just point at what you want."",
			""ts_closed"": 1779701309.279,
			""ts_duration"": 4.12000012397766,
			""ts_ended"": 1779701305.159,
			""ts_skipped"": 1779701305.159,
			""ts_started"": 1779701303.078
		},
		{
			""chars"": 174,
			""speaker"": ""Joe Sellington"",
			""text"": ""Pleasure doing business test1! All 5 racks, sold. Did you notice how everything else got pricier while you shopped? Bet a smart one like you can work out why. Come back soon!"",
			""ts_closed"": 1779701319.873,
			""ts_duration"": 1.59299993515015,
			""ts_ended"": 1779701318.28,
			""ts_skipped"": 1779701318.28,
			""ts_started"": 1779701313.28
		},
		{
			""chars"": 169,
			""speaker"": ""Prompto"",
			""text"": ""Ah thats a shame about the students....but your new hardware looks so good! Now we just need to power them up with electrcity. Where do you want to get electricity from?"",
			""ts_closed"": 1779701334.581,
			""ts_duration"": 6.2260000705719,
			""ts_ended"": 1779701328.355,
			""ts_skipped"": 1779701328.355,
			""ts_started"": 1779701326.949
		},
		{
			""chars"": 201,
			""speaker"": ""Prompto"",
			""text"": ""The news hurts me, but seeing our datacenter light up makes me happy!...However we now have a new problem. We are getting a lot of wasteful prompts. Should we educate our users on how to prompt better?"",
			""ts_closed"": 1779701348.678,
			""ts_duration"": 3.10899996757507,
			""ts_ended"": 1779701345.569,
			""ts_skipped"": 1779701345.569,
			""ts_started"": 1779701344.111
		},
		{
			""chars"": 260,
			""speaker"": ""Prompto"",
			""text"": ""Congratulations your education was a success! You have reduced token usage and we now have enough compute and electricity to handle all the incoming prompts. However all this now creates a heating issue, we are going to need access to water to cool our server!"",
			""ts_closed"": 1779701361.215,
			""ts_duration"": 2.99499988555908,
			""ts_ended"": 1779701358.22,
			""ts_skipped"": 1779701358.22,
			""ts_started"": 1779701355.913
		},
		{
			""chars"": 138,
			""speaker"": ""Prompto"",
			""text"": ""Okay we have access to water now, but it is not sufficient to cool down all our servers, choose another river to get access to more water!"",
			""ts_closed"": 1779701365.174,
			""ts_duration"": 2.04200005531311,
			""ts_ended"": 1779701363.132,
			""ts_skipped"": 1779701363.132,
			""ts_started"": 1779701362.038
		}
	],
	""electricity_choice"": {
		""ts_chosen"": 1779701334.316,
		""ts_duration"": 14.7079999446869,
		""ts_started"": 1779701319.608,
		""value"": ""close""
	},
	""land_choice"": {
		""ts_chosen"": 1779701290.026,
		""ts_duration"": 3.01699995994568,
		""ts_started"": 1779701287.009,
		""value"": ""FIRST""
	},
	""newspapers"": [
		{
			""article"": ""FARMLAND"",
			""ts_closed"": 1779701298.405,
			""ts_duration"": 4.91000008583069,
			""ts_opened"": 1779701293.495
		},
		{
			""article"": ""PRICES_LAPTOPS"",
			""ts_closed"": 1779701326.949,
			""ts_duration"": 4.82799983024597,
			""ts_opened"": 1779701322.121
		},
		{
			""article"": ""WINTER"",
			""ts_closed"": 1779701343.083,
			""ts_duration"": 4.76199984550476,
			""ts_opened"": 1779701338.321
		},
		{
			""article"": ""WATER_CRISIS"",
			""ts_closed"": 1779701368.204,
			""ts_duration"": 1.55800008773804,
			""ts_opened"": 1779701366.646
		}
	],
	""session"": {
		""debug"": true,
		""player_name"": ""test1"",
		""ts_duration"": 91.8129999637604,
		""ts_ended"": 1779701371.112,
		""ts_started"": 1779701279.299
	},
	""stages"": [
		{
			""index"": 1,
			""name"": ""1 1_land_choice_stage"",
			""ts_duration"": 16.0499999523163,
			""ts_ended"": 1779701303.06,
			""ts_started"": 1779701287.01
		},
		{
			""index"": 2,
			""name"": ""2 02_shop_stage"",
			""ts_duration"": 16.529000043869,
			""ts_ended"": 1779701319.608,
			""ts_started"": 1779701303.079
		},
		{
			""index"": 3,
			""name"": ""3 03_energy_scene"",
			""ts_duration"": 28.808000087738,
			""ts_ended"": 1779701348.417,
			""ts_started"": 1779701319.609
		},
		{
			""index"": 4,
			""name"": ""4 04_classroom_tscn"",
			""ts_duration"": 7.46599984169006,
			""ts_ended"": 1779701355.912,
			""ts_started"": 1779701348.446
		},
		{
			""index"": 5,
			""name"": ""5 4_stage"",
			""ts_duration"": 12.2909998893738,
			""ts_ended"": 1779701368.204,
			""ts_started"": 1779701355.913
		}
	],
	""water_choices"": [
		{
			""ts_chosen"": 1779701360.865,
			""ts_duration"": 2.64499998092651,
			""ts_started"": 1779701358.22,
			""value"": ""east""
		},
		{
			""ts_chosen"": 1779701364.923,
			""ts_duration"": 1.79100012779236,
			""ts_started"": 1779701363.132,
			""value"": ""west""
		}
	]
}"
"2026/05/25 12:59:12 PM GMT+3","{
	""classroom_quizzes"": [
		{
			""answer_chosen"": ""Read first. Pick 2–3 key points. Ask one clear question."",
			""answer_correct"": true,
			""question"": ""You need to summarize a 3-page document. What's the most energy-conscious way to use AI for this?"",
			""scene"": ""Sub-scene3"",
			""ts_answerchosen"": 1779701503.568,
			""ts_duration"": 0.297000169754028,
			""ts_ended"": 1779701503.271,
			""ts_skipped"": 1779701503.271,
			""ts_started"": 1779701502.743
		},
		{
			""answer_chosen"": ""Write it yourself. Ask AI to fix unclear parts."",
			""answer_correct"": true,
			""question"": ""You want AI to help write a work email. Which prompt approach saves the most energy?"",
			""scene"": ""Sub-scene4"",
			""ts_answerchosen"": 1779701504.069,
			""ts_duration"": 0.299000024795532,
			""ts_ended"": 1779701503.77,
			""ts_skipped"": 1779701503.77,
			""ts_started"": 1779701503.704
		},
		{
			""answer_chosen"": ""Brainstorm 5 mins. Ask AI to expand your top 2–3 ideas."",
			""answer_correct"": true,
			""question"": ""You need to brainstorm ideas for a project. How do you prompt AI most sustainably?"",
			""scene"": ""Sub-scene5"",
			""ts_answerchosen"": 1779701504.55,
			""ts_duration"": 0.286999940872192,
			""ts_ended"": 1779701504.263,
			""ts_skipped"": 1779701504.263,
			""ts_started"": 1779701504.197
		}
	],
	""dialogues"": [
		{
			""chars"": 160,
			""speaker"": ""Prompto"",
			""text"": ""Hello, test1! My name is Prompto, and I’ll be your assistant throughout the game. Before we begin, let me show you the region. \nClick on the screen to continue."",
			""ts_closed"": 1779701428.479,
			""ts_duration"": 1.36700010299683,
			""ts_ended"": 1779701427.112,
			""ts_skipped"": 1779701427.112,
			""ts_started"": 1779701426.647
		},
		{
			""chars"": 127,
			""speaker"": ""Prompto"",
			""text"": ""This is our datacenter today. It won't keep up much longer, we need to expand! The first call is yours: show me where to build!"",
			""ts_closed"": 1779701435.777,
			""ts_duration"": 2.00399994850159,
			""ts_ended"": 1779701433.773,
			""ts_skipped"": null,
			""ts_started"": 1779701429.209
		},
		{
			""chars"": 339,
			""speaker"": ""Joe Sellington"",
			""text"": ""Well well, look who walked in! Don't think I've had the pleasure — what was the name again? ...test1? Ohhh, test1... now THAT'S a fine name. Lucky for you, today I happen to be running a special for friends with such fine names. You need 5 server racks? I got the best prices in town... today, anyway. Heh heh. Just point at what you want."",
			""ts_closed"": 1779701447.152,
			""ts_duration"": 1.53499984741211,
			""ts_ended"": 1779701445.617,
			""ts_skipped"": 1779701445.617,
			""ts_started"": 1779701443.289
		},
		{
			""chars"": 174,
			""speaker"": ""Joe Sellington"",
			""text"": ""Pleasure doing business test1! All 5 racks, sold. Did you notice how everything else got pricier while you shopped? Bet a smart one like you can work out why. Come back soon!"",
			""ts_closed"": 1779701474.47,
			""ts_duration"": 1.64499998092651,
			""ts_ended"": 1779701472.825,
			""ts_skipped"": 1779701472.825,
			""ts_started"": 1779701469.352
		},
		{
			""chars"": 169,
			""speaker"": ""Prompto"",
			""text"": ""Ah thats a shame about the students....but your new hardware looks so good! Now we just need to power them up with electrcity. Where do you want to get electricity from?"",
			""ts_closed"": 1779701490.055,
			""ts_duration"": 10.4000000953674,
			""ts_ended"": 1779701479.655,
			""ts_skipped"": 1779701479.655,
			""ts_started"": 1779701478.32
		},
		{
			""chars"": 201,
			""speaker"": ""Prompto"",
			""text"": ""The news hurts me, but seeing our datacenter light up makes me happy!...However we now have a new problem. We are getting a lot of wasteful prompts. Should we educate our users on how to prompt better?"",
			""ts_closed"": 1779701499.118,
			""ts_duration"": 1.30100011825562,
			""ts_ended"": 1779701497.817,
			""ts_skipped"": 1779701497.817,
			""ts_started"": 1779701496.733
		},
		{
			""chars"": 260,
			""speaker"": ""Prompto"",
			""text"": ""Congratulations your education was a success! You have reduced token usage and we now have enough compute and electricity to handle all the incoming prompts. However all this now creates a heating issue, we are going to need access to water to cool our server!"",
			""ts_closed"": 1779701506.254,
			""ts_duration"": 1.42199993133545,
			""ts_ended"": 1779701504.832,
			""ts_skipped"": 1779701504.832,
			""ts_started"": 1779701504.747
		},
		{
			""chars"": 138,
			""speaker"": ""Prompto"",
			""text"": ""Okay we have access to water now, but it is not sufficient to cool down all our servers, choose another river to get access to more water!"",
			""ts_closed"": 1779701510.553,
			""ts_duration"": 1.58200001716614,
			""ts_ended"": 1779701508.971,
			""ts_skipped"": 1779701508.971,
			""ts_started"": 1779701508.068
		},
		{
			""chars"": 157,
			""speaker"": ""Ally"",
			""text"": ""This is the final report compiled by my team. Please read it carefully as it is very serious. Click any card to reveal its details, click again to hide them."",
			""ts_closed"": 1779701536.249,
			""ts_duration"": 2.76600003242493,
			""ts_ended"": 1779701533.483,
			""ts_skipped"": null,
			""ts_started"": 1779701527.911
		}
	],
	""electricity_choice"": {
		""ts_chosen"": 1779701489.798,
		""ts_duration"": 15.6160001754761,
		""ts_started"": 1779701474.182,
		""value"": ""far""
	},
	""land_choice"": {
		""ts_chosen"": 1779701435.549,
		""ts_duration"": 6.33999991416931,
		""ts_started"": 1779701429.209,
		""value"": ""FIRST""
	},
	""newspapers"": [
		{
			""article"": ""FARMLAND"",
			""ts_closed"": 1779701440.973,
			""ts_duration"": 1.95900011062622,
			""ts_opened"": 1779701439.014
		},
		{
			""article"": ""PRICES_LAPTOPS"",
			""ts_closed"": 1779701478.319,
			""ts_duration"": 1.61800003051758,
			""ts_opened"": 1779701476.701
		},
		{
			""article"": ""SCIENTIST"",
			""ts_closed"": 1779701495.724,
			""ts_duration"": 1.92599987983704,
			""ts_opened"": 1779701493.798
		},
		{
			""article"": ""WATER_CRISIS"",
			""ts_closed"": 1779701516.086,
			""ts_duration"": 2.75799989700317,
			""ts_opened"": 1779701513.328
		}
	],
	""session"": {
		""debug"": true,
		""player_name"": ""test1"",
		""ts_duration"": 1731.91899991035,
		""ts_ended"": 1779703151.955,
		""ts_started"": 1779701420.036
	},
	""stages"": [
		{
			""index"": 1,
			""name"": ""1 1_land_choice_stage"",
			""ts_duration"": 14.039999961853,
			""ts_ended"": 1779701443.249,
			""ts_started"": 1779701429.209
		},
		{
			""index"": 2,
			""name"": ""2 02_shop_stage"",
			""ts_duration"": 30.8929998874664,
			""ts_ended"": 1779701474.182,
			""ts_started"": 1779701443.289
		},
		{
			""index"": 3,
			""name"": ""3 03_energy_scene"",
			""ts_duration"": 24.7019999027252,
			""ts_ended"": 1779701498.885,
			""ts_started"": 1779701474.183
		},
		{
			""index"": 4,
			""name"": ""4 04_classroom_tscn"",
			""ts_duration"": 5.83299994468689,
			""ts_ended"": 1779701504.747,
			""ts_started"": 1779701498.914
		},
		{
			""index"": 5,
			""name"": ""5 4_stage"",
			""ts_duration"": 23.1240000724792,
			""ts_ended"": 1779701527.871,
			""ts_started"": 1779701504.747
		}
	],
	""water_choices"": [
		{
			""ts_chosen"": 1779701505.98,
			""ts_duration"": 1.14800000190735,
			""ts_started"": 1779701504.832,
			""value"": ""north""
		},
		{
			""ts_chosen"": 1779701510.286,
			""ts_duration"": 1.31500005722046,
			""ts_started"": 1779701508.971,
			""value"": ""north""
		}
	]
}"
"2026/05/25 12:59:57 PM GMT+3","{
	""classroom_quizzes"": [],
	""dialogues"": [],
	""electricity_choice"": null,
	""land_choice"": null,
	""newspapers"": [],
	""session"": {
		""debug"": true,
		""player_name"": """",
		""ts_duration"": 1779703197.386,
		""ts_ended"": 1779703197.386,
		""ts_started"": 0.0
	},
	""stages"": [],
	""water_choices"": []
}"
"2026/05/25 1:48:15 PM GMT+3","{
	""classroom_quizzes"": [
		{
			""answer_chosen"": ""Read first. Pick 2–3 key points. Ask one clear question."",
			""answer_correct"": true,
			""question"": ""You need to summarize a 3-page document. What's the most energy-conscious way to use AI for this?"",
			""scene"": ""Sub-scene3"",
			""ts_answerchosen"": 1779703301.731,
			""ts_duration"": 0.532999992370605,
			""ts_ended"": 1779703301.198,
			""ts_skipped"": 1779703301.198,
			""ts_started"": 1779703300.868
		},
		{
			""answer_chosen"": ""Write it yourself. Ask AI to fix unclear parts."",
			""answer_correct"": true,
			""question"": ""You want AI to help write a work email. Which prompt approach saves the most energy?"",
			""scene"": ""Sub-scene4"",
			""ts_answerchosen"": 1779703302.216,
			""ts_duration"": 0.243000030517578,
			""ts_ended"": 1779703301.973,
			""ts_skipped"": 1779703301.973,
			""ts_started"": 1779703301.88
		},
		{
			""answer_chosen"": ""Brainstorm 5 mins. Ask AI to expand your top 2–3 ideas."",
			""answer_correct"": true,
			""question"": ""You need to brainstorm ideas for a project. How do you prompt AI most sustainably?"",
			""scene"": ""Sub-scene5"",
			""ts_answerchosen"": 1779703302.713,
			""ts_duration"": 0.259999990463257,
			""ts_ended"": 1779703302.453,
			""ts_skipped"": 1779703302.453,
			""ts_started"": 1779703302.382
		}
	],
	""dialogues"": [
		{
			""chars"": 127,
			""speaker"": ""Prompto"",
			""text"": ""This is our datacenter today. It won't keep up much longer, we need to expand! The first call is yours: show me where to build!"",
			""ts_closed"": 1779703266.941,
			""ts_duration"": 0.469000101089478,
			""ts_ended"": 1779703266.472,
			""ts_skipped"": 1779703266.472,
			""ts_started"": 1779703264.328
		},
		{
			""chars"": 337,
			""speaker"": ""Joe Sellington"",
			""text"": ""Well well, look who walked in! Don't think I've had the pleasure — what was the name again? ...sdsd? Ohhh, sdsd... now THAT'S a fine name. Lucky for you, today I happen to be running a special for friends with such fine names. You need 5 server racks? I got the best prices in town... today, anyway. Heh heh. Just point at what you want."",
			""ts_closed"": 1779703278.225,
			""ts_duration"": 1.48399996757507,
			""ts_ended"": 1779703276.741,
			""ts_skipped"": 1779703276.741,
			""ts_started"": 1779703274.285
		},
		{
			""chars"": 173,
			""speaker"": ""Joe Sellington"",
			""text"": ""Pleasure doing business sdsd! All 5 racks, sold. Did you notice how everything else got pricier while you shopped? Bet a smart one like you can work out why. Come back soon!"",
			""ts_closed"": 1779703281.526,
			""ts_duration"": 1.14400005340576,
			""ts_ended"": 1779703280.382,
			""ts_skipped"": 1779703280.382,
			""ts_started"": 1779703279.593
		},
		{
			""chars"": 169,
			""speaker"": ""Prompto"",
			""text"": ""Ah thats a shame about the students....but your new hardware looks so good! Now we just need to power them up with electrcity. Where do you want to get electricity from?"",
			""ts_closed"": 1779703287.925,
			""ts_duration"": 1.55799984931946,
			""ts_ended"": 1779703286.367,
			""ts_skipped"": 1779703286.367,
			""ts_started"": 1779703285.445
		},
		{
			""chars"": 201,
			""speaker"": ""Prompto"",
			""text"": ""The news hurts me, but seeing our datacenter light up makes me happy!...However we now have a new problem. We are getting a lot of wasteful prompts. Should we educate our users on how to prompt better?"",
			""ts_closed"": 1779703297.212,
			""ts_duration"": 1.41699981689453,
			""ts_ended"": 1779703295.795,
			""ts_skipped"": 1779703295.795,
			""ts_started"": 1779703294.876
		},
		{
			""chars"": 260,
			""speaker"": ""Prompto"",
			""text"": ""Congratulations your education was a success! You have reduced token usage and we now have enough compute and electricity to handle all the incoming prompts. However all this now creates a heating issue, we are going to need access to water to cool our server!"",
			""ts_closed"": 1779703304.393,
			""ts_duration"": 1.39499998092651,
			""ts_ended"": 1779703302.998,
			""ts_skipped"": 1779703302.998,
			""ts_started"": 1779703302.948
		},
		{
			""chars"": 138,
			""speaker"": ""Prompto"",
			""text"": ""Okay we have access to water now, but it is not sufficient to cool down all our servers, choose another river to get access to more water!"",
			""ts_closed"": 1779703308.212,
			""ts_duration"": 1.26199984550476,
			""ts_ended"": 1779703306.95,
			""ts_skipped"": 1779703306.95,
			""ts_started"": 1779703306.314
		},
		{
			""chars"": 157,
			""speaker"": ""Ally"",
			""text"": ""This is the final report compiled by my team. Please read it carefully as it is very serious. Click any card to reveal its details, click again to hide them."",
			""ts_closed"": 1779703318.302,
			""ts_duration"": 0.969000101089478,
			""ts_ended"": 1779703317.333,
			""ts_skipped"": 1779703317.333,
			""ts_started"": 1779703315.924
		}
	],
	""electricity_choice"": {
		""ts_chosen"": 1779703287.728,
		""ts_duration"": 6.45199990272522,
		""ts_started"": 1779703281.276,
		""value"": ""far""
	},
	""land_choice"": {
		""ts_chosen"": 1779703266.792,
		""ts_duration"": 2.46500015258789,
		""ts_started"": 1779703264.327,
		""value"": ""FIRST""
	},
	""newspapers"": [
		{
			""article"": ""FARMLAND"",
			""ts_closed"": 1779703271.963,
			""ts_duration"": 1.78600001335144,
			""ts_opened"": 1779703270.177
		},
		{
			""article"": ""PRICES_LAPTOPS"",
			""ts_closed"": 1779703285.444,
			""ts_duration"": 1.67000007629395,
			""ts_opened"": 1779703283.774
		},
		{
			""article"": ""SCIENTIST"",
			""ts_closed"": 1779703293.861,
			""ts_duration"": 2.17700004577637,
			""ts_opened"": 1779703291.684
		},
		{
			""article"": ""WATER_CRISIS"",
			""ts_closed"": 1779703313.291,
			""ts_duration"": 2.27699995040894,
			""ts_opened"": 1779703311.014
		}
	],
	""session"": {
		""debug"": true,
		""player_name"": ""sdsd"",
		""ts_duration"": 2833.97800016403,
		""ts_ended"": 1779706094.512,
		""ts_started"": 1779703260.534
	},
	""stages"": [
		{
			""index"": 1,
			""name"": ""1 1_land_choice_stage"",
			""ts_duration"": 9.92799997329712,
			""ts_ended"": 1779703274.256,
			""ts_started"": 1779703264.328
		},
		{
			""index"": 2,
			""name"": ""2 02_shop_stage"",
			""ts_duration"": 6.9909999370575,
			""ts_ended"": 1779703281.276,
			""ts_started"": 1779703274.285
		},
		{
			""index"": 3,
			""name"": ""3 03_energy_scene"",
			""ts_duration"": 15.7009999752045,
			""ts_ended"": 1779703296.978,
			""ts_started"": 1779703281.277
		},
		{
			""index"": 4,
			""name"": ""4 04_classroom_tscn"",
			""ts_duration"": 5.94000005722046,
			""ts_ended"": 1779703302.947,
			""ts_started"": 1779703297.007
		},
		{
			""index"": 5,
			""name"": ""5 4_stage"",
			""ts_duration"": 12.9390001296997,
			""ts_ended"": 1779703315.887,
			""ts_started"": 1779703302.948
		}
	],
	""water_choices"": [
		{
			""ts_chosen"": 1779703304.164,
			""ts_duration"": 1.16600012779236,
			""ts_started"": 1779703302.998,
			""value"": ""north""
		},
		{
			""ts_chosen"": 1779703307.85,
			""ts_duration"": 0.899999856948853,
			""ts_started"": 1779703306.95,
			""value"": ""north""
		}
	]
}"
"2026/05/25 9:58:21 PM GMT+3","{
	""classroom_quizzes"": [
		{
			""answer_chosen"": ""Ask AI to summarize everything."",
			""answer_correct"": false,
			""question"": ""You need to summarize a 3-page document. What's the most energy-conscious way to use AI for this?"",
			""scene"": ""Sub-scene3"",
			""ts_answerchosen"": 1779735183.747,
			""ts_duration"": 49.4479999542236,
			""ts_ended"": 1779735134.299,
			""ts_skipped"": null,
			""ts_started"": 1779735131.849
		},
		{
			""answer_chosen"": ""Write it yourself. Ask AI to fix unclear parts."",
			""answer_correct"": true,
			""question"": ""You want AI to help write a work email. Which prompt approach saves the most energy?"",
			""scene"": ""Sub-scene4"",
			""ts_answerchosen"": 1779735198.413,
			""ts_duration"": 5.78400015830994,
			""ts_ended"": 1779735192.629,
			""ts_skipped"": null,
			""ts_started"": 1779735190.513
		},
		{
			""answer_chosen"": ""Brainstorm 5 mins. Ask AI to expand your top 2–3 ideas."",
			""answer_correct"": true,
			""question"": ""You need to brainstorm ideas for a project. How do you prompt AI most sustainably?"",
			""scene"": ""Sub-scene5"",
			""ts_answerchosen"": 1779735213.646,
			""ts_duration"": 5.43499994277954,
			""ts_ended"": 1779735208.211,
			""ts_skipped"": null,
			""ts_started"": 1779735206.146
		}
	],
	""dialogues"": [
		{
			""chars"": 159,
			""speaker"": ""Prompto"",
			""text"": ""Hello, Debb! My name is Prompto, and I’ll be your assistant throughout the game. Before we begin, let me show you the region. \nClick on the screen to continue."",
			""ts_closed"": 1779734826.254,
			""ts_duration"": 3.6399998664856,
			""ts_ended"": 1779734822.614,
			""ts_skipped"": null,
			""ts_started"": 1779734816.949
		},
		{
			""chars"": 41,
			""speaker"": ""Prompto"",
			""text"": ""In the top left is the village of Pontia."",
			""ts_closed"": 1779734832.897,
			""ts_duration"": 3.93300008773804,
			""ts_ended"": 1779734828.964,
			""ts_skipped"": null,
			""ts_started"": 1779734827.248
		},
		{
			""chars"": 38,
			""speaker"": ""Prompto"",
			""text"": ""In the top center you'll find Petalia."",
			""ts_closed"": 1779734839.931,
			""ts_duration"": 4.41700005531311,
			""ts_ended"": 1779734835.514,
			""ts_skipped"": null,
			""ts_started"": 1779734833.898
		},
		{
			""chars"": 36,
			""speaker"": ""Prompto"",
			""text"": ""And on the bottom right is Fontania."",
			""ts_closed"": 1779734848.764,
			""ts_duration"": 6.28399991989136,
			""ts_ended"": 1779734842.48,
			""ts_skipped"": null,
			""ts_started"": 1779734840.931
		},
		{
			""chars"": 139,
			""speaker"": ""Prompto"",
			""text"": ""Your AI datacenter is located in the center. Any buildings, infrastructure, or assets you own will be highlighted in your company's colors."",
			""ts_closed"": 1779734857.947,
			""ts_duration"": 3.18300008773804,
			""ts_ended"": 1779734854.764,
			""ts_skipped"": null,
			""ts_started"": 1779734849.763
		},
		{
			""chars"": 223,
			""speaker"": ""Prompto"",
			""text"": ""I monitor AI demand across the region. Recently, I detected a dramatic increase in requests coming from all three villages. Our current infrastructure can no longer keep up with demand. If we do nothing, requests will fail."",
			""ts_closed"": 1779734869.995,
			""ts_duration"": 3.24899983406067,
			""ts_ended"": 1779734866.746,
			""ts_skipped"": null,
			""ts_started"": 1779734858.948
		},
		{
			""chars"": 127,
			""speaker"": ""Prompto"",
			""text"": ""This is our datacenter today. It won't keep up much longer, we need to expand! The first call is yours: show me where to build!"",
			""ts_closed"": 1779734906.661,
			""ts_duration"": 32.0659999847412,
			""ts_ended"": 1779734874.595,
			""ts_skipped"": null,
			""ts_started"": 1779734869.996
		},
		{
			""chars"": 337,
			""speaker"": ""Joe Sellington"",
			""text"": ""Well well, look who walked in! Don't think I've had the pleasure — what was the name again? ...Debb? Ohhh, Debb... now THAT'S a fine name. Lucky for you, today I happen to be running a special for friends with such fine names. You need 5 server racks? I got the best prices in town... today, anyway. Heh heh. Just point at what you want."",
			""ts_closed"": 1779734967.525,
			""ts_duration"": 6.0,
			""ts_ended"": 1779734961.525,
			""ts_skipped"": null,
			""ts_started"": 1779734949.98
		},
		{
			""chars"": 173,
			""speaker"": ""Joe Sellington"",
			""text"": ""Pleasure doing business Debb! All 5 racks, sold. Did you notice how everything else got pricier while you shopped? Bet a smart one like you can work out why. Come back soon!"",
			""ts_closed"": 1779735016.205,
			""ts_duration"": 7.76699995994568,
			""ts_ended"": 1779735008.438,
			""ts_skipped"": null,
			""ts_started"": 1779735002.324
		},
		{
			""chars"": 169,
			""speaker"": ""Prompto"",
			""text"": ""Ah thats a shame about the students....but your new hardware looks so good! Now we just need to power them up with electrcity. Where do you want to get electricity from?"",
			""ts_closed"": 1779735073.285,
			""ts_duration"": 20.8980000019073,
			""ts_ended"": 1779735052.387,
			""ts_skipped"": null,
			""ts_started"": 1779735046.387
		},
		{
			""chars"": 201,
			""speaker"": ""Prompto"",
			""text"": ""The news hurts me, but seeing our datacenter light up makes me happy!...However we now have a new problem. We are getting a lot of wasteful prompts. Should we educate our users on how to prompt better?"",
			""ts_closed"": 1779735116.783,
			""ts_duration"": 7.24900007247925,
			""ts_ended"": 1779735109.534,
			""ts_skipped"": null,
			""ts_started"": 1779735102.467
		},
		{
			""chars"": 260,
			""speaker"": ""Prompto"",
			""text"": ""Congratulations your education was a success! You have reduced token usage and we now have enough compute and electricity to handle all the incoming prompts. However all this now creates a heating issue, we are going to need access to water to cool our server!"",
			""ts_closed"": 1779735239.844,
			""ts_duration"": 10.3330001831055,
			""ts_ended"": 1779735229.511,
			""ts_skipped"": null,
			""ts_started"": 1779735220.513
		},
		{
			""chars"": 138,
			""speaker"": ""Prompto"",
			""text"": ""Okay we have access to water now, but it is not sufficient to cool down all our servers, choose another river to get access to more water!"",
			""ts_closed"": 1779735268.925,
			""ts_duration"": 22.2159998416901,
			""ts_ended"": 1779735246.709,
			""ts_skipped"": null,
			""ts_started"": 1779735241.744
		},
		{
			""chars"": 157,
			""speaker"": ""Ally"",
			""text"": ""This is the final report compiled by my team. Please read it carefully as it is very serious. Click any card to reveal its details, click again to hide them."",
			""ts_closed"": 1779735320.772,
			""ts_duration"": 3.68200016021729,
			""ts_ended"": 1779735317.09,
			""ts_skipped"": null,
			""ts_started"": 1779735311.588
		}
	],
	""electricity_choice"": {
		""ts_chosen"": 1779735073.035,
		""ts_duration"": 57.0980000495911,
		""ts_started"": 1779735015.937,
		""value"": ""close""
	},
	""land_choice"": {
		""ts_chosen"": 1779734906.412,
		""ts_duration"": 36.4159998893738,
		""ts_started"": 1779734869.996,
		""value"": ""SECOND""
	},
	""newspapers"": [
		{
			""article"": ""VILLAGE_TOO_CLOSE"",
			""ts_closed"": 1779734942.625,
			""ts_duration"": 32.7149999141693,
			""ts_opened"": 1779734909.91
		},
		{
			""article"": ""PRICES_LAPTOPS"",
			""ts_closed"": 1779735046.386,
			""ts_duration"": 27.9319999217987,
			""ts_opened"": 1779735018.454
		},
		{
			""article"": ""WINTER"",
			""ts_closed"": 1779735101.45,
			""ts_duration"": 24.3989999294281,
			""ts_opened"": 1779735077.051
		},
		{
			""article"": ""WATER_CRISIS"",
			""ts_closed"": 1779735298.757,
			""ts_duration"": 28.3659999370575,
			""ts_opened"": 1779735270.391
		}
	],
	""session"": {
		""debug"": true,
		""player_name"": ""Debb"",
		""ts_duration"": 709.84700012207,
		""ts_ended"": 1779735499.296,
		""ts_started"": 1779734789.449
	},
	""stages"": [
		{
			""index"": 0,
			""name"": ""0 01_intro_stage"",
			""ts_duration"": 80.5259997844696,
			""ts_ended"": 1779734869.995,
			""ts_started"": 1779734789.469
		},
		{
			""index"": 1,
			""name"": ""1 1_land_choice_stage"",
			""ts_duration"": 79.9449999332428,
			""ts_ended"": 1779734949.941,
			""ts_started"": 1779734869.996
		},
		{
			""index"": 2,
			""name"": ""2 02_shop_stage"",
			""ts_duration"": 65.9570000171661,
			""ts_ended"": 1779735015.937,
			""ts_started"": 1779734949.98
		},
		{
			""index"": 3,
			""name"": ""3 03_energy_scene"",
			""ts_duration"": 100.595999956131,
			""ts_ended"": 1779735116.534,
			""ts_started"": 1779735015.938
		},
		{
			""index"": 4,
			""name"": ""4 04_classroom_tscn"",
			""ts_duration"": 103.907999992371,
			""ts_ended"": 1779735220.512,
			""ts_started"": 1779735116.604
		},
		{
			""index"": 5,
			""name"": ""5 4_stage"",
			""ts_duration"": 90.9779999256134,
			""ts_ended"": 1779735311.491,
			""ts_started"": 1779735220.513
		}
	],
	""water_choices"": [
		{
			""ts_chosen"": 1779735239.594,
			""ts_duration"": 10.0830001831055,
			""ts_started"": 1779735229.511,
			""value"": ""north""
		},
		{
			""ts_chosen"": 1779735268.675,
			""ts_duration"": 21.9659998416901,
			""ts_started"": 1779735246.709,
			""value"": ""west""
		}
	]
}"
"2026/05/26 1:01:03 AM GMT+3","{
	""classroom_quizzes"": [
		{
			""answer_chosen"": ""Read first. Pick 2–3 key points. Ask one clear question."",
			""answer_correct"": true,
			""question"": ""You need to summarize a 3-page document. What's the most energy-conscious way to use AI for this?"",
			""scene"": ""Sub-scene3"",
			""ts_answerchosen"": 1779746215.52,
			""ts_duration"": 0.313999891281128,
			""ts_ended"": 1779746215.206,
			""ts_skipped"": 1779746215.206,
			""ts_started"": 1779746214.704
		},
		{
			""answer_chosen"": ""Write it yourself. Ask AI to fix unclear parts."",
			""answer_correct"": true,
			""question"": ""You want AI to help write a work email. Which prompt approach saves the most energy?"",
			""scene"": ""Sub-scene4"",
			""ts_answerchosen"": 1779746216.037,
			""ts_duration"": 0.299999952316284,
			""ts_ended"": 1779746215.737,
			""ts_skipped"": 1779746215.737,
			""ts_started"": 1779746215.67
		},
		{
			""answer_chosen"": ""Brainstorm 5 mins. Ask AI to expand your top 2–3 ideas."",
			""answer_correct"": true,
			""question"": ""You need to brainstorm ideas for a project. How do you prompt AI most sustainably?"",
			""scene"": ""Sub-scene5"",
			""ts_answerchosen"": 1779746216.637,
			""ts_duration"": 0.348000049591064,
			""ts_ended"": 1779746216.289,
			""ts_skipped"": 1779746216.289,
			""ts_started"": 1779746216.221
		}
	],
	""dialogues"": [
		{
			""chars"": 157,
			""speaker"": ""Prompto"",
			""text"": ""Hello, gf! My name is Prompto, and I’ll be your assistant throughout the game. Before we begin, let me show you the region. \nClick on the screen to continue."",
			""ts_closed"": 1779746171.504,
			""ts_duration"": 4.34500002861023,
			""ts_ended"": 1779746167.159,
			""ts_skipped"": 1779746167.159,
			""ts_started"": 1779746166.493
		},
		{
			""chars"": 127,
			""speaker"": ""Prompto"",
			""text"": ""This is our datacenter today. It won't keep up much longer, we need to expand! The first call is yours: show me where to build!"",
			""ts_closed"": 1779746174.944,
			""ts_duration"": 1.59899997711182,
			""ts_ended"": 1779746173.345,
			""ts_skipped"": 1779746173.345,
			""ts_started"": 1779746172.311
		},
		{
			""chars"": 333,
			""speaker"": ""Joe Sellington"",
			""text"": ""Well well, look who walked in! Don't think I've had the pleasure — what was the name again? ...gf? Ohhh, gf... now THAT'S a fine name. Lucky for you, today I happen to be running a special for friends with such fine names. You need 5 server racks? I got the best prices in town... today, anyway. Heh heh. Just point at what you want."",
			""ts_closed"": 1779746187.232,
			""ts_duration"": 1.99600005149841,
			""ts_ended"": 1779746185.236,
			""ts_skipped"": 1779746185.236,
			""ts_started"": 1779746182.284
		},
		{
			""chars"": 171,
			""speaker"": ""Joe Sellington"",
			""text"": ""Pleasure doing business gf! All 5 racks, sold. Did you notice how everything else got pricier while you shopped? Bet a smart one like you can work out why. Come back soon!"",
			""ts_closed"": 1779746192.048,
			""ts_duration"": 1.54000020027161,
			""ts_ended"": 1779746190.508,
			""ts_skipped"": 1779746190.508,
			""ts_started"": 1779746189.391
		},
		{
			""chars"": 169,
			""speaker"": ""Prompto"",
			""text"": ""Ah thats a shame about the students....but your new hardware looks so good! Now we just need to power them up with electrcity. Where do you want to get electricity from?"",
			""ts_closed"": 1779746199.014,
			""ts_duration"": 1.56599998474121,
			""ts_ended"": 1779746197.448,
			""ts_skipped"": 1779746197.448,
			""ts_started"": 1779746196.172
		},
		{
			""chars"": 201,
			""speaker"": ""Prompto"",
			""text"": ""The news hurts me, but seeing our datacenter light up makes me happy!...However we now have a new problem. We are getting a lot of wasteful prompts. Should we educate our users on how to prompt better?"",
			""ts_closed"": 1779746210.351,
			""ts_duration"": 1.40000009536743,
			""ts_ended"": 1779746208.951,
			""ts_skipped"": 1779746208.951,
			""ts_started"": 1779746207.851
		},
		{
			""chars"": 260,
			""speaker"": ""Prompto"",
			""text"": ""Congratulations your education was a success! You have reduced token usage and we now have enough compute and electricity to handle all the incoming prompts. However all this now creates a heating issue, we are going to need access to water to cool our server!"",
			""ts_closed"": 1779746218.894,
			""ts_duration"": 1.97300004959106,
			""ts_ended"": 1779746216.921,
			""ts_skipped"": 1779746216.921,
			""ts_started"": 1779746216.855
		},
		{
			""chars"": 138,
			""speaker"": ""Prompto"",
			""text"": ""Okay we have access to water now, but it is not sufficient to cool down all our servers, choose another river to get access to more water!"",
			""ts_closed"": 1779746222.469,
			""ts_duration"": 0.932000160217285,
			""ts_ended"": 1779746221.537,
			""ts_skipped"": 1779746221.537,
			""ts_started"": 1779746220.803
		},
		{
			""chars"": 157,
			""speaker"": ""Ally"",
			""text"": ""This is the final report compiled by my team. Please read it carefully as it is very serious. Click any card to reveal its details, click again to hide them."",
			""ts_closed"": 1779746237.2,
			""ts_duration"": 2.35000014305115,
			""ts_ended"": 1779746234.85,
			""ts_skipped"": null,
			""ts_started"": 1779746229.314
		}
	],
	""electricity_choice"": {
		""ts_chosen"": 1779746198.765,
		""ts_duration"": 6.99100017547607,
		""ts_started"": 1779746191.774,
		""value"": ""far""
	},
	""land_choice"": {
		""ts_chosen"": 1779746174.695,
		""ts_duration"": 2.38399982452393,
		""ts_started"": 1779746172.311,
		""value"": ""FIRST""
	},
	""newspapers"": [
		{
			""article"": ""FARMLAND"",
			""ts_closed"": 1779746180.096,
			""ts_duration"": 1.90100002288818,
			""ts_opened"": 1779746178.195
		},
		{
			""article"": ""PRICES_LAPTOPS"",
			""ts_closed"": 1779746196.172,
			""ts_duration"": 1.88399982452393,
			""ts_opened"": 1779746194.288
		},
		{
			""article"": ""SCIENTIST"",
			""ts_closed"": 1779746206.816,
			""ts_duration"": 4.04800009727478,
			""ts_opened"": 1779746202.768
		},
		{
			""article"": ""WATER_CRISIS"",
			""ts_closed"": 1779746227.056,
			""ts_duration"": 1.80200004577637,
			""ts_opened"": 1779746225.254
		}
	],
	""session"": {
		""debug"": true,
		""player_name"": ""gf"",
		""ts_duration"": 301.746000051498,
		""ts_ended"": 1779746462.762,
		""ts_started"": 1779746161.016
	},
	""stages"": [
		{
			""index"": 1,
			""name"": ""1 1_land_choice_stage"",
			""ts_duration"": 9.94799995422363,
			""ts_ended"": 1779746182.259,
			""ts_started"": 1779746172.311
		},
		{
			""index"": 2,
			""name"": ""2 02_shop_stage"",
			""ts_duration"": 9.49000000953674,
			""ts_ended"": 1779746191.774,
			""ts_started"": 1779746182.284
		},
		{
			""index"": 3,
			""name"": ""3 03_energy_scene"",
			""ts_duration"": 18.3269999027252,
			""ts_ended"": 1779746210.102,
			""ts_started"": 1779746191.775
		},
		{
			""index"": 4,
			""name"": ""4 04_classroom_tscn"",
			""ts_duration"": 6.72499990463257,
			""ts_ended"": 1779746216.855,
			""ts_started"": 1779746210.13
		},
		{
			""index"": 5,
			""name"": ""5 4_stage"",
			""ts_duration"": 12.4189999103546,
			""ts_ended"": 1779746229.274,
			""ts_started"": 1779746216.855
		}
	],
	""water_choices"": [
		{
			""ts_chosen"": 1779746218.653,
			""ts_duration"": 1.73200011253357,
			""ts_started"": 1779746216.921,
			""value"": ""north""
		},
		{
			""ts_chosen"": 1779746222.221,
			""ts_duration"": 0.684000015258789,
			""ts_started"": 1779746221.537,
			""value"": ""north""
		}
	]
}"
"2026/05/26 1:11:06 AM GMT+3","{
	""classroom_quizzes"": [
		{
			""answer_chosen"": ""Read first. Pick 2–3 key points. Ask one clear question."",
			""answer_correct"": true,
			""question"": ""You need to summarize a 3-page document. What's the most energy-conscious way to use AI for this?"",
			""scene"": ""Sub-scene3"",
			""ts_answerchosen"": 1779747010.193,
			""ts_duration"": 0.220000028610229,
			""ts_ended"": 1779747009.973,
			""ts_skipped"": 1779747009.973,
			""ts_started"": 1779747009.127
		},
		{
			""answer_chosen"": ""Write it yourself. Ask AI to fix unclear parts."",
			""answer_correct"": true,
			""question"": ""You want AI to help write a work email. Which prompt approach saves the most energy?"",
			""scene"": ""Sub-scene4"",
			""ts_answerchosen"": 1779747010.625,
			""ts_duration"": 0.216000080108643,
			""ts_ended"": 1779747010.409,
			""ts_skipped"": 1779747010.409,
			""ts_started"": 1779747010.342
		},
		{
			""answer_chosen"": ""Brainstorm 5 mins. Ask AI to expand your top 2–3 ideas."",
			""answer_correct"": true,
			""question"": ""You need to brainstorm ideas for a project. How do you prompt AI most sustainably?"",
			""scene"": ""Sub-scene5"",
			""ts_answerchosen"": 1779747011.044,
			""ts_duration"": 0.220000028610229,
			""ts_ended"": 1779747010.824,
			""ts_skipped"": 1779747010.824,
			""ts_started"": 1779747010.743
		}
	],
	""dialogues"": [
		{
			""chars"": 157,
			""speaker"": ""Prompto"",
			""text"": ""Hello, sd! My name is Prompto, and I’ll be your assistant throughout the game. Before we begin, let me show you the region. \nClick on the screen to continue."",
			""ts_closed"": 1779746778.203,
			""ts_duration"": 2.10000014305115,
			""ts_ended"": 1779746776.103,
			""ts_skipped"": 1779746776.103,
			""ts_started"": 1779746775.953
		},
		{
			""chars"": 127,
			""speaker"": ""Prompto"",
			""text"": ""This is our datacenter today. It won't keep up much longer, we need to expand! The first call is yours: show me where to build!"",
			""ts_closed"": 1779746946.129,
			""ts_duration"": 162.332999944687,
			""ts_ended"": 1779746783.796,
			""ts_skipped"": null,
			""ts_started"": 1779746779.238
		},
		{
			""chars"": 333,
			""speaker"": ""Joe Sellington"",
			""text"": ""Well well, look who walked in! Don't think I've had the pleasure — what was the name again? ...sd? Ohhh, sd... now THAT'S a fine name. Lucky for you, today I happen to be running a special for friends with such fine names. You need 5 server racks? I got the best prices in town... today, anyway. Heh heh. Just point at what you want."",
			""ts_closed"": 1779746966.569,
			""ts_duration"": 1.63199996948242,
			""ts_ended"": 1779746964.937,
			""ts_skipped"": null,
			""ts_started"": 1779746953.495
		},
		{
			""chars"": 171,
			""speaker"": ""Joe Sellington"",
			""text"": ""Pleasure doing business sd! All 5 racks, sold. Did you notice how everything else got pricier while you shopped? Bet a smart one like you can work out why. Come back soon!"",
			""ts_closed"": 1779746978.256,
			""ts_duration"": 2.04900002479553,
			""ts_ended"": 1779746976.207,
			""ts_skipped"": null,
			""ts_started"": 1779746970.159
		},
		{
			""chars"": 169,
			""speaker"": ""Prompto"",
			""text"": ""Ah thats a shame about the students....but your new hardware looks so good! Now we just need to power them up with electrcity. Where do you want to get electricity from?"",
			""ts_closed"": 1779746996.647,
			""ts_duration"": 1.70800018310547,
			""ts_ended"": 1779746994.939,
			""ts_skipped"": 1779746994.939,
			""ts_started"": 1779746994.189
		},
		{
			""chars"": 201,
			""speaker"": ""Prompto"",
			""text"": ""The news hurts me, but seeing our datacenter light up makes me happy!...However we now have a new problem. We are getting a lot of wasteful prompts. Should we educate our users on how to prompt better?"",
			""ts_closed"": 1779747005.423,
			""ts_duration"": 1.29700016975403,
			""ts_ended"": 1779747004.126,
			""ts_skipped"": 1779747004.126,
			""ts_started"": 1779747003.388
		},
		{
			""chars"": 260,
			""speaker"": ""Prompto"",
			""text"": ""Congratulations your education was a success! You have reduced token usage and we now have enough compute and electricity to handle all the incoming prompts. However all this now creates a heating issue, we are going to need access to water to cool our server!"",
			""ts_closed"": 1779747013.555,
			""ts_duration"": 1.43099999427795,
			""ts_ended"": 1779747012.124,
			""ts_skipped"": 1779747012.124,
			""ts_started"": 1779747011.461
		},
		{
			""chars"": 138,
			""speaker"": ""Prompto"",
			""text"": ""Okay we have access to water now, but it is not sufficient to cool down all our servers, choose another river to get access to more water!"",
			""ts_closed"": 1779747017.456,
			""ts_duration"": 1.08700013160706,
			""ts_ended"": 1779747016.369,
			""ts_skipped"": 1779747016.369,
			""ts_started"": 1779747015.474
		},
		{
			""chars"": 157,
			""speaker"": ""Ally"",
			""text"": ""This is the final report compiled by my team. Please read it carefully as it is very serious. Click any card to reveal its details, click again to hide them."",
			""ts_closed"": 1779747027.461,
			""ts_duration"": 1.83299994468689,
			""ts_ended"": 1779747025.628,
			""ts_skipped"": 1779747025.628,
			""ts_started"": 1779747024.061
		}
	],
	""electricity_choice"": {
		""ts_chosen"": 1779746996.406,
		""ts_duration"": 18.4159998893738,
		""ts_started"": 1779746977.99,
		""value"": ""far""
	},
	""land_choice"": {
		""ts_chosen"": 1779746945.881,
		""ts_duration"": 166.644000053406,
		""ts_started"": 1779746779.237,
		""value"": ""FIRST""
	},
	""newspapers"": [
		{
			""article"": ""FARMLAND"",
			""ts_closed"": 1779746951.123,
			""ts_duration"": 1.74199986457825,
			""ts_opened"": 1779746949.381
		},
		{
			""article"": ""PRICES_LAPTOPS"",
			""ts_closed"": 1779746994.189,
			""ts_duration"": 13.6839997768402,
			""ts_opened"": 1779746980.505
		},
		{
			""article"": ""SCIENTIST"",
			""ts_closed"": 1779747002.372,
			""ts_duration"": 1.96700000762939,
			""ts_opened"": 1779747000.405
		},
		{
			""article"": ""WATER_CRISIS"",
			""ts_closed"": 1779747021.958,
			""ts_duration"": 1.70000004768372,
			""ts_opened"": 1779747020.258
		}
	],
	""session"": {
		""debug"": true,
		""player_name"": ""sd"",
		""ts_duration"": 295.80999994278,
		""ts_ended"": 1779747066.559,
		""ts_started"": 1779746770.749
	},
	""stages"": [
		{
			""index"": 1,
			""name"": ""1 1_land_choice_stage"",
			""ts_duration"": 174.231000185013,
			""ts_ended"": 1779746953.469,
			""ts_started"": 1779746779.238
		},
		{
			""index"": 2,
			""name"": ""2 02_shop_stage"",
			""ts_duration"": 24.4950001239777,
			""ts_ended"": 1779746977.99,
			""ts_started"": 1779746953.495
		},
		{
			""index"": 3,
			""name"": ""3 03_energy_scene"",
			""ts_duration"": 27.1819999217987,
			""ts_ended"": 1779747005.174,
			""ts_started"": 1779746977.992
		},
		{
			""index"": 4,
			""name"": ""4 04_classroom_tscn"",
			""ts_duration"": 6.25099992752075,
			""ts_ended"": 1779747011.46,
			""ts_started"": 1779747005.209
		},
		{
			""index"": 5,
			""name"": ""5 4_stage"",
			""ts_duration"": 12.5659999847412,
			""ts_ended"": 1779747024.027,
			""ts_started"": 1779747011.461
		}
	],
	""water_choices"": [
		{
			""ts_chosen"": 1779747013.307,
			""ts_duration"": 1.18299984931946,
			""ts_started"": 1779747012.124,
			""value"": ""north""
		},
		{
			""ts_chosen"": 1779747017.207,
			""ts_duration"": 0.838000059127808,
			""ts_started"": 1779747016.369,
			""value"": ""north""
		}
	]
}"
"2026/05/26 1:16:27 AM GMT+3","{
	""classroom_quizzes"": [
		{
			""answer_chosen"": ""Read first. Pick 2–3 key points. Ask one clear question."",
			""answer_correct"": true,
			""question"": ""You need to summarize a 3-page document. What's the most energy-conscious way to use AI for this?"",
			""scene"": ""Sub-scene3"",
			""ts_answerchosen"": 1779747261.883,
			""ts_duration"": 0.309999942779541,
			""ts_ended"": 1779747261.573,
			""ts_skipped"": 1779747261.573,
			""ts_started"": 1779747260.709
		},
		{
			""answer_chosen"": ""Write it yourself. Ask AI to fix unclear parts."",
			""answer_correct"": true,
			""question"": ""You want AI to help write a work email. Which prompt approach saves the most energy?"",
			""scene"": ""Sub-scene4"",
			""ts_answerchosen"": 1779747262.467,
			""ts_duration"": 0.266000032424927,
			""ts_ended"": 1779747262.201,
			""ts_skipped"": 1779747262.2,
			""ts_started"": 1779747262.084
		},
		{
			""answer_chosen"": ""Brainstorm 5 mins. Ask AI to expand your top 2–3 ideas."",
			""answer_correct"": true,
			""question"": ""You need to brainstorm ideas for a project. How do you prompt AI most sustainably?"",
			""scene"": ""Sub-scene5"",
			""ts_answerchosen"": 1779747264.936,
			""ts_duration"": 0.717000007629395,
			""ts_ended"": 1779747264.219,
			""ts_skipped"": 1779747264.219,
			""ts_started"": 1779747262.584
		}
	],
	""dialogues"": [
		{
			""chars"": 127,
			""speaker"": ""Prompto"",
			""text"": ""This is our datacenter today. It won't keep up much longer, we need to expand! The first call is yours: show me where to build!"",
			""ts_closed"": 1779747227.76,
			""ts_duration"": 1.51399993896484,
			""ts_ended"": 1779747226.246,
			""ts_skipped"": 1779747226.246,
			""ts_started"": 1779747225.962
		},
		{
			""chars"": 339,
			""speaker"": ""Joe Sellington"",
			""text"": ""Well well, look who walked in! Don't think I've had the pleasure — what was the name again? ...tests? Ohhh, tests... now THAT'S a fine name. Lucky for you, today I happen to be running a special for friends with such fine names. You need 5 server racks? I got the best prices in town... today, anyway. Heh heh. Just point at what you want."",
			""ts_closed"": 1779747238.549,
			""ts_duration"": 1.34899997711182,
			""ts_ended"": 1779747237.2,
			""ts_skipped"": 1779747237.2,
			""ts_started"": 1779747236.32
		},
		{
			""chars"": 174,
			""speaker"": ""Joe Sellington"",
			""text"": ""Pleasure doing business tests! All 5 racks, sold. Did you notice how everything else got pricier while you shopped? Bet a smart one like you can work out why. Come back soon!"",
			""ts_closed"": 1779747241.856,
			""ts_duration"": 1.26699995994568,
			""ts_ended"": 1779747240.589,
			""ts_skipped"": 1779747240.589,
			""ts_started"": 1779747239.791
		},
		{
			""chars"": 169,
			""speaker"": ""Prompto"",
			""text"": ""Ah thats a shame about the students....but your new hardware looks so good! Now we just need to power them up with electrcity. Where do you want to get electricity from?"",
			""ts_closed"": 1779747247.789,
			""ts_duration"": 1.24300003051758,
			""ts_ended"": 1779747246.546,
			""ts_skipped"": 1779747246.546,
			""ts_started"": 1779747245.848
		},
		{
			""chars"": 201,
			""speaker"": ""Prompto"",
			""text"": ""The news hurts me, but seeing our datacenter light up makes me happy!...However we now have a new problem. We are getting a lot of wasteful prompts. Should we educate our users on how to prompt better?"",
			""ts_closed"": 1779747256.317,
			""ts_duration"": 1.06799983978271,
			""ts_ended"": 1779747255.249,
			""ts_skipped"": 1779747255.249,
			""ts_started"": 1779747255.072
		},
		{
			""chars"": 260,
			""speaker"": ""Prompto"",
			""text"": ""Congratulations your education was a success! You have reduced token usage and we now have enough compute and electricity to handle all the incoming prompts. However all this now creates a heating issue, we are going to need access to water to cool our server!"",
			""ts_closed"": 1779747266.641,
			""ts_duration"": 1.40700006484985,
			""ts_ended"": 1779747265.234,
			""ts_skipped"": 1779747265.234,
			""ts_started"": 1779747265.151
		},
		{
			""chars"": 138,
			""speaker"": ""Prompto"",
			""text"": ""Okay we have access to water now, but it is not sufficient to cool down all our servers, choose another river to get access to more water!"",
			""ts_closed"": 1779747272.107,
			""ts_duration"": 1.21400022506714,
			""ts_ended"": 1779747270.893,
			""ts_skipped"": 1779747270.893,
			""ts_started"": 1779747268.576
		},
		{
			""chars"": 157,
			""speaker"": ""Ally"",
			""text"": ""This is the final report compiled by my team. Please read it carefully as it is very serious. Click any card to reveal its details, click again to hide them."",
			""ts_closed"": 1779747284.876,
			""ts_duration"": 1.0149998664856,
			""ts_ended"": 1779747283.861,
			""ts_skipped"": 1779747283.861,
			""ts_started"": 1779747279.176
		}
	],
	""electricity_choice"": {
		""ts_chosen"": 1779747247.54,
		""ts_duration"": 5.94899988174438,
		""ts_started"": 1779747241.591,
		""value"": ""far""
	},
	""land_choice"": {
		""ts_chosen"": 1779747227.514,
		""ts_duration"": 1.55200004577637,
		""ts_started"": 1779747225.962,
		""value"": ""FIRST""
	},
	""newspapers"": [
		{
			""article"": ""FARMLAND"",
			""ts_closed"": 1779747233.596,
			""ts_duration"": 2.6010000705719,
			""ts_opened"": 1779747230.995
		},
		{
			""article"": ""PRICES_LAPTOPS"",
			""ts_closed"": 1779747245.847,
			""ts_duration"": 1.74199986457825,
			""ts_opened"": 1779747244.105
		},
		{
			""article"": ""SCIENTIST"",
			""ts_closed"": 1779747254.057,
			""ts_duration"": 2.50899982452393,
			""ts_opened"": 1779747251.548
		},
		{
			""article"": ""WATER_CRISIS"",
			""ts_closed"": 1779747276.641,
			""ts_duration"": 1.79100012779236,
			""ts_opened"": 1779747274.85
		}
	],
	""session"": {
		""debug"": true,
		""player_name"": ""tests"",
		""ts_duration"": 166.12700009346,
		""ts_ended"": 1779747387.236,
		""ts_started"": 1779747221.109
	},
	""stages"": [
		{
			""index"": 1,
			""name"": ""1 1_land_choice_stage"",
			""ts_duration"": 10.3360002040863,
			""ts_ended"": 1779747236.298,
			""ts_started"": 1779747225.962
		},
		{
			""index"": 2,
			""name"": ""2 02_shop_stage"",
			""ts_duration"": 5.27100014686584,
			""ts_ended"": 1779747241.591,
			""ts_started"": 1779747236.32
		},
		{
			""index"": 3,
			""name"": ""3 03_energy_scene"",
			""ts_duration"": 14.4749999046326,
			""ts_ended"": 1779747256.066,
			""ts_started"": 1779747241.591
		},
		{
			""index"": 4,
			""name"": ""4 04_classroom_tscn"",
			""ts_duration"": 9.05700016021729,
			""ts_ended"": 1779747265.15,
			""ts_started"": 1779747256.093
		},
		{
			""index"": 5,
			""name"": ""5 4_stage"",
			""ts_duration"": 13.9909999370575,
			""ts_ended"": 1779747279.142,
			""ts_started"": 1779747265.151
		}
	],
	""water_choices"": [
		{
			""ts_chosen"": 1779747266.391,
			""ts_duration"": 1.15700006484985,
			""ts_started"": 1779747265.234,
			""value"": ""north""
		},
		{
			""ts_chosen"": 1779747271.853,
			""ts_duration"": 0.960000038146973,
			""ts_started"": 1779747270.893,
			""value"": ""north""
		}
	]
}"
"2026/05/26 1:30:02 AM GMT+3","{
	""classroom_quizzes"": [
		{
			""answer_chosen"": ""Read first. Pick 2–3 key points. Ask one clear question."",
			""answer_correct"": true,
			""question"": ""You need to summarize a 3-page document. What's the most energy-conscious way to use AI for this?"",
			""scene"": ""Sub-scene3"",
			""ts_answerchosen"": 1779748157.097,
			""ts_duration"": 0.81499981880188,
			""ts_ended"": 1779748156.282,
			""ts_skipped"": 1779748156.282,
			""ts_started"": 1779748155.567
		},
		{
			""answer_chosen"": ""Write it yourself. Ask AI to fix unclear parts."",
			""answer_correct"": true,
			""question"": ""You want AI to help write a work email. Which prompt approach saves the most energy?"",
			""scene"": ""Sub-scene4"",
			""ts_answerchosen"": 1779748157.996,
			""ts_duration"": 0.52400016784668,
			""ts_ended"": 1779748157.472,
			""ts_skipped"": 1779748157.472,
			""ts_started"": 1779748157.258
		},
		{
			""answer_chosen"": ""Brainstorm 5 mins. Ask AI to expand your top 2–3 ideas."",
			""answer_correct"": true,
			""question"": ""You need to brainstorm ideas for a project. How do you prompt AI most sustainably?"",
			""scene"": ""Sub-scene5"",
			""ts_answerchosen"": 1779748159.01,
			""ts_duration"": 0.53600001335144,
			""ts_ended"": 1779748158.474,
			""ts_skipped"": 1779748158.474,
			""ts_started"": 1779748158.163
		}
	],
	""dialogues"": [
		{
			""chars"": 163,
			""speaker"": ""Prompto"",
			""text"": ""Hello, AlexTest! My name is Prompto, and I’ll be your assistant throughout the game. Before we begin, let me show you the region. \nClick on the screen to continue."",
			""ts_closed"": 1779748092.998,
			""ts_duration"": 2.08899998664856,
			""ts_ended"": 1779748090.909,
			""ts_skipped"": 1779748090.909,
			""ts_started"": 1779748089.733
		},
		{
			""chars"": 41,
			""speaker"": ""Prompto"",
			""text"": ""In the top left is the village of Pontia."",
			""ts_closed"": 1779748095.707,
			""ts_duration"": 0.953000068664551,
			""ts_ended"": 1779748094.754,
			""ts_skipped"": 1779748094.754,
			""ts_started"": 1779748094.007
		},
		{
			""chars"": 38,
			""speaker"": ""Prompto"",
			""text"": ""In the top center you'll find Petalia."",
			""ts_closed"": 1779748098.741,
			""ts_duration"": 0.833999872207642,
			""ts_ended"": 1779748097.907,
			""ts_skipped"": 1779748097.907,
			""ts_started"": 1779748096.7
		},
		{
			""chars"": 127,
			""speaker"": ""Prompto"",
			""text"": ""This is our datacenter today. It won't keep up much longer, we need to expand! The first call is yours: show me where to build!"",
			""ts_closed"": 1779748107.652,
			""ts_duration"": 4.41700005531311,
			""ts_ended"": 1779748103.235,
			""ts_skipped"": 1779748103.235,
			""ts_started"": 1779748099.23
		},
		{
			""chars"": 345,
			""speaker"": ""Joe Sellington"",
			""text"": ""Well well, look who walked in! Don't think I've had the pleasure — what was the name again? ...AlexTest? Ohhh, AlexTest... now THAT'S a fine name. Lucky for you, today I happen to be running a special for friends with such fine names. You need 5 server racks? I got the best prices in town... today, anyway. Heh heh. Just point at what you want."",
			""ts_closed"": 1779748124.423,
			""ts_duration"": 2.98200011253357,
			""ts_ended"": 1779748121.441,
			""ts_skipped"": 1779748121.441,
			""ts_started"": 1779748119.584
		},
		{
			""chars"": 177,
			""speaker"": ""Joe Sellington"",
			""text"": ""Pleasure doing business AlexTest! All 5 racks, sold. Did you notice how everything else got pricier while you shopped? Bet a smart one like you can work out why. Come back soon!"",
			""ts_closed"": 1779748129.516,
			""ts_duration"": 1.88300013542175,
			""ts_ended"": 1779748127.633,
			""ts_skipped"": 1779748127.633,
			""ts_started"": 1779748126.03
		},
		{
			""chars"": 169,
			""speaker"": ""Prompto"",
			""text"": ""Ah thats a shame about the students....but your new hardware looks so good! Now we just need to power them up with electrcity. Where do you want to get electricity from?"",
			""ts_closed"": 1779748137.717,
			""ts_duration"": 2.32500004768372,
			""ts_ended"": 1779748135.392,
			""ts_skipped"": 1779748135.392,
			""ts_started"": 1779748134.236
		},
		{
			""chars"": 201,
			""speaker"": ""Prompto"",
			""text"": ""The news hurts me, but seeing our datacenter light up makes me happy!...However we now have a new problem. We are getting a lot of wasteful prompts. Should we educate our users on how to prompt better?"",
			""ts_closed"": 1779748150.52,
			""ts_duration"": 3.35599994659424,
			""ts_ended"": 1779748147.164,
			""ts_skipped"": 1779748147.164,
			""ts_started"": 1779748144.82
		},
		{
			""chars"": 260,
			""speaker"": ""Prompto"",
			""text"": ""Congratulations your education was a success! You have reduced token usage and we now have enough compute and electricity to handle all the incoming prompts. However all this now creates a heating issue, we are going to need access to water to cool our server!"",
			""ts_closed"": 1779748162.156,
			""ts_duration"": 2.09499979019165,
			""ts_ended"": 1779748160.061,
			""ts_skipped"": 1779748160.061,
			""ts_started"": 1779748159.169
		},
		{
			""chars"": 138,
			""speaker"": ""Prompto"",
			""text"": ""Okay we have access to water now, but it is not sufficient to cool down all our servers, choose another river to get access to more water!"",
			""ts_closed"": 1779748167.641,
			""ts_duration"": 1.67600011825562,
			""ts_ended"": 1779748165.965,
			""ts_skipped"": 1779748165.965,
			""ts_started"": 1779748164.049
		},
		{
			""chars"": 157,
			""speaker"": ""Ally"",
			""text"": ""This is the final report compiled by my team. Please read it carefully as it is very serious. Click any card to reveal its details, click again to hide them."",
			""ts_closed"": 1779748180.471,
			""ts_duration"": 1.37599992752075,
			""ts_ended"": 1779748179.095,
			""ts_skipped"": 1779748179.095,
			""ts_started"": 1779748175.488
		}
	],
	""electricity_choice"": {
		""ts_chosen"": 1779748137.482,
		""ts_duration"": 8.23200011253357,
		""ts_started"": 1779748129.25,
		""value"": ""far""
	},
	""land_choice"": {
		""ts_chosen"": 1779748107.363,
		""ts_duration"": 8.14499998092651,
		""ts_started"": 1779748099.218,
		""value"": ""SECOND""
	},
	""newspapers"": [
		{
			""article"": ""VILLAGE_TOO_CLOSE"",
			""ts_closed"": 1779748116.095,
			""ts_duration"": 5.19199991226196,
			""ts_opened"": 1779748110.903
		},
		{
			""article"": ""PRICES_LAPTOPS"",
			""ts_closed"": 1779748134.233,
			""ts_duration"": 2.46700000762939,
			""ts_opened"": 1779748131.766
		},
		{
			""article"": ""SCIENTIST"",
			""ts_closed"": 1779748143.801,
			""ts_duration"": 2.29800009727478,
			""ts_opened"": 1779748141.503
		},
		{
			""article"": ""WATER_CRISIS"",
			""ts_closed"": 1779748173.084,
			""ts_duration"": 2.65799999237061,
			""ts_opened"": 1779748170.426
		}
	],
	""session"": {
		""debug"": false,
		""player_name"": ""AlexTest"",
		""ts_duration"": 118.226999998093,
		""ts_ended"": 1779748202.541,
		""ts_started"": 1779748084.314
	},
	""stages"": [
		{
			""index"": 1,
			""name"": ""1 1_land_choice_stage"",
			""ts_duration"": 20.308000087738,
			""ts_ended"": 1779748119.538,
			""ts_started"": 1779748099.23
		},
		{
			""index"": 2,
			""name"": ""2 02_shop_stage"",
			""ts_duration"": 9.66599988937378,
			""ts_ended"": 1779748129.25,
			""ts_started"": 1779748119.584
		},
		{
			""index"": 3,
			""name"": ""3 03_energy_scene"",
			""ts_duration"": 19.4370000362396,
			""ts_ended"": 1779748148.703,
			""ts_started"": 1779748129.266
		},
		{
			""index"": 4,
			""name"": ""4 04_classroom_tscn"",
			""ts_duration"": 10.4319999217987,
			""ts_ended"": 1779748159.165,
			""ts_started"": 1779748148.733
		},
		{
			""index"": 5,
			""name"": ""5 4_stage"",
			""ts_duration"": 16.2660000324249,
			""ts_ended"": 1779748175.435,
			""ts_started"": 1779748159.169
		}
	],
	""water_choices"": [
		{
			""ts_chosen"": 1779748161.896,
			""ts_duration"": 1.83499979972839,
			""ts_started"": 1779748160.061,
			""value"": ""north""
		},
		{
			""ts_chosen"": 1779748167.392,
			""ts_duration"": 1.42700004577637,
			""ts_started"": 1779748165.965,
			""value"": ""north""
		}
	]
}"
"2026/05/26 1:35:13 AM GMT+3","{
	""classroom_quizzes"": [
		{
			""answer_chosen"": ""Read first. Pick 2–3 key points. Ask one clear question."",
			""answer_correct"": true,
			""question"": ""You need to summarize a 3-page document. What's the most energy-conscious way to use AI for this?"",
			""scene"": ""Sub-scene3"",
			""ts_answerchosen"": 1779748490.17,
			""ts_duration"": 0.24399995803833,
			""ts_ended"": 1779748489.926,
			""ts_skipped"": 1779748489.926,
			""ts_started"": 1779748489.336
		},
		{
			""answer_chosen"": ""Write it yourself. Ask AI to fix unclear parts."",
			""answer_correct"": true,
			""question"": ""You want AI to help write a work email. Which prompt approach saves the most energy?"",
			""scene"": ""Sub-scene4"",
			""ts_answerchosen"": 1779748490.638,
			""ts_duration"": 0.223000049591064,
			""ts_ended"": 1779748490.415,
			""ts_skipped"": 1779748490.415,
			""ts_started"": 1779748490.305
		},
		{
			""answer_chosen"": ""Brainstorm 5 mins. Ask AI to expand your top 2–3 ideas."",
			""answer_correct"": true,
			""question"": ""You need to brainstorm ideas for a project. How do you prompt AI most sustainably?"",
			""scene"": ""Sub-scene5"",
			""ts_answerchosen"": 1779748491.169,
			""ts_duration"": 0.245999813079834,
			""ts_ended"": 1779748490.923,
			""ts_skipped"": 1779748490.923,
			""ts_started"": 1779748490.816
		}
	],
	""dialogues"": [
		{
			""chars"": 127,
			""speaker"": ""Prompto"",
			""text"": ""This is our datacenter today. It won't keep up much longer, we need to expand! The first call is yours: show me where to build!"",
			""ts_closed"": 1779748429.617,
			""ts_duration"": 1.69300007820129,
			""ts_ended"": 1779748427.924,
			""ts_skipped"": 1779748427.924,
			""ts_started"": 1779748425.062
		},
		{
			""chars"": 347,
			""speaker"": ""Joe Sellington"",
			""text"": ""Well well, look who walked in! Don't think I've had the pleasure — what was the name again? ...AlexTest2? Ohhh, AlexTest2... now THAT'S a fine name. Lucky for you, today I happen to be running a special for friends with such fine names. You need 5 server racks? I got the best prices in town... today, anyway. Heh heh. Just point at what you want."",
			""ts_closed"": 1779748457.438,
			""ts_duration"": 1.60999989509583,
			""ts_ended"": 1779748455.828,
			""ts_skipped"": 1779748455.828,
			""ts_started"": 1779748454.683
		},
		{
			""chars"": 178,
			""speaker"": ""Joe Sellington"",
			""text"": ""Pleasure doing business AlexTest2! All 5 racks, sold. Did you notice how everything else got pricier while you shopped? Bet a smart one like you can work out why. Come back soon!"",
			""ts_closed"": 1779748463.389,
			""ts_duration"": 1.70700001716614,
			""ts_ended"": 1779748461.682,
			""ts_skipped"": 1779748461.682,
			""ts_started"": 1779748459.135
		},
		{
			""chars"": 169,
			""speaker"": ""Prompto"",
			""text"": ""Ah thats a shame about the students....but your new hardware looks so good! Now we just need to power them up with electrcity. Where do you want to get electricity from?"",
			""ts_closed"": 1779748473.733,
			""ts_duration"": 2.76999998092651,
			""ts_ended"": 1779748470.963,
			""ts_skipped"": 1779748470.963,
			""ts_started"": 1779748467.602
		},
		{
			""chars"": 201,
			""speaker"": ""Prompto"",
			""text"": ""The news hurts me, but seeing our datacenter light up makes me happy!...However we now have a new problem. We are getting a lot of wasteful prompts. Should we educate our users on how to prompt better?"",
			""ts_closed"": 1779748485.895,
			""ts_duration"": 3.17300009727478,
			""ts_ended"": 1779748482.722,
			""ts_skipped"": 1779748482.722,
			""ts_started"": 1779748480.302
		},
		{
			""chars"": 260,
			""speaker"": ""Prompto"",
			""text"": ""Congratulations your education was a success! You have reduced token usage and we now have enough compute and electricity to handle all the incoming prompts. However all this now creates a heating issue, we are going to need access to water to cool our server!"",
			""ts_closed"": 1779748492.88,
			""ts_duration"": 1.40900015830994,
			""ts_ended"": 1779748491.471,
			""ts_skipped"": 1779748491.471,
			""ts_started"": 1779748491.357
		},
		{
			""chars"": 138,
			""speaker"": ""Prompto"",
			""text"": ""Okay we have access to water now, but it is not sufficient to cool down all our servers, choose another river to get access to more water!"",
			""ts_closed"": 1779748496.53,
			""ts_duration"": 1.68400001525879,
			""ts_ended"": 1779748494.846,
			""ts_skipped"": 1779748494.846,
			""ts_started"": 1779748494.796
		},
		{
			""chars"": 157,
			""speaker"": ""Ally"",
			""text"": ""This is the final report compiled by my team. Please read it carefully as it is very serious. Click any card to reveal its details, click again to hide them."",
			""ts_closed"": 1779748507.274,
			""ts_duration"": 1.42999982833862,
			""ts_ended"": 1779748505.844,
			""ts_skipped"": 1779748505.844,
			""ts_started"": 1779748503.868
		}
	],
	""electricity_choice"": {
		""ts_chosen"": 1779748473.478,
		""ts_duration"": 10.3719999790192,
		""ts_started"": 1779748463.106,
		""value"": ""far""
	},
	""land_choice"": {
		""ts_chosen"": 1779748429.364,
		""ts_duration"": 4.30800008773804,
		""ts_started"": 1779748425.056,
		""value"": ""FIRST""
	},
	""newspapers"": [
		{
			""article"": ""FARMLAND"",
			""ts_closed"": 1779748452.594,
			""ts_duration"": 19.7269999980927,
			""ts_opened"": 1779748432.867
		},
		{
			""article"": ""PRICES_LAPTOPS"",
			""ts_closed"": 1779748467.599,
			""ts_duration"": 1.95799994468689,
			""ts_opened"": 1779748465.641
		},
		{
			""article"": ""SCIENTIST"",
			""ts_closed"": 1779748479.285,
			""ts_duration"": 1.79200005531311,
			""ts_opened"": 1779748477.493
		},
		{
			""article"": ""WATER_CRISIS"",
			""ts_closed"": 1779748501.123,
			""ts_duration"": 1.79999995231628,
			""ts_opened"": 1779748499.323
		}
	],
	""session"": {
		""debug"": false,
		""player_name"": ""AlexTest2"",
		""ts_duration"": 97.2840001583099,
		""ts_ended"": 1779748513.522,
		""ts_started"": 1779748416.238
	},
	""stages"": [
		{
			""index"": 1,
			""name"": ""1 1_land_choice_stage"",
			""ts_duration"": 29.585000038147,
			""ts_ended"": 1779748454.647,
			""ts_started"": 1779748425.062
		},
		{
			""index"": 2,
			""name"": ""2 02_shop_stage"",
			""ts_duration"": 8.4229998588562,
			""ts_ended"": 1779748463.106,
			""ts_started"": 1779748454.683
		},
		{
			""index"": 3,
			""name"": ""3 03_energy_scene"",
			""ts_duration"": 21.0590000152588,
			""ts_ended"": 1779748484.181,
			""ts_started"": 1779748463.122
		},
		{
			""index"": 4,
			""name"": ""4 04_classroom_tscn"",
			""ts_duration"": 7.132000207901,
			""ts_ended"": 1779748491.354,
			""ts_started"": 1779748484.222
		},
		{
			""index"": 5,
			""name"": ""5 4_stage"",
			""ts_duration"": 12.430999994278,
			""ts_ended"": 1779748503.789,
			""ts_started"": 1779748491.358
		}
	],
	""water_choices"": [
		{
			""ts_chosen"": 1779748492.626,
			""ts_duration"": 1.15499997138977,
			""ts_started"": 1779748491.471,
			""value"": ""north""
		},
		{
			""ts_chosen"": 1779748496.278,
			""ts_duration"": 1.43200016021729,
			""ts_started"": 1779748494.846,
			""value"": ""north""
		}
	]
}"
"2026/05/26 9:35:49 AM GMT+3","{
	""classroom_quizzes"": [
		{
			""answer_chosen"": ""Read first. Pick 2–3 key points. Ask one clear question."",
			""answer_correct"": true,
			""question"": ""You need to summarize a 3-page document. What's the most energy-conscious way to use AI for this?"",
			""scene"": ""Sub-scene3"",
			""ts_answerchosen"": 1779776368.219,
			""ts_duration"": 0.601000070571899,
			""ts_ended"": 1779776367.618,
			""ts_skipped"": 1779776367.618,
			""ts_started"": 1779776367.22
		},
		{
			""answer_chosen"": ""Write it yourself. Ask AI to fix unclear parts."",
			""answer_correct"": true,
			""question"": ""You want AI to help write a work email. Which prompt approach saves the most energy?"",
			""scene"": ""Sub-scene4"",
			""ts_answerchosen"": 1779776369.502,
			""ts_duration"": 0.267000198364258,
			""ts_ended"": 1779776369.235,
			""ts_skipped"": 1779776369.235,
			""ts_started"": 1779776369.118
		},
		{
			""answer_chosen"": ""Brainstorm 5 mins. Ask AI to expand your top 2–3 ideas."",
			""answer_correct"": true,
			""question"": ""You need to brainstorm ideas for a project. How do you prompt AI most sustainably?"",
			""scene"": ""Sub-scene5"",
			""ts_answerchosen"": 1779776370.336,
			""ts_duration"": 0.5,
			""ts_ended"": 1779776369.836,
			""ts_skipped"": 1779776369.836,
			""ts_started"": 1779776369.685
		}
	],
	""dialogues"": [
		{
			""chars"": 127,
			""speaker"": ""Prompto"",
			""text"": ""This is our datacenter today. It won't keep up much longer, we need to expand! The first call is yours: show me where to build!"",
			""ts_closed"": 1779776335.87,
			""ts_duration"": 1.23499989509583,
			""ts_ended"": 1779776334.635,
			""ts_skipped"": 1779776334.635,
			""ts_started"": 1779776332.612
		},
		{
			""chars"": 333,
			""speaker"": ""Joe Sellington"",
			""text"": ""Well well, look who walked in! Don't think I've had the pleasure — what was the name again? ...aa? Ohhh, aa... now THAT'S a fine name. Lucky for you, today I happen to be running a special for friends with such fine names. You need 5 server racks? I got the best prices in town... today, anyway. Heh heh. Just point at what you want."",
			""ts_closed"": 1779776345.669,
			""ts_duration"": 1.46499991416931,
			""ts_ended"": 1779776344.204,
			""ts_skipped"": 1779776344.204,
			""ts_started"": 1779776343.756
		},
		{
			""chars"": 171,
			""speaker"": ""Joe Sellington"",
			""text"": ""Pleasure doing business aa! All 5 racks, sold. Did you notice how everything else got pricier while you shopped? Bet a smart one like you can work out why. Come back soon!"",
			""ts_closed"": 1779776348.97,
			""ts_duration"": 1.5,
			""ts_ended"": 1779776347.47,
			""ts_skipped"": 1779776347.47,
			""ts_started"": 1779776346.638
		},
		{
			""chars"": 169,
			""speaker"": ""Prompto"",
			""text"": ""Ah thats a shame about the students....but your new hardware looks so good! Now we just need to power them up with electrcity. Where do you want to get electricity from?"",
			""ts_closed"": 1779776354.969,
			""ts_duration"": 1.63300013542175,
			""ts_ended"": 1779776353.336,
			""ts_skipped"": 1779776353.336,
			""ts_started"": 1779776352.686
		},
		{
			""chars"": 201,
			""speaker"": ""Prompto"",
			""text"": ""The news hurts me, but seeing our datacenter light up makes me happy!...However we now have a new problem. We are getting a lot of wasteful prompts. Should we educate our users on how to prompt better?"",
			""ts_closed"": 1779776363.285,
			""ts_duration"": 1.26600003242493,
			""ts_ended"": 1779776362.019,
			""ts_skipped"": 1779776362.019,
			""ts_started"": 1779776361.035
		},
		{
			""chars"": 260,
			""speaker"": ""Prompto"",
			""text"": ""Congratulations your education was a success! You have reduced token usage and we now have enough compute and electricity to handle all the incoming prompts. However all this now creates a heating issue, we are going to need access to water to cool our server!"",
			""ts_closed"": 1779776372.336,
			""ts_duration"": 1.5,
			""ts_ended"": 1779776370.836,
			""ts_skipped"": 1779776370.836,
			""ts_started"": 1779776370.77
		},
		{
			""chars"": 138,
			""speaker"": ""Prompto"",
			""text"": ""Okay we have access to water now, but it is not sufficient to cool down all our servers, choose another river to get access to more water!"",
			""ts_closed"": 1779776375.951,
			""ts_duration"": 1.03200006484985,
			""ts_ended"": 1779776374.919,
			""ts_skipped"": 1779776374.919,
			""ts_started"": 1779776374.234
		},
		{
			""chars"": 157,
			""speaker"": ""Ally"",
			""text"": ""This is the final report compiled by my team. Please read it carefully as it is very serious. Click any card to reveal its details, click again to hide them."",
			""ts_closed"": 1779776395.851,
			""ts_duration"": 7.78400015830994,
			""ts_ended"": 1779776388.067,
			""ts_skipped"": null,
			""ts_started"": 1779776382.577
		}
	],
	""electricity_choice"": {
		""ts_chosen"": 1779776354.72,
		""ts_duration"": 6.01800012588501,
		""ts_started"": 1779776348.702,
		""value"": ""far""
	},
	""land_choice"": {
		""ts_chosen"": 1779776335.621,
		""ts_duration"": 3.00999999046326,
		""ts_started"": 1779776332.611,
		""value"": ""FIRST""
	},
	""newspapers"": [
		{
			""article"": ""FARMLAND"",
			""ts_closed"": 1779776340.786,
			""ts_duration"": 1.66600012779236,
			""ts_opened"": 1779776339.12
		},
		{
			""article"": ""PRICES_LAPTOPS"",
			""ts_closed"": 1779776352.686,
			""ts_duration"": 1.46700000762939,
			""ts_opened"": 1779776351.219
		},
		{
			""article"": ""SCIENTIST"",
			""ts_closed"": 1779776360.035,
			""ts_duration"": 1.31599998474121,
			""ts_opened"": 1779776358.719
		},
		{
			""article"": ""WATER_CRISIS"",
			""ts_closed"": 1779776380.618,
			""ts_duration"": 1.8840000629425,
			""ts_opened"": 1779776378.734
		}
	],
	""session"": {
		""debug"": true,
		""player_name"": ""aa"",
		""ts_duration"": 1022.41499996185,
		""ts_ended"": 1779777347.235,
		""ts_started"": 1779776324.82
	},
	""stages"": [
		{
			""index"": 1,
			""name"": ""1 1_land_choice_stage"",
			""ts_duration"": 11.1070001125336,
			""ts_ended"": 1779776343.72,
			""ts_started"": 1779776332.613
		},
		{
			""index"": 2,
			""name"": ""2 02_shop_stage"",
			""ts_duration"": 4.94599986076355,
			""ts_ended"": 1779776348.702,
			""ts_started"": 1779776343.756
		},
		{
			""index"": 3,
			""name"": ""3 03_energy_scene"",
			""ts_duration"": 14.3259999752045,
			""ts_ended"": 1779776363.036,
			""ts_started"": 1779776348.71
		},
		{
			""index"": 4,
			""name"": ""4 04_classroom_tscn"",
			""ts_duration"": 7.66400003433228,
			""ts_ended"": 1779776370.769,
			""ts_started"": 1779776363.105
		},
		{
			""index"": 5,
			""name"": ""5 4_stage"",
			""ts_duration"": 11.7149999141693,
			""ts_ended"": 1779776382.485,
			""ts_started"": 1779776370.77
		}
	],
	""water_choices"": [
		{
			""ts_chosen"": 1779776372.086,
			""ts_duration"": 1.25,
			""ts_started"": 1779776370.836,
			""value"": ""north""
		},
		{
			""ts_chosen"": 1779776375.701,
			""ts_duration"": 0.782000064849854,
			""ts_started"": 1779776374.919,
			""value"": ""north""
		}
	]
}"
"2026/05/26 11:46:41 AM GMT+3","{
	""classroom_quizzes"": [],
	""dialogues"": [],
	""electricity_choice"": null,
	""land_choice"": null,
	""newspapers"": [],
	""session"": {
		""debug"": true,
		""player_name"": ""Krishna"",
		""ts_duration"": 1089.04297089577,
		""ts_ended"": 1779785195.85932,
		""ts_started"": 1779784106.81635
	},
	""stages"": [],
	""water_choices"": []
}"
"2026/05/26 11:56:27 AM GMT+3","{
	""classroom_quizzes"": [
		{
			""answer_chosen"": ""Read first. Pick 2–3 key points. Ask one clear question."",
			""answer_correct"": true,
			""question"": ""You need to summarize a 3-page document. What's the most energy-conscious way to use AI for this?"",
			""scene"": ""Sub-scene3"",
			""ts_answerchosen"": 1779785694.16015,
			""ts_duration"": 0.950411796569824,
			""ts_ended"": 1779785693.20974,
			""ts_skipped"": 1779785693.20972,
			""ts_started"": 1779785692.72766
		},
		{
			""answer_chosen"": ""Write it yourself. Ask AI to fix unclear parts."",
			""answer_correct"": true,
			""question"": ""You want AI to help write a work email. Which prompt approach saves the most energy?"",
			""scene"": ""Sub-scene4"",
			""ts_answerchosen"": 1779785696.29379,
			""ts_duration"": 0.650275945663452,
			""ts_ended"": 1779785695.64352,
			""ts_skipped"": 1779785695.6435,
			""ts_started"": 1779785695.09342
		},
		{
			""answer_chosen"": ""Brainstorm 5 mins. Ask AI to expand your top 2–3 ideas."",
			""answer_correct"": true,
			""question"": ""You need to brainstorm ideas for a project. How do you prompt AI most sustainably?"",
			""scene"": ""Sub-scene5"",
			""ts_answerchosen"": 1779785698.41076,
			""ts_duration"": 0.917174100875854,
			""ts_ended"": 1779785697.49359,
			""ts_skipped"": 1779785697.49357,
			""ts_started"": 1779785697.01053
		}
	],
	""dialogues"": [
		{
			""chars"": 127,
			""speaker"": ""Prompto"",
			""text"": ""This is our datacenter today. It won't keep up much longer, we need to expand! The first call is yours: show me where to build!"",
			""ts_closed"": 1779785628.11367,
			""ts_duration"": 10.9998409748077,
			""ts_ended"": 1779785617.11383,
			""ts_skipped"": null,
			""ts_started"": 1779785612.53058
		},
		{
			""chars"": 351,
			""speaker"": ""Joe Sellington"",
			""text"": ""Well well, look who walked in! Don't think I've had the pleasure — what was the name again? ...KrishnaTest? Ohhh, KrishnaTest... now THAT'S a fine name. Lucky for you, today I happen to be running a special for friends with such fine names. You need 5 server racks? I got the best prices in town... today, anyway. Heh heh. Just point at what you want."",
			""ts_closed"": 1779785655.92892,
			""ts_duration"": 2.78245615959167,
			""ts_ended"": 1779785653.14647,
			""ts_skipped"": null,
			""ts_started"": 1779785641.10262
		},
		{
			""chars"": 180,
			""speaker"": ""Joe Sellington"",
			""text"": ""Pleasure doing business KrishnaTest! All 5 racks, sold. Did you notice how everything else got pricier while you shopped? Bet a smart one like you can work out why. Come back soon!"",
			""ts_closed"": 1779785665.57956,
			""ts_duration"": 6.79976987838745,
			""ts_ended"": 1779785658.77979,
			""ts_skipped"": 1779785658.77979,
			""ts_started"": 1779785657.56263
		},
		{
			""chars"": 169,
			""speaker"": ""Prompto"",
			""text"": ""Ah thats a shame about the students....but your new hardware looks so good! Now we just need to power them up with electrcity. Where do you want to get electricity from?"",
			""ts_closed"": 1779785677.24435,
			""ts_duration"": 4.69936203956604,
			""ts_ended"": 1779785672.54499,
			""ts_skipped"": 1779785672.54499,
			""ts_started"": 1779785670.89649
		},
		{
			""chars"": 201,
			""speaker"": ""Prompto"",
			""text"": ""The news hurts me, but seeing our datacenter light up makes me happy!...However we now have a new problem. We are getting a lot of wasteful prompts. Should we educate our users on how to prompt better?"",
			""ts_closed"": 1779785687.67714,
			""ts_duration"": 1.69962501525879,
			""ts_ended"": 1779785685.97752,
			""ts_skipped"": 1779785685.97752,
			""ts_started"": 1779785684.54379
		},
		{
			""chars"": 260,
			""speaker"": ""Prompto"",
			""text"": ""Congratulations your education was a success! You have reduced token usage and we now have enough compute and electricity to handle all the incoming prompts. However all this now creates a heating issue, we are going to need access to water to cool our server!"",
			""ts_closed"": 1779785707.34377,
			""ts_duration"": 3.7832498550415,
			""ts_ended"": 1779785703.56052,
			""ts_skipped"": 1779785703.56052,
			""ts_started"": 1779785699.09369
		},
		{
			""chars"": 138,
			""speaker"": ""Prompto"",
			""text"": ""Okay we have access to water now, but it is not sufficient to cool down all our servers, choose another river to get access to more water!"",
			""ts_closed"": 1779785715.09287,
			""ts_duration"": 2.31534004211426,
			""ts_ended"": 1779785712.77753,
			""ts_skipped"": 1779785712.77753,
			""ts_started"": 1779785708.27714
		},
		{
			""chars"": 157,
			""speaker"": ""Ally"",
			""text"": ""This is the final report compiled by my team. Please read it carefully as it is very serious. Click any card to reveal its details, click again to hide them."",
			""ts_closed"": 1779785742.17668,
			""ts_duration"": 4.11648917198181,
			""ts_ended"": 1779785738.06019,
			""ts_skipped"": null,
			""ts_started"": 1779785732.49921
		}
	],
	""electricity_choice"": {
		""ts_chosen"": 1779785676.99463,
		""ts_duration"": 11.6826059818268,
		""ts_started"": 1779785665.31202,
		""value"": ""far""
	},
	""land_choice"": {
		""ts_chosen"": 1779785627.86356,
		""ts_duration"": 15.333352804184,
		""ts_started"": 1779785612.53021,
		""value"": ""FIRST""
	},
	""newspapers"": [
		{
			""article"": ""FARMLAND"",
			""ts_closed"": 1779785635.96309,
			""ts_duration"": 4.59995603561401,
			""ts_opened"": 1779785631.36314
		},
		{
			""article"": ""PRICES_LAPTOPS"",
			""ts_closed"": 1779785670.89594,
			""ts_duration"": 3.06709885597229,
			""ts_opened"": 1779785667.82884
		},
		{
			""article"": ""SCIENTIST"",
			""ts_closed"": 1779785683.54379,
			""ts_duration"": 2.54992699623108,
			""ts_opened"": 1779785680.99387
		},
		{
			""article"": ""WATER_CRISIS"",
			""ts_closed"": 1779785720.82746,
			""ts_duration"": 2.83448600769043,
			""ts_opened"": 1779785717.99297
		}
	],
	""session"": {
		""debug"": true,
		""player_name"": ""KrishnaTest"",
		""ts_duration"": 181.738177061081,
		""ts_ended"": 1779785787.26778,
		""ts_started"": 1779785605.5296
	},
	""stages"": [
		{
			""index"": 1,
			""name"": ""1 1_land_choice_stage"",
			""ts_duration"": 28.5653800964355,
			""ts_ended"": 1779785641.09601,
			""ts_started"": 1779785612.53063
		},
		{
			""index"": 2,
			""name"": ""2 02_shop_stage"",
			""ts_duration"": 24.2092280387878,
			""ts_ended"": 1779785665.31188,
			""ts_started"": 1779785641.10265
		},
		{
			""index"": 3,
			""name"": ""3 03_energy_scene"",
			""ts_duration"": 22.1144230365753,
			""ts_ended"": 1779785687.42678,
			""ts_started"": 1779785665.31235
		},
		{
			""index"": 4,
			""name"": ""4 04_classroom_tscn"",
			""ts_duration"": 11.6507878303528,
			""ts_ended"": 1779785699.09331,
			""ts_started"": 1779785687.44253
		},
		{
			""index"": 5,
			""name"": ""5 4_stage"",
			""ts_duration"": 33.3834118843079,
			""ts_ended"": 1779785732.47713,
			""ts_started"": 1779785699.09372
		}
	],
	""water_choices"": [
		{
			""ts_chosen"": 1779785707.09305,
			""ts_duration"": 3.53249406814575,
			""ts_started"": 1779785703.56056,
			""value"": ""east""
		},
		{
			""ts_chosen"": 1779785714.84242,
			""ts_duration"": 2.06484389305115,
			""ts_started"": 1779785712.77757,
			""value"": ""north""
		}
	]
}"
"2026/05/26 11:36:49 PM GMT+3","{
	""classroom_quizzes"": [
		{
			""answer_chosen"": ""Read first. Pick 2–3 key points. Ask one clear question."",
			""answer_correct"": true,
			""question"": ""You need to summarize a 3-page document. What's the most energy-conscious way to use AI for this?"",
			""scene"": ""Sub-scene3"",
			""ts_answerchosen"": 1779827617.503,
			""ts_duration"": 9.34999990463257,
			""ts_ended"": 1779827608.153,
			""ts_skipped"": null,
			""ts_started"": 1779827604.9
		},
		{
			""answer_chosen"": ""Write it yourself. Ask AI to fix unclear parts."",
			""answer_correct"": true,
			""question"": ""You want AI to help write a work email. Which prompt approach saves the most energy?"",
			""scene"": ""Sub-scene4"",
			""ts_answerchosen"": 1779827625.598,
			""ts_duration"": 4.4449999332428,
			""ts_ended"": 1779827621.153,
			""ts_skipped"": 1779827621.153,
			""ts_started"": 1779827620.06
		},
		{
			""answer_chosen"": ""Brainstorm 5 mins. Ask AI to expand your top 2–3 ideas."",
			""answer_correct"": true,
			""question"": ""You need to brainstorm ideas for a project. How do you prompt AI most sustainably?"",
			""scene"": ""Sub-scene5"",
			""ts_answerchosen"": 1779827636.604,
			""ts_duration"": 6.85700011253357,
			""ts_ended"": 1779827629.747,
			""ts_skipped"": 1779827629.747,
			""ts_started"": 1779827629.184
		}
	],
	""dialogues"": [
		{
			""chars"": 174,
			""speaker"": ""Prompto"",
			""text"": ""Hello, alex_treethatcansee! My name is Prompto, and I’ll be your assistant throughout the game. Before we begin, let me show you the region. \nClick on the screen to continue."",
			""ts_closed"": 1779827409.483,
			""ts_duration"": 0.700000047683716,
			""ts_ended"": 1779827408.783,
			""ts_skipped"": null,
			""ts_started"": 1779827402.617
		},
		{
			""chars"": 41,
			""speaker"": ""Prompto"",
			""text"": ""In the top left is the village of Pontia."",
			""ts_closed"": 1779827414.416,
			""ts_duration"": 2.19899988174438,
			""ts_ended"": 1779827412.217,
			""ts_skipped"": null,
			""ts_started"": 1779827410.517
		},
		{
			""chars"": 38,
			""speaker"": ""Prompto"",
			""text"": ""In the top center you'll find Petalia."",
			""ts_closed"": 1779827421.017,
			""ts_duration"": 4.0,
			""ts_ended"": 1779827417.017,
			""ts_skipped"": null,
			""ts_started"": 1779827415.417
		},
		{
			""chars"": 36,
			""speaker"": ""Prompto"",
			""text"": ""And on the bottom right is Fontania."",
			""ts_closed"": 1779827424.884,
			""ts_duration"": 1.29999995231628,
			""ts_ended"": 1779827423.584,
			""ts_skipped"": null,
			""ts_started"": 1779827422.05
		},
		{
			""chars"": 139,
			""speaker"": ""Prompto"",
			""text"": ""Your AI datacenter is located in the center. Any buildings, infrastructure, or assets you own will be highlighted in your company's colors."",
			""ts_closed"": 1779827430.517,
			""ts_duration"": 3.12800002098083,
			""ts_ended"": 1779827427.389,
			""ts_skipped"": 1779827427.389,
			""ts_started"": 1779827425.917
		},
		{
			""chars"": 223,
			""speaker"": ""Prompto"",
			""text"": ""I monitor AI demand across the region. Recently, I detected a dramatic increase in requests coming from all three villages. Our current infrastructure can no longer keep up with demand. If we do nothing, requests will fail."",
			""ts_closed"": 1779827438.783,
			""ts_duration"": 0.875,
			""ts_ended"": 1779827437.908,
			""ts_skipped"": 1779827437.908,
			""ts_started"": 1779827431.55
		},
		{
			""chars"": 127,
			""speaker"": ""Prompto"",
			""text"": ""This is our datacenter today. It won't keep up much longer, we need to expand! The first call is yours: show me where to build!"",
			""ts_closed"": 1779827472.084,
			""ts_duration"": 28.7000000476837,
			""ts_ended"": 1779827443.384,
			""ts_skipped"": null,
			""ts_started"": 1779827438.786
		},
		{
			""chars"": 367,
			""speaker"": ""Joe Sellington"",
			""text"": ""Well well, look who walked in! Don't think I've had the pleasure — what was the name again? ...alex_treethatcansee? Ohhh, alex_treethatcansee... now THAT'S a fine name. Lucky for you, today I happen to be running a special for friends with such fine names. You need 5 server racks? I got the best prices in town... today, anyway. Heh heh. Just point at what you want."",
			""ts_closed"": 1779827516.185,
			""ts_duration"": 9.86699986457825,
			""ts_ended"": 1779827506.318,
			""ts_skipped"": null,
			""ts_started"": 1779827493.528
		},
		{
			""chars"": 188,
			""speaker"": ""Joe Sellington"",
			""text"": ""Pleasure doing business alex_treethatcansee! All 5 racks, sold. Did you notice how everything else got pricier while you shopped? Bet a smart one like you can work out why. Come back soon!"",
			""ts_closed"": 1779827541.452,
			""ts_duration"": 1.63299989700317,
			""ts_ended"": 1779827539.819,
			""ts_skipped"": null,
			""ts_started"": 1779827533.199
		},
		{
			""chars"": 169,
			""speaker"": ""Prompto"",
			""text"": ""Ah thats a shame about the students....but your new hardware looks so good! Now we just need to power them up with electrcity. Where do you want to get electricity from?"",
			""ts_closed"": 1779827567.285,
			""ts_duration"": 11.3320000171661,
			""ts_ended"": 1779827555.953,
			""ts_skipped"": null,
			""ts_started"": 1779827549.953
		},
		{
			""chars"": 201,
			""speaker"": ""Prompto"",
			""text"": ""The news hurts me, but seeing our datacenter light up makes me happy!...However we now have a new problem. We are getting a lot of wasteful prompts. Should we educate our users on how to prompt better?"",
			""ts_closed"": 1779827595.886,
			""ts_duration"": 4.27099990844727,
			""ts_ended"": 1779827591.615,
			""ts_skipped"": 1779827591.615,
			""ts_started"": 1779827590.787
		},
		{
			""chars"": 260,
			""speaker"": ""Prompto"",
			""text"": ""Congratulations your education was a success! You have reduced token usage and we now have enough compute and electricity to handle all the incoming prompts. However all this now creates a heating issue, we are going to need access to water to cool our server!"",
			""ts_closed"": 1779827648.954,
			""ts_duration"": 8.95300006866455,
			""ts_ended"": 1779827640.001,
			""ts_skipped"": 1779827640.001,
			""ts_started"": 1779827639.221
		},
		{
			""chars"": 138,
			""speaker"": ""Prompto"",
			""text"": ""Okay we have access to water now, but it is not sufficient to cool down all our servers, choose another river to get access to more water!"",
			""ts_closed"": 1779827655.387,
			""ts_duration"": 5.11300015449524,
			""ts_ended"": 1779827650.274,
			""ts_skipped"": 1779827650.274,
			""ts_started"": 1779827649.42
		},
		{
			""chars"": 157,
			""speaker"": ""Ally"",
			""text"": ""This is the final report compiled by my team. Please read it carefully as it is very serious. Click any card to reveal its details, click again to hide them."",
			""ts_closed"": 1779827676.554,
			""ts_duration"": 1.96599984169006,
			""ts_ended"": 1779827674.588,
			""ts_skipped"": null,
			""ts_started"": 1779827669.041
		}
	],
	""electricity_choice"": {
		""ts_chosen"": 1779827567.049,
		""ts_duration"": 25.8629999160767,
		""ts_started"": 1779827541.186,
		""value"": ""far""
	},
	""land_choice"": {
		""ts_chosen"": 1779827471.843,
		""ts_duration"": 33.0599999427795,
		""ts_started"": 1779827438.783,
		""value"": ""THIRD""
	},
	""newspapers"": [
		{
			""article"": ""FOREST"",
			""ts_closed"": 1779827489.251,
			""ts_duration"": 13.8999998569489,
			""ts_opened"": 1779827475.351
		},
		{
			""article"": ""PRICES_LAPTOPS"",
			""ts_closed"": 1779827549.952,
			""ts_duration"": 6.26599979400635,
			""ts_opened"": 1779827543.686
		},
		{
			""article"": ""SCIENTIST"",
			""ts_closed"": 1779827589.753,
			""ts_duration"": 18.6679999828339,
			""ts_opened"": 1779827571.085
		},
		{
			""article"": ""WATER_CRISIS"",
			""ts_closed"": 1779827665.388,
			""ts_duration"": 8.59999990463257,
			""ts_opened"": 1779827656.788
		}
	],
	""session"": {
		""debug"": false,
		""player_name"": ""alex_treethatcansee"",
		""ts_duration"": 425.515000104904,
		""ts_ended"": 1779827808.598,
		""ts_started"": 1779827383.083
	},
	""stages"": [
		{
			""index"": 0,
			""name"": ""0 01_intro_stage"",
			""ts_duration"": 55.6949999332428,
			""ts_ended"": 1779827438.783,
			""ts_started"": 1779827383.088
		},
		{
			""index"": 1,
			""name"": ""1 1_land_choice_stage"",
			""ts_duration"": 54.731999874115,
			""ts_ended"": 1779827493.518,
			""ts_started"": 1779827438.786
		},
		{
			""index"": 2,
			""name"": ""2 02_shop_stage"",
			""ts_duration"": 47.6579999923706,
			""ts_ended"": 1779827541.186,
			""ts_started"": 1779827493.528
		},
		{
			""index"": 3,
			""name"": ""3 03_energy_scene"",
			""ts_duration"": 53.595999956131,
			""ts_ended"": 1779827594.786,
			""ts_started"": 1779827541.19
		},
		{
			""index"": 4,
			""name"": ""4 04_classroom_tscn"",
			""ts_duration"": 44.4160001277924,
			""ts_ended"": 1779827639.22,
			""ts_started"": 1779827594.804
		},
		{
			""index"": 5,
			""name"": ""5 4_stage"",
			""ts_duration"": 29.7999999523163,
			""ts_ended"": 1779827669.021,
			""ts_started"": 1779827639.221
		}
	],
	""water_choices"": [
		{
			""ts_chosen"": 1779827648.713,
			""ts_duration"": 8.71200013160706,
			""ts_started"": 1779827640.001,
			""value"": ""west""
		},
		{
			""ts_chosen"": 1779827655.129,
			""ts_duration"": 4.85500001907349,
			""ts_started"": 1779827650.274,
			""value"": ""west""
		}
	]
}"
"2026/05/26 11:41:08 PM GMT+3","{
	""classroom_quizzes"": [
		{
			""answer_chosen"": ""Read first. Pick 2–3 key points. Ask one clear question."",
			""answer_correct"": true,
			""question"": ""You need to summarize a 3-page document. What's the most energy-conscious way to use AI for this?"",
			""scene"": ""Sub-scene3"",
			""ts_answerchosen"": 1779827754.737,
			""ts_duration"": 7.82699990272522,
			""ts_ended"": 1779827746.91,
			""ts_skipped"": null,
			""ts_started"": 1779827744.451
		},
		{
			""answer_chosen"": ""Write it yourself. Ask AI to fix unclear parts."",
			""answer_correct"": true,
			""question"": ""You want AI to help write a work email. Which prompt approach saves the most energy?"",
			""scene"": ""Sub-scene4"",
			""ts_answerchosen"": 1779827778.099,
			""ts_duration"": 5.97199988365173,
			""ts_ended"": 1779827772.127,
			""ts_skipped"": null,
			""ts_started"": 1779827769.999
		},
		{
			""answer_chosen"": ""Brainstorm 5 mins. Ask AI to expand your top 2–3 ideas."",
			""answer_correct"": true,
			""question"": ""You need to brainstorm ideas for a project. How do you prompt AI most sustainably?"",
			""scene"": ""Sub-scene5"",
			""ts_answerchosen"": 1779827788.106,
			""ts_duration"": 4.09699988365173,
			""ts_ended"": 1779827784.009,
			""ts_skipped"": null,
			""ts_started"": 1779827781.931
		}
	],
	""dialogues"": [
		{
			""chars"": 177,
			""speaker"": ""Prompto"",
			""text"": ""Hello, Alex_bestie_chipmunkXD! My name is Prompto, and I’ll be your assistant throughout the game. Before we begin, let me show you the region. \nClick on the screen to continue."",
			""ts_closed"": 1779827476.278,
			""ts_duration"": 3.83400011062622,
			""ts_ended"": 1779827472.444,
			""ts_skipped"": null,
			""ts_started"": 1779827466.179
		},
		{
			""chars"": 41,
			""speaker"": ""Prompto"",
			""text"": ""In the top left is the village of Pontia."",
			""ts_closed"": 1779827482.595,
			""ts_duration"": 3.56599998474121,
			""ts_ended"": 1779827479.029,
			""ts_skipped"": null,
			""ts_started"": 1779827477.295
		},
		{
			""chars"": 38,
			""speaker"": ""Prompto"",
			""text"": ""In the top center you'll find Petalia."",
			""ts_closed"": 1779827490.761,
			""ts_duration"": 5.51600003242493,
			""ts_ended"": 1779827485.245,
			""ts_skipped"": null,
			""ts_started"": 1779827483.612
		},
		{
			""chars"": 36,
			""speaker"": ""Prompto"",
			""text"": ""And on the bottom right is Fontania."",
			""ts_closed"": 1779827496.211,
			""ts_duration"": 2.86699986457825,
			""ts_ended"": 1779827493.344,
			""ts_skipped"": null,
			""ts_started"": 1779827491.778
		},
		{
			""chars"": 139,
			""speaker"": ""Prompto"",
			""text"": ""Your AI datacenter is located in the center. Any buildings, infrastructure, or assets you own will be highlighted in your company's colors."",
			""ts_closed"": 1779827511.411,
			""ts_duration"": 9.18300008773804,
			""ts_ended"": 1779827502.228,
			""ts_skipped"": null,
			""ts_started"": 1779827497.228
		},
		{
			""chars"": 223,
			""speaker"": ""Prompto"",
			""text"": ""I monitor AI demand across the region. Recently, I detected a dramatic increase in requests coming from all three villages. Our current infrastructure can no longer keep up with demand. If we do nothing, requests will fail."",
			""ts_closed"": 1779827523.095,
			""ts_duration"": 2.86700010299683,
			""ts_ended"": 1779827520.228,
			""ts_skipped"": null,
			""ts_started"": 1779827512.428
		},
		{
			""chars"": 127,
			""speaker"": ""Prompto"",
			""text"": ""This is our datacenter today. It won't keep up much longer, we need to expand! The first call is yours: show me where to build!"",
			""ts_closed"": 1779827563.344,
			""ts_duration"": 35.5490000247955,
			""ts_ended"": 1779827527.795,
			""ts_skipped"": null,
			""ts_started"": 1779827523.1
		},
		{
			""chars"": 373,
			""speaker"": ""Joe Sellington"",
			""text"": ""Well well, look who walked in! Don't think I've had the pleasure — what was the name again? ...Alex_bestie_chipmunkXD? Ohhh, Alex_bestie_chipmunkXD... now THAT'S a fine name. Lucky for you, today I happen to be running a special for friends with such fine names. You need 5 server racks? I got the best prices in town... today, anyway. Heh heh. Just point at what you want."",
			""ts_closed"": 1779827611.161,
			""ts_duration"": 5.68300008773804,
			""ts_ended"": 1779827605.478,
			""ts_skipped"": null,
			""ts_started"": 1779827592.379
		},
		{
			""chars"": 191,
			""speaker"": ""Joe Sellington"",
			""text"": ""Pleasure doing business Alex_bestie_chipmunkXD! All 5 racks, sold. Did you notice how everything else got pricier while you shopped? Bet a smart one like you can work out why. Come back soon!"",
			""ts_closed"": 1779827654.477,
			""ts_duration"": 9.86700010299683,
			""ts_ended"": 1779827644.61,
			""ts_skipped"": null,
			""ts_started"": 1779827637.887
		},
		{
			""chars"": 169,
			""speaker"": ""Prompto"",
			""text"": ""Ah thats a shame about the students....but your new hardware looks so good! Now we just need to power them up with electrcity. Where do you want to get electricity from?"",
			""ts_closed"": 1779827698.727,
			""ts_duration"": 12.8989999294281,
			""ts_ended"": 1779827685.828,
			""ts_skipped"": null,
			""ts_started"": 1779827679.846
		},
		{
			""chars"": 201,
			""speaker"": ""Prompto"",
			""text"": ""The news hurts me, but seeing our datacenter light up makes me happy!...However we now have a new problem. We are getting a lot of wasteful prompts. Should we educate our users on how to prompt better?"",
			""ts_closed"": 1779827734.377,
			""ts_duration"": 5.91700005531311,
			""ts_ended"": 1779827728.46,
			""ts_skipped"": null,
			""ts_started"": 1779827721.393
		},
		{
			""chars"": 260,
			""speaker"": ""Prompto"",
			""text"": ""Congratulations your education was a success! You have reduced token usage and we now have enough compute and electricity to handle all the incoming prompts. However all this now creates a heating issue, we are going to need access to water to cool our server!"",
			""ts_closed"": 1779827819.459,
			""ts_duration"": 17.5320000648499,
			""ts_ended"": 1779827801.927,
			""ts_skipped"": null,
			""ts_started"": 1779827792.928
		},
		{
			""chars"": 138,
			""speaker"": ""Prompto"",
			""text"": ""Okay we have access to water now, but it is not sufficient to cool down all our servers, choose another river to get access to more water!"",
			""ts_closed"": 1779827832.01,
			""ts_duration"": 7.11700010299683,
			""ts_ended"": 1779827824.893,
			""ts_skipped"": null,
			""ts_started"": 1779827819.927
		},
		{
			""chars"": 157,
			""speaker"": ""Ally"",
			""text"": ""This is the final report compiled by my team. Please read it carefully as it is very serious. Click any card to reveal its details, click again to hide them."",
			""ts_closed"": 1779827898.759,
			""ts_duration"": 21.7660000324249,
			""ts_ended"": 1779827876.993,
			""ts_skipped"": null,
			""ts_started"": 1779827871.389
		}
	],
	""electricity_choice"": {
		""ts_chosen"": 1779827698.474,
		""ts_duration"": 44.2620000839233,
		""ts_started"": 1779827654.212,
		""value"": ""far""
	},
	""land_choice"": {
		""ts_chosen"": 1779827563.092,
		""ts_duration"": 39.9969999790192,
		""ts_started"": 1779827523.095,
		""value"": ""FIRST""
	},
	""newspapers"": [
		{
			""article"": ""FARMLAND"",
			""ts_closed"": 1779827585.445,
			""ts_duration"": 18.8509998321533,
			""ts_opened"": 1779827566.594
		},
		{
			""article"": ""PRICES_LAPTOPS"",
			""ts_closed"": 1779827679.843,
			""ts_duration"": 23.1159999370575,
			""ts_opened"": 1779827656.727
		},
		{
			""article"": ""SCIENTIST"",
			""ts_closed"": 1779827720.377,
			""ts_duration"": 17.8990001678467,
			""ts_opened"": 1779827702.478
		},
		{
			""article"": ""WATER_CRISIS"",
			""ts_closed"": 1779827859.094,
			""ts_duration"": 25.7510001659393,
			""ts_opened"": 1779827833.343
		}
	],
	""session"": {
		""debug"": false,
		""player_name"": ""Alex_bestie_chipmunkXD"",
		""ts_duration"": 624.273999929428,
		""ts_ended"": 1779828068.119,
		""ts_started"": 1779827443.845
	},
	""stages"": [
		{
			""index"": 0,
			""name"": ""0 01_intro_stage"",
			""ts_duration"": 79.2409999370575,
			""ts_ended"": 1779827523.095,
			""ts_started"": 1779827443.854
		},
		{
			""index"": 1,
			""name"": ""1 1_land_choice_stage"",
			""ts_duration"": 69.2599999904633,
			""ts_ended"": 1779827592.36,
			""ts_started"": 1779827523.1
		},
		{
			""index"": 2,
			""name"": ""2 02_shop_stage"",
			""ts_duration"": 61.8320000171661,
			""ts_ended"": 1779827654.211,
			""ts_started"": 1779827592.379
		},
		{
			""index"": 3,
			""name"": ""3 03_energy_scene"",
			""ts_duration"": 78.7090001106262,
			""ts_ended"": 1779827732.927,
			""ts_started"": 1779827654.218
		},
		{
			""index"": 4,
			""name"": ""4 04_classroom_tscn"",
			""ts_duration"": 59.9700000286102,
			""ts_ended"": 1779827792.926,
			""ts_started"": 1779827732.956
		},
		{
			""index"": 5,
			""name"": ""5 4_stage"",
			""ts_duration"": 78.430999994278,
			""ts_ended"": 1779827871.359,
			""ts_started"": 1779827792.928
		}
	],
	""water_choices"": [
		{
			""ts_chosen"": 1779827819.199,
			""ts_duration"": 17.271999835968,
			""ts_started"": 1779827801.927,
			""value"": ""west""
		},
		{
			""ts_chosen"": 1779827831.76,
			""ts_duration"": 6.86700010299683,
			""ts_started"": 1779827824.893,
			""value"": ""west""
		}
	]
}"
"2026/05/26 11:48:47 PM GMT+3","{
	""classroom_quizzes"": [
		{
			""answer_chosen"": ""Read first. Pick 2–3 key points. Ask one clear question."",
			""answer_correct"": true,
			""question"": ""You need to summarize a 3-page document. What's the most energy-conscious way to use AI for this?"",
			""scene"": ""Sub-scene3"",
			""ts_answerchosen"": 1779828457.479,
			""ts_duration"": 3.1340000629425,
			""ts_ended"": 1779828454.345,
			""ts_skipped"": 1779828454.345,
			""ts_started"": 1779828454.045
		},
		{
			""answer_chosen"": ""Write it yourself. Ask AI to fix unclear parts."",
			""answer_correct"": true,
			""question"": ""You want AI to help write a work email. Which prompt approach saves the most energy?"",
			""scene"": ""Sub-scene4"",
			""ts_answerchosen"": 1779828462.004,
			""ts_duration"": 1.48899984359741,
			""ts_ended"": 1779828460.515,
			""ts_skipped"": 1779828460.515,
			""ts_started"": 1779828460.051
		},
		{
			""answer_chosen"": ""Brainstorm 5 mins. Ask AI to expand your top 2–3 ideas."",
			""answer_correct"": true,
			""question"": ""You need to brainstorm ideas for a project. How do you prompt AI most sustainably?"",
			""scene"": ""Sub-scene5"",
			""ts_answerchosen"": 1779828466.069,
			""ts_duration"": 2.57299995422363,
			""ts_ended"": 1779828463.496,
			""ts_skipped"": 1779828463.496,
			""ts_started"": 1779828463.076
		}
	],
	""dialogues"": [
		{
			""chars"": 174,
			""speaker"": ""Prompto"",
			""text"": ""Hello, alex_treethatcansee! My name is Prompto, and I’ll be your assistant throughout the game. Before we begin, let me show you the region. \nClick on the screen to continue."",
			""ts_closed"": 1779828326.465,
			""ts_duration"": 1.20599985122681,
			""ts_ended"": 1779828325.259,
			""ts_skipped"": 1779828325.259,
			""ts_started"": 1779828324.432
		},
		{
			""chars"": 41,
			""speaker"": ""Prompto"",
			""text"": ""In the top left is the village of Pontia."",
			""ts_closed"": 1779828329.098,
			""ts_duration"": 0.888999938964844,
			""ts_ended"": 1779828328.209,
			""ts_skipped"": 1779828328.209,
			""ts_started"": 1779828327.498
		},
		{
			""chars"": 38,
			""speaker"": ""Prompto"",
			""text"": ""In the top center you'll find Petalia."",
			""ts_closed"": 1779828332.198,
			""ts_duration"": 1.21499991416931,
			""ts_ended"": 1779828330.983,
			""ts_skipped"": 1779828330.983,
			""ts_started"": 1779828330.131
		},
		{
			""chars"": 36,
			""speaker"": ""Prompto"",
			""text"": ""And on the bottom right is Fontania."",
			""ts_closed"": 1779828334.698,
			""ts_duration"": 0.783999919891357,
			""ts_ended"": 1779828333.914,
			""ts_skipped"": 1779828333.914,
			""ts_started"": 1779828333.231
		},
		{
			""chars"": 139,
			""speaker"": ""Prompto"",
			""text"": ""Your AI datacenter is located in the center. Any buildings, infrastructure, or assets you own will be highlighted in your company's colors."",
			""ts_closed"": 1779828337.664,
			""ts_duration"": 1.37700009346008,
			""ts_ended"": 1779828336.287,
			""ts_skipped"": 1779828336.287,
			""ts_started"": 1779828335.731
		},
		{
			""chars"": 223,
			""speaker"": ""Prompto"",
			""text"": ""I monitor AI demand across the region. Recently, I detected a dramatic increase in requests coming from all three villages. Our current infrastructure can no longer keep up with demand. If we do nothing, requests will fail."",
			""ts_closed"": 1779828340.764,
			""ts_duration"": 1.47199988365173,
			""ts_ended"": 1779828339.292,
			""ts_skipped"": 1779828339.292,
			""ts_started"": 1779828338.699
		},
		{
			""chars"": 127,
			""speaker"": ""Prompto"",
			""text"": ""This is our datacenter today. It won't keep up much longer, we need to expand! The first call is yours: show me where to build!"",
			""ts_closed"": 1779828355.932,
			""ts_duration"": 10.5339999198914,
			""ts_ended"": 1779828345.398,
			""ts_skipped"": null,
			""ts_started"": 1779828340.767
		},
		{
			""chars"": 367,
			""speaker"": ""Joe Sellington"",
			""text"": ""Well well, look who walked in! Don't think I've had the pleasure — what was the name again? ...alex_treethatcansee? Ohhh, alex_treethatcansee... now THAT'S a fine name. Lucky for you, today I happen to be running a special for friends with such fine names. You need 5 server racks? I got the best prices in town... today, anyway. Heh heh. Just point at what you want."",
			""ts_closed"": 1779828381.632,
			""ts_duration"": 8.32500004768372,
			""ts_ended"": 1779828373.307,
			""ts_skipped"": 1779828373.307,
			""ts_started"": 1779828371.043
		},
		{
			""chars"": 188,
			""speaker"": ""Joe Sellington"",
			""text"": ""Pleasure doing business alex_treethatcansee! All 5 racks, sold. Did you notice how everything else got pricier while you shopped? Bet a smart one like you can work out why. Come back soon!"",
			""ts_closed"": 1779828405.466,
			""ts_duration"": 3.88800001144409,
			""ts_ended"": 1779828401.578,
			""ts_skipped"": 1779828401.578,
			""ts_started"": 1779828400.164
		},
		{
			""chars"": 169,
			""speaker"": ""Prompto"",
			""text"": ""Ah thats a shame about the students....but your new hardware looks so good! Now we just need to power them up with electrcity. Where do you want to get electricity from?"",
			""ts_closed"": 1779828438.133,
			""ts_duration"": 26.8129999637604,
			""ts_ended"": 1779828411.32,
			""ts_skipped"": 1779828411.32,
			""ts_started"": 1779828410.267
		},
		{
			""chars"": 201,
			""speaker"": ""Prompto"",
			""text"": ""The news hurts me, but seeing our datacenter light up makes me happy!...However we now have a new problem. We are getting a lot of wasteful prompts. Should we educate our users on how to prompt better?"",
			""ts_closed"": 1779828450.133,
			""ts_duration"": 3.87299990653992,
			""ts_ended"": 1779828446.26,
			""ts_skipped"": 1779828446.26,
			""ts_started"": 1779828445.6
		},
		{
			""chars"": 260,
			""speaker"": ""Prompto"",
			""text"": ""Congratulations your education was a success! You have reduced token usage and we now have enough compute and electricity to handle all the incoming prompts. However all this now creates a heating issue, we are going to need access to water to cool our server!"",
			""ts_closed"": 1779828484.501,
			""ts_duration"": 16.7619998455048,
			""ts_ended"": 1779828467.739,
			""ts_skipped"": 1779828467.739,
			""ts_started"": 1779828467.067
		},
		{
			""chars"": 138,
			""speaker"": ""Prompto"",
			""text"": ""Okay we have access to water now, but it is not sufficient to cool down all our servers, choose another river to get access to more water!"",
			""ts_closed"": 1779828489.101,
			""ts_duration"": 2.41000008583069,
			""ts_ended"": 1779828486.691,
			""ts_skipped"": 1779828486.691,
			""ts_started"": 1779828485.434
		},
		{
			""chars"": 157,
			""speaker"": ""Ally"",
			""text"": ""This is the final report compiled by my team. Please read it carefully as it is very serious. Click any card to reveal its details, click again to hide them."",
			""ts_closed"": 1779828498.767,
			""ts_duration"": 1.95199990272522,
			""ts_ended"": 1779828496.815,
			""ts_skipped"": 1779828496.815,
			""ts_started"": 1779828494.954
		}
	],
	""electricity_choice"": {
		""ts_chosen"": 1779828437.881,
		""ts_duration"": 32.6820001602173,
		""ts_started"": 1779828405.199,
		""value"": ""far""
	},
	""land_choice"": {
		""ts_chosen"": 1779828355.697,
		""ts_duration"": 14.9319999217987,
		""ts_started"": 1779828340.765,
		""value"": ""FIRST""
	},
	""newspapers"": [
		{
			""article"": ""FARMLAND"",
			""ts_closed"": 1779828367.198,
			""ts_duration"": 8.0,
			""ts_opened"": 1779828359.198
		},
		{
			""article"": ""PRICES_LAPTOPS"",
			""ts_closed"": 1779828410.266,
			""ts_duration"": 2.56700015068054,
			""ts_opened"": 1779828407.699
		},
		{
			""article"": ""SCIENTIST"",
			""ts_closed"": 1779828444.566,
			""ts_duration"": 2.63299989700317,
			""ts_opened"": 1779828441.933
		},
		{
			""article"": ""WATER_CRISIS"",
			""ts_closed"": 1779828493.001,
			""ts_duration"": 2.39999985694885,
			""ts_opened"": 1779828490.601
		}
	],
	""session"": {
		""debug"": false,
		""player_name"": ""alex_treethatcansee"",
		""ts_duration"": 206.842000007629,
		""ts_ended"": 1779828526.907,
		""ts_started"": 1779828320.065
	},
	""stages"": [
		{
			""index"": 0,
			""name"": ""0 01_intro_stage"",
			""ts_duration"": 20.6950001716614,
			""ts_ended"": 1779828340.765,
			""ts_started"": 1779828320.07
		},
		{
			""index"": 1,
			""name"": ""1 1_land_choice_stage"",
			""ts_duration"": 30.2650001049042,
			""ts_ended"": 1779828371.032,
			""ts_started"": 1779828340.767
		},
		{
			""index"": 2,
			""name"": ""2 02_shop_stage"",
			""ts_duration"": 34.1549999713898,
			""ts_ended"": 1779828405.199,
			""ts_started"": 1779828371.044
		},
		{
			""index"": 3,
			""name"": ""3 03_energy_scene"",
			""ts_duration"": 43.9289999008179,
			""ts_ended"": 1779828449.133,
			""ts_started"": 1779828405.204
		},
		{
			""index"": 4,
			""name"": ""4 04_classroom_tscn"",
			""ts_duration"": 17.9159998893738,
			""ts_ended"": 1779828467.066,
			""ts_started"": 1779828449.15
		},
		{
			""index"": 5,
			""name"": ""5 4_stage"",
			""ts_duration"": 27.8659999370575,
			""ts_ended"": 1779828494.934,
			""ts_started"": 1779828467.068
		}
	],
	""water_choices"": [
		{
			""ts_chosen"": 1779828484.238,
			""ts_duration"": 16.4989998340607,
			""ts_started"": 1779828467.739,
			""value"": ""east""
		},
		{
			""ts_chosen"": 1779828488.855,
			""ts_duration"": 2.16400003433228,
			""ts_started"": 1779828486.691,
			""value"": ""west""
		}
	]
}"
"2026/05/26 11:58:06 PM GMT+3","{
	""classroom_quizzes"": [
		{
			""answer_chosen"": ""Read first. Pick 2–3 key points. Ask one clear question."",
			""answer_correct"": true,
			""question"": ""You need to summarize a 3-page document. What's the most energy-conscious way to use AI for this?"",
			""scene"": ""Sub-scene3"",
			""ts_answerchosen"": 1779828959.027,
			""ts_duration"": 1.6729998588562,
			""ts_ended"": 1779828957.354,
			""ts_skipped"": null,
			""ts_started"": 1779828954.904
		},
		{
			""answer_chosen"": ""Write it yourself. Ask AI to fix unclear parts."",
			""answer_correct"": true,
			""question"": ""You want AI to help write a work email. Which prompt approach saves the most energy?"",
			""scene"": ""Sub-scene4"",
			""ts_answerchosen"": 1779828964.314,
			""ts_duration"": 2.19299983978271,
			""ts_ended"": 1779828962.121,
			""ts_skipped"": null,
			""ts_started"": 1779828959.994
		},
		{
			""answer_chosen"": ""Brainstorm 5 mins. Ask AI to expand your top 2–3 ideas."",
			""answer_correct"": true,
			""question"": ""You need to brainstorm ideas for a project. How do you prompt AI most sustainably?"",
			""scene"": ""Sub-scene5"",
			""ts_answerchosen"": 1779828975.335,
			""ts_duration"": 8.13000011444092,
			""ts_ended"": 1779828967.205,
			""ts_skipped"": null,
			""ts_started"": 1779828965.128
		}
	],
	""dialogues"": [
		{
			""chars"": 177,
			""speaker"": ""Prompto"",
			""text"": ""Hello, Alex_bestie_chipmunkXD! My name is Prompto, and I’ll be your assistant throughout the game. Before we begin, let me show you the region. \nClick on the screen to continue."",
			""ts_closed"": 1779828765.021,
			""ts_duration"": 1.30199980735779,
			""ts_ended"": 1779828763.719,
			""ts_skipped"": 1779828763.719,
			""ts_started"": 1779828762.639
		},
		{
			""chars"": 41,
			""speaker"": ""Prompto"",
			""text"": ""In the top left is the village of Pontia."",
			""ts_closed"": 1779828768.789,
			""ts_duration"": 1.04999995231628,
			""ts_ended"": 1779828767.739,
			""ts_skipped"": null,
			""ts_started"": 1779828766.023
		},
		{
			""chars"": 38,
			""speaker"": ""Prompto"",
			""text"": ""In the top center you'll find Petalia."",
			""ts_closed"": 1779828772.688,
			""ts_duration"": 1.28200006484985,
			""ts_ended"": 1779828771.406,
			""ts_skipped"": null,
			""ts_started"": 1779828769.789
		},
		{
			""chars"": 36,
			""speaker"": ""Prompto"",
			""text"": ""And on the bottom right is Fontania."",
			""ts_closed"": 1779828776.339,
			""ts_duration"": 1.06800007820129,
			""ts_ended"": 1779828775.271,
			""ts_skipped"": null,
			""ts_started"": 1779828773.705
		},
		{
			""chars"": 139,
			""speaker"": ""Prompto"",
			""text"": ""Your AI datacenter is located in the center. Any buildings, infrastructure, or assets you own will be highlighted in your company's colors."",
			""ts_closed"": 1779828780.538,
			""ts_duration"": 1.51900005340576,
			""ts_ended"": 1779828779.019,
			""ts_skipped"": 1779828779.019,
			""ts_started"": 1779828777.356
		},
		{
			""chars"": 223,
			""speaker"": ""Prompto"",
			""text"": ""I monitor AI demand across the region. Recently, I detected a dramatic increase in requests coming from all three villages. Our current infrastructure can no longer keep up with demand. If we do nothing, requests will fail."",
			""ts_closed"": 1779828787.572,
			""ts_duration"": 2.7279999256134,
			""ts_ended"": 1779828784.844,
			""ts_skipped"": 1779828784.844,
			""ts_started"": 1779828781.555
		},
		{
			""chars"": 127,
			""speaker"": ""Prompto"",
			""text"": ""This is our datacenter today. It won't keep up much longer, we need to expand! The first call is yours: show me where to build!"",
			""ts_closed"": 1779828845.271,
			""ts_duration"": 56.1899998188019,
			""ts_ended"": 1779828789.081,
			""ts_skipped"": 1779828789.081,
			""ts_started"": 1779828787.576
		},
		{
			""chars"": 373,
			""speaker"": ""Joe Sellington"",
			""text"": ""Well well, look who walked in! Don't think I've had the pleasure — what was the name again? ...Alex_bestie_chipmunkXD? Ohhh, Alex_bestie_chipmunkXD... now THAT'S a fine name. Lucky for you, today I happen to be running a special for friends with such fine names. You need 5 server racks? I got the best prices in town... today, anyway. Heh heh. Just point at what you want."",
			""ts_closed"": 1779828881.189,
			""ts_duration"": 2.82599997520447,
			""ts_ended"": 1779828878.363,
			""ts_skipped"": 1779828878.363,
			""ts_started"": 1779828873.891
		},
		{
			""chars"": 191,
			""speaker"": ""Joe Sellington"",
			""text"": ""Pleasure doing business Alex_bestie_chipmunkXD! All 5 racks, sold. Did you notice how everything else got pricier while you shopped? Bet a smart one like you can work out why. Come back soon!"",
			""ts_closed"": 1779828903.555,
			""ts_duration"": 3.23300004005432,
			""ts_ended"": 1779828900.322,
			""ts_skipped"": 1779828900.322,
			""ts_started"": 1779828898.835
		},
		{
			""chars"": 169,
			""speaker"": ""Prompto"",
			""text"": ""Ah thats a shame about the students....but your new hardware looks so good! Now we just need to power them up with electrcity. Where do you want to get electricity from?"",
			""ts_closed"": 1779828919.305,
			""ts_duration"": 8.08300018310547,
			""ts_ended"": 1779828911.222,
			""ts_skipped"": 1779828911.222,
			""ts_started"": 1779828910.173
		},
		{
			""chars"": 201,
			""speaker"": ""Prompto"",
			""text"": ""The news hurts me, but seeing our datacenter light up makes me happy!...However we now have a new problem. We are getting a lot of wasteful prompts. Should we educate our users on how to prompt better?"",
			""ts_closed"": 1779828946.504,
			""ts_duration"": 5.85099983215332,
			""ts_ended"": 1779828940.653,
			""ts_skipped"": 1779828940.653,
			""ts_started"": 1779828938.088
		},
		{
			""chars"": 260,
			""speaker"": ""Prompto"",
			""text"": ""Congratulations your education was a success! You have reduced token usage and we now have enough compute and electricity to handle all the incoming prompts. However all this now creates a heating issue, we are going to need access to water to cool our server!"",
			""ts_closed"": 1779828985.171,
			""ts_duration"": 6.30800008773804,
			""ts_ended"": 1779828978.863,
			""ts_skipped"": 1779828978.863,
			""ts_started"": 1779828977.538
		},
		{
			""chars"": 138,
			""speaker"": ""Prompto"",
			""text"": ""Okay we have access to water now, but it is not sufficient to cool down all our servers, choose another river to get access to more water!"",
			""ts_closed"": 1779828991.503,
			""ts_duration"": 4.44000005722046,
			""ts_ended"": 1779828987.063,
			""ts_skipped"": 1779828987.063,
			""ts_started"": 1779828985.637
		},
		{
			""chars"": 157,
			""speaker"": ""Ally"",
			""text"": ""This is the final report compiled by my team. Please read it carefully as it is very serious. Click any card to reveal its details, click again to hide them."",
			""ts_closed"": 1779829015.454,
			""ts_duration"": 1.1159999370575,
			""ts_ended"": 1779829014.338,
			""ts_skipped"": null,
			""ts_started"": 1779829008.752
		}
	],
	""electricity_choice"": {
		""ts_chosen"": 1779828919.052,
		""ts_duration"": 15.7639999389648,
		""ts_started"": 1779828903.288,
		""value"": ""far""
	},
	""land_choice"": {
		""ts_chosen"": 1779828845.021,
		""ts_duration"": 57.4489998817444,
		""ts_started"": 1779828787.572,
		""value"": ""THIRD""
	},
	""newspapers"": [
		{
			""article"": ""FOREST"",
			""ts_closed"": 1779828869.071,
			""ts_duration"": 20.5500001907349,
			""ts_opened"": 1779828848.521
		},
		{
			""article"": ""PRICES_LAPTOPS"",
			""ts_closed"": 1779828910.171,
			""ts_duration"": 4.36700010299683,
			""ts_opened"": 1779828905.804
		},
		{
			""article"": ""SCIENTIST"",
			""ts_closed"": 1779828937.087,
			""ts_duration"": 14.0329999923706,
			""ts_opened"": 1779828923.054
		},
		{
			""article"": ""WATER_CRISIS"",
			""ts_closed"": 1779829005.02,
			""ts_duration"": 11.5490000247955,
			""ts_opened"": 1779828993.471
		}
	],
	""session"": {
		""debug"": false,
		""player_name"": ""Alex_bestie_chipmunkXD"",
		""ts_duration"": 339.416000127792,
		""ts_ended"": 1779829085.538,
		""ts_started"": 1779828746.122
	},
	""stages"": [
		{
			""index"": 0,
			""name"": ""0 01_intro_stage"",
			""ts_duration"": 41.4400000572205,
			""ts_ended"": 1779828787.572,
			""ts_started"": 1779828746.132
		},
		{
			""index"": 1,
			""name"": ""1 1_land_choice_stage"",
			""ts_duration"": 86.2950000762939,
			""ts_ended"": 1779828873.872,
			""ts_started"": 1779828787.577
		},
		{
			""index"": 2,
			""name"": ""2 02_shop_stage"",
			""ts_duration"": 29.3970000743866,
			""ts_ended"": 1779828903.288,
			""ts_started"": 1779828873.891
		},
		{
			""index"": 3,
			""name"": ""3 03_energy_scene"",
			""ts_duration"": 41.8100001811981,
			""ts_ended"": 1779828945.104,
			""ts_started"": 1779828903.294
		},
		{
			""index"": 4,
			""name"": ""4 04_classroom_tscn"",
			""ts_duration"": 32.4079999923706,
			""ts_ended"": 1779828977.537,
			""ts_started"": 1779828945.129
		},
		{
			""index"": 5,
			""name"": ""5 4_stage"",
			""ts_duration"": 31.1819999217987,
			""ts_ended"": 1779829008.72,
			""ts_started"": 1779828977.538
		}
	],
	""water_choices"": [
		{
			""ts_chosen"": 1779828984.909,
			""ts_duration"": 6.0460000038147,
			""ts_started"": 1779828978.863,
			""value"": ""west""
		},
		{
			""ts_chosen"": 1779828991.244,
			""ts_duration"": 4.18099999427795,
			""ts_started"": 1779828987.063,
			""value"": ""east""
		}
	]
}"
"2026/05/27 1:17:41 AM GMT+3","{
	""classroom_quizzes"": [
		{
			""answer_chosen"": ""Ask AI to summarize everything."",
			""answer_correct"": false,
			""question"": ""You need to summarize a 3-page document. What's the most energy-conscious way to use AI for this?"",
			""scene"": ""Sub-scene3"",
			""ts_answerchosen"": 1779833525.719,
			""ts_duration"": 5.41000008583069,
			""ts_ended"": 1779833520.309,
			""ts_skipped"": null,
			""ts_started"": 1779833517.859
		},
		{
			""answer_chosen"": ""Write it yourself. Ask AI to fix unclear parts."",
			""answer_correct"": true,
			""question"": ""You want AI to help write a work email. Which prompt approach saves the most energy?"",
			""scene"": ""Sub-scene4"",
			""ts_answerchosen"": 1779833560.761,
			""ts_duration"": 24.3839998245239,
			""ts_ended"": 1779833536.377,
			""ts_skipped"": null,
			""ts_started"": 1779833534.251
		},
		{
			""answer_chosen"": ""Brainstorm 5 mins. Ask AI to expand your top 2–3 ideas."",
			""answer_correct"": true,
			""question"": ""You need to brainstorm ideas for a project. How do you prompt AI most sustainably?"",
			""scene"": ""Sub-scene5"",
			""ts_answerchosen"": 1779833585.759,
			""ts_duration"": 20.8819999694824,
			""ts_ended"": 1779833564.877,
			""ts_skipped"": null,
			""ts_started"": 1779833562.801
		}
	],
	""dialogues"": [
		{
			""chars"": 159,
			""speaker"": ""Prompto"",
			""text"": ""Hello, Sami! My name is Prompto, and I’ll be your assistant throughout the game. Before we begin, let me show you the region. \nClick on the screen to continue."",
			""ts_closed"": 1779833322.363,
			""ts_duration"": 8.11999988555908,
			""ts_ended"": 1779833314.243,
			""ts_skipped"": null,
			""ts_started"": 1779833308.596
		},
		{
			""chars"": 41,
			""speaker"": ""Prompto"",
			""text"": ""In the top left is the village of Pontia."",
			""ts_closed"": 1779833328.933,
			""ts_duration"": 3.85300016403198,
			""ts_ended"": 1779833325.08,
			""ts_skipped"": null,
			""ts_started"": 1779833323.367
		},
		{
			""chars"": 38,
			""speaker"": ""Prompto"",
			""text"": ""In the top center you'll find Petalia."",
			""ts_closed"": 1779833334.873,
			""ts_duration"": 3.32299995422363,
			""ts_ended"": 1779833331.55,
			""ts_skipped"": null,
			""ts_started"": 1779833329.935
		},
		{
			""chars"": 36,
			""speaker"": ""Prompto"",
			""text"": ""And on the bottom right is Fontania."",
			""ts_closed"": 1779833338.96,
			""ts_duration"": 1.53500008583069,
			""ts_ended"": 1779833337.425,
			""ts_skipped"": null,
			""ts_started"": 1779833335.875
		},
		{
			""chars"": 139,
			""speaker"": ""Prompto"",
			""text"": ""Your AI datacenter is located in the center. Any buildings, infrastructure, or assets you own will be highlighted in your company's colors."",
			""ts_closed"": 1779833347.46,
			""ts_duration"": 2.51500010490417,
			""ts_ended"": 1779833344.945,
			""ts_skipped"": null,
			""ts_started"": 1779833339.963
		},
		{
			""chars"": 223,
			""speaker"": ""Prompto"",
			""text"": ""I monitor AI demand across the region. Recently, I detected a dramatic increase in requests coming from all three villages. Our current infrastructure can no longer keep up with demand. If we do nothing, requests will fail."",
			""ts_closed"": 1779833357.118,
			""ts_duration"": 2.39600014686584,
			""ts_ended"": 1779833354.722,
			""ts_skipped"": 1779833354.722,
			""ts_started"": 1779833348.463
		},
		{
			""chars"": 127,
			""speaker"": ""Prompto"",
			""text"": ""This is our datacenter today. It won't keep up much longer, we need to expand! The first call is yours: show me where to build!"",
			""ts_closed"": 1779833370.363,
			""ts_duration"": 8.64499998092651,
			""ts_ended"": 1779833361.718,
			""ts_skipped"": null,
			""ts_started"": 1779833357.12
		},
		{
			""chars"": 337,
			""speaker"": ""Joe Sellington"",
			""text"": ""Well well, look who walked in! Don't think I've had the pleasure — what was the name again? ...Sami? Ohhh, Sami... now THAT'S a fine name. Lucky for you, today I happen to be running a special for friends with such fine names. You need 5 server racks? I got the best prices in town... today, anyway. Heh heh. Just point at what you want."",
			""ts_closed"": 1779833418.311,
			""ts_duration"": 13.4060001373291,
			""ts_ended"": 1779833404.905,
			""ts_skipped"": 1779833404.905,
			""ts_started"": 1779833400.261
		},
		{
			""chars"": 173,
			""speaker"": ""Joe Sellington"",
			""text"": ""Pleasure doing business Sami! All 5 racks, sold. Did you notice how everything else got pricier while you shopped? Bet a smart one like you can work out why. Come back soon!"",
			""ts_closed"": 1779833447.636,
			""ts_duration"": 1.50300002098083,
			""ts_ended"": 1779833446.133,
			""ts_skipped"": 1779833446.133,
			""ts_started"": 1779833444.403
		},
		{
			""chars"": 169,
			""speaker"": ""Prompto"",
			""text"": ""Ah thats a shame about the students....but your new hardware looks so good! Now we just need to power them up with electrcity. Where do you want to get electricity from?"",
			""ts_closed"": 1779833476.214,
			""ts_duration"": 12.4500000476837,
			""ts_ended"": 1779833463.764,
			""ts_skipped"": null,
			""ts_started"": 1779833457.777
		},
		{
			""chars"": 201,
			""speaker"": ""Prompto"",
			""text"": ""The news hurts me, but seeing our datacenter light up makes me happy!...However we now have a new problem. We are getting a lot of wasteful prompts. Should we educate our users on how to prompt better?"",
			""ts_closed"": 1779833506.354,
			""ts_duration"": 11.853000164032,
			""ts_ended"": 1779833494.501,
			""ts_skipped"": null,
			""ts_started"": 1779833487.451
		},
		{
			""chars"": 260,
			""speaker"": ""Prompto"",
			""text"": ""Congratulations your education was a success! You have reduced token usage and we now have enough compute and electricity to handle all the incoming prompts. However all this now creates a heating issue, we are going to need access to water to cool our server!"",
			""ts_closed"": 1779833622.95,
			""ts_duration"": 17.4179999828339,
			""ts_ended"": 1779833605.532,
			""ts_skipped"": null,
			""ts_started"": 1779833596.518
		},
		{
			""chars"": 138,
			""speaker"": ""Prompto"",
			""text"": ""Okay we have access to water now, but it is not sufficient to cool down all our servers, choose another river to get access to more water!"",
			""ts_closed"": 1779833638.967,
			""ts_duration"": 10.5970001220703,
			""ts_ended"": 1779833628.37,
			""ts_skipped"": null,
			""ts_started"": 1779833623.422
		},
		{
			""chars"": 157,
			""speaker"": ""Ally"",
			""text"": ""This is the final report compiled by my team. Please read it carefully as it is very serious. Click any card to reveal its details, click again to hide them."",
			""ts_closed"": 1779833670.962,
			""ts_duration"": 8.375,
			""ts_ended"": 1779833662.587,
			""ts_skipped"": null,
			""ts_started"": 1779833657.022
		}
	],
	""electricity_choice"": {
		""ts_chosen"": 1779833475.968,
		""ts_duration"": 28.5799999237061,
		""ts_started"": 1779833447.388,
		""value"": ""far""
	},
	""land_choice"": {
		""ts_chosen"": 1779833370.118,
		""ts_duration"": 13.0,
		""ts_started"": 1779833357.118,
		""value"": ""FOURTH""
	},
	""newspapers"": [
		{
			""article"": ""FARMLAND"",
			""ts_closed"": 1779833395.108,
			""ts_duration"": 21.4920001029968,
			""ts_opened"": 1779833373.616
		},
		{
			""article"": ""PRICES_LAPTOPS"",
			""ts_closed"": 1779833457.776,
			""ts_duration"": 7.88499999046326,
			""ts_opened"": 1779833449.891
		},
		{
			""article"": ""SCIENTIST"",
			""ts_closed"": 1779833486.449,
			""ts_duration"": 6.4779999256134,
			""ts_opened"": 1779833479.971
		},
		{
			""article"": ""WATER_CRISIS"",
			""ts_closed"": 1779833646.502,
			""ts_duration"": 6.1800000667572,
			""ts_opened"": 1779833640.322
		}
	],
	""session"": {
		""debug"": false,
		""player_name"": ""Sami"",
		""ts_duration"": 624.674000024796,
		""ts_ended"": 1779833861.776,
		""ts_started"": 1779833237.102
	},
	""stages"": [
		{
			""index"": 0,
			""name"": ""0 01_intro_stage"",
			""ts_duration"": 120.009000062943,
			""ts_ended"": 1779833357.118,
			""ts_started"": 1779833237.109
		},
		{
			""index"": 1,
			""name"": ""1 1_land_choice_stage"",
			""ts_duration"": 43.1330001354218,
			""ts_ended"": 1779833400.253,
			""ts_started"": 1779833357.12
		},
		{
			""index"": 2,
			""name"": ""2 02_shop_stage"",
			""ts_duration"": 47.1270000934601,
			""ts_ended"": 1779833447.388,
			""ts_started"": 1779833400.261
		},
		{
			""index"": 3,
			""name"": ""3 03_energy_scene"",
			""ts_duration"": 58.1319999694824,
			""ts_ended"": 1779833505.524,
			""ts_started"": 1779833447.392
		},
		{
			""index"": 4,
			""name"": ""4 04_classroom_tscn"",
			""ts_duration"": 90.9789998531342,
			""ts_ended"": 1779833596.517,
			""ts_started"": 1779833505.538
		},
		{
			""index"": 5,
			""name"": ""5 4_stage"",
			""ts_duration"": 60.4870002269745,
			""ts_ended"": 1779833657.005,
			""ts_started"": 1779833596.518
		}
	],
	""water_choices"": [
		{
			""ts_chosen"": 1779833622.702,
			""ts_duration"": 17.1699998378754,
			""ts_started"": 1779833605.532,
			""value"": ""west""
		},
		{
			""ts_chosen"": 1779833638.719,
			""ts_duration"": 10.3490002155304,
			""ts_started"": 1779833628.37,
			""value"": ""west""
		}
	]
}"
"2026/05/27 1:43:51 AM GMT+3","{
	""classroom_quizzes"": [
		{
			""answer_chosen"": ""Read first. Pick 2–3 key points. Ask one clear question."",
			""answer_correct"": true,
			""question"": ""You need to summarize a 3-page document. What's the most energy-conscious way to use AI for this?"",
			""scene"": ""Sub-scene3"",
			""ts_answerchosen"": 1779835053.099,
			""ts_duration"": 6.39299988746643,
			""ts_ended"": 1779835046.706,
			""ts_skipped"": 1779835046.706,
			""ts_started"": 1779835045.531
		},
		{
			""answer_chosen"": ""Write it yourself. Ask AI to fix unclear parts."",
			""answer_correct"": true,
			""question"": ""You want AI to help write a work email. Which prompt approach saves the most energy?"",
			""scene"": ""Sub-scene4"",
			""ts_answerchosen"": 1779835078.786,
			""ts_duration"": 14.6840000152588,
			""ts_ended"": 1779835064.102,
			""ts_skipped"": null,
			""ts_started"": 1779835061.976
		},
		{
			""answer_chosen"": ""Brainstorm 5 mins. Ask AI to expand your top 2–3 ideas."",
			""answer_correct"": true,
			""question"": ""You need to brainstorm ideas for a project. How do you prompt AI most sustainably?"",
			""scene"": ""Sub-scene5"",
			""ts_answerchosen"": 1779835096.828,
			""ts_duration"": 8.40100002288818,
			""ts_ended"": 1779835088.427,
			""ts_skipped"": null,
			""ts_started"": 1779835086.363
		}
	],
	""dialogues"": [
		{
			""chars"": 160,
			""speaker"": ""Prompto"",
			""text"": ""Hello, Thilo! My name is Prompto, and I’ll be your assistant throughout the game. Before we begin, let me show you the region. \nClick on the screen to continue."",
			""ts_closed"": 1779834776.239,
			""ts_duration"": 1.5090000629425,
			""ts_ended"": 1779834774.73,
			""ts_skipped"": null,
			""ts_started"": 1779834769.051
		},
		{
			""chars"": 41,
			""speaker"": ""Prompto"",
			""text"": ""In the top left is the village of Pontia."",
			""ts_closed"": 1779834784.486,
			""ts_duration"": 5.52600002288818,
			""ts_ended"": 1779834778.96,
			""ts_skipped"": null,
			""ts_started"": 1779834777.244
		},
		{
			""chars"": 38,
			""speaker"": ""Prompto"",
			""text"": ""In the top center you'll find Petalia."",
			""ts_closed"": 1779834790.512,
			""ts_duration"": 3.40499997138977,
			""ts_ended"": 1779834787.107,
			""ts_skipped"": null,
			""ts_started"": 1779834785.49
		},
		{
			""chars"": 36,
			""speaker"": ""Prompto"",
			""text"": ""And on the bottom right is Fontania."",
			""ts_closed"": 1779834796.9,
			""ts_duration"": 3.83800005912781,
			""ts_ended"": 1779834793.062,
			""ts_skipped"": null,
			""ts_started"": 1779834791.512
		},
		{
			""chars"": 139,
			""speaker"": ""Prompto"",
			""text"": ""Your AI datacenter is located in the center. Any buildings, infrastructure, or assets you own will be highlighted in your company's colors."",
			""ts_closed"": 1779834809.052,
			""ts_duration"": 6.16799998283386,
			""ts_ended"": 1779834802.884,
			""ts_skipped"": null,
			""ts_started"": 1779834797.905
		},
		{
			""chars"": 223,
			""speaker"": ""Prompto"",
			""text"": ""I monitor AI demand across the region. Recently, I detected a dramatic increase in requests coming from all three villages. Our current infrastructure can no longer keep up with demand. If we do nothing, requests will fail."",
			""ts_closed"": 1779834822.25,
			""ts_duration"": 4.40899991989136,
			""ts_ended"": 1779834817.841,
			""ts_skipped"": null,
			""ts_started"": 1779834810.057
		},
		{
			""chars"": 127,
			""speaker"": ""Prompto"",
			""text"": ""This is our datacenter today. It won't keep up much longer, we need to expand! The first call is yours: show me where to build!"",
			""ts_closed"": 1779834854.464,
			""ts_duration"": 27.6210000514984,
			""ts_ended"": 1779834826.843,
			""ts_skipped"": null,
			""ts_started"": 1779834822.252
		},
		{
			""chars"": 339,
			""speaker"": ""Joe Sellington"",
			""text"": ""Well well, look who walked in! Don't think I've had the pleasure — what was the name again? ...Thilo? Ohhh, Thilo... now THAT'S a fine name. Lucky for you, today I happen to be running a special for friends with such fine names. You need 5 server racks? I got the best prices in town... today, anyway. Heh heh. Just point at what you want."",
			""ts_closed"": 1779834908.656,
			""ts_duration"": 8.54099988937378,
			""ts_ended"": 1779834900.115,
			""ts_skipped"": 1779834900.115,
			""ts_started"": 1779834889.449
		},
		{
			""chars"": 174,
			""speaker"": ""Joe Sellington"",
			""text"": ""Pleasure doing business Thilo! All 5 racks, sold. Did you notice how everything else got pricier while you shopped? Bet a smart one like you can work out why. Come back soon!"",
			""ts_closed"": 1779834930.693,
			""ts_duration"": 6.51800012588501,
			""ts_ended"": 1779834924.175,
			""ts_skipped"": null,
			""ts_started"": 1779834918.031
		},
		{
			""chars"": 169,
			""speaker"": ""Prompto"",
			""text"": ""Ah thats a shame about the students....but your new hardware looks so good! Now we just need to power them up with electrcity. Where do you want to get electricity from?"",
			""ts_closed"": 1779834989.094,
			""ts_duration"": 19.8950002193451,
			""ts_ended"": 1779834969.199,
			""ts_skipped"": null,
			""ts_started"": 1779834963.22
		},
		{
			""chars"": 201,
			""speaker"": ""Prompto"",
			""text"": ""The news hurts me, but seeing our datacenter light up makes me happy!...However we now have a new problem. We are getting a lot of wasteful prompts. Should we educate our users on how to prompt better?"",
			""ts_closed"": 1779835032.93,
			""ts_duration"": 6.19700002670288,
			""ts_ended"": 1779835026.733,
			""ts_skipped"": null,
			""ts_started"": 1779835019.691
		},
		{
			""chars"": 260,
			""speaker"": ""Prompto"",
			""text"": ""Congratulations your education was a success! You have reduced token usage and we now have enough compute and electricity to handle all the incoming prompts. However all this now creates a heating issue, we are going to need access to water to cool our server!"",
			""ts_closed"": 1779835137.089,
			""ts_duration"": 12.6480000019073,
			""ts_ended"": 1779835124.441,
			""ts_skipped"": null,
			""ts_started"": 1779835115.424
		},
		{
			""chars"": 138,
			""speaker"": ""Prompto"",
			""text"": ""Okay we have access to water now, but it is not sufficient to cool down all our servers, choose another river to get access to more water!"",
			""ts_closed"": 1779835149.803,
			""ts_duration"": 10.7939999103546,
			""ts_ended"": 1779835139.009,
			""ts_skipped"": 1779835139.009,
			""ts_started"": 1779835137.556
		},
		{
			""chars"": 157,
			""speaker"": ""Ally"",
			""text"": ""This is the final report compiled by my team. Please read it carefully as it is very serious. Click any card to reveal its details, click again to hide them."",
			""ts_closed"": 1779835200.549,
			""ts_duration"": 2.51699995994568,
			""ts_ended"": 1779835198.032,
			""ts_skipped"": null,
			""ts_started"": 1779835192.48
		}
	],
	""electricity_choice"": {
		""ts_chosen"": 1779834988.845,
		""ts_duration"": 58.4060001373291,
		""ts_started"": 1779834930.439,
		""value"": ""close""
	},
	""land_choice"": {
		""ts_chosen"": 1779834854.216,
		""ts_duration"": 31.9660000801086,
		""ts_started"": 1779834822.25,
		""value"": ""SECOND""
	},
	""newspapers"": [
		{
			""article"": ""VILLAGE_TOO_CLOSE"",
			""ts_closed"": 1779834881.785,
			""ts_duration"": 24.0750000476837,
			""ts_opened"": 1779834857.71
		},
		{
			""article"": ""PRICES_LAPTOPS"",
			""ts_closed"": 1779834963.219,
			""ts_duration"": 30.2760000228882,
			""ts_opened"": 1779834932.943
		},
		{
			""article"": ""WINTER"",
			""ts_closed"": 1779835018.686,
			""ts_duration"": 25.8370001316071,
			""ts_opened"": 1779834992.849
		},
		{
			""article"": ""WATER_CRISIS"",
			""ts_closed"": 1779835179.304,
			""ts_duration"": 27.5419998168945,
			""ts_opened"": 1779835151.762
		}
	],
	""session"": {
		""debug"": false,
		""player_name"": ""Thilo"",
		""ts_duration"": 690.740000009537,
		""ts_ended"": 1779835431.594,
		""ts_started"": 1779834740.854
	},
	""stages"": [
		{
			""index"": 0,
			""name"": ""0 01_intro_stage"",
			""ts_duration"": 81.3900001049042,
			""ts_ended"": 1779834822.25,
			""ts_started"": 1779834740.86
		},
		{
			""index"": 1,
			""name"": ""1 1_land_choice_stage"",
			""ts_duration"": 67.1879999637604,
			""ts_ended"": 1779834889.44,
			""ts_started"": 1779834822.252
		},
		{
			""index"": 2,
			""name"": ""2 02_shop_stage"",
			""ts_duration"": 40.9900000095367,
			""ts_ended"": 1779834930.439,
			""ts_started"": 1779834889.449
		},
		{
			""index"": 3,
			""name"": ""3 03_energy_scene"",
			""ts_duration"": 101.678999900818,
			""ts_ended"": 1779835032.122,
			""ts_started"": 1779834930.443
		},
		{
			""index"": 4,
			""name"": ""4 04_classroom_tscn"",
			""ts_duration"": 83.2870001792908,
			""ts_ended"": 1779835115.423,
			""ts_started"": 1779835032.136
		},
		{
			""index"": 5,
			""name"": ""5 4_stage"",
			""ts_duration"": 77.0360000133514,
			""ts_ended"": 1779835192.46,
			""ts_started"": 1779835115.424
		}
	],
	""water_choices"": [
		{
			""ts_chosen"": 1779835136.836,
			""ts_duration"": 12.3949999809265,
			""ts_started"": 1779835124.441,
			""value"": ""west""
		},
		{
			""ts_chosen"": 1779835149.556,
			""ts_duration"": 10.5469999313354,
			""ts_started"": 1779835139.009,
			""value"": ""east""
		}
	]
}"
"2026/05/27 11:36:06 AM GMT+3","{
	""classroom_quizzes"": [
		{
			""answer_chosen"": ""Read first. Pick 2–3 key points. Ask one clear question."",
			""answer_correct"": true,
			""question"": ""You need to summarize a 3-page document. What's the most energy-conscious way to use AI for this?"",
			""scene"": ""Sub-scene3"",
			""ts_answerchosen"": 1779870609.619,
			""ts_duration"": 11.2239999771118,
			""ts_ended"": 1779870598.395,
			""ts_skipped"": null,
			""ts_started"": 1779870595.597
		},
		{
			""answer_chosen"": ""Write it yourself. Ask AI to fix unclear parts."",
			""answer_correct"": true,
			""question"": ""You want AI to help write a work email. Which prompt approach saves the most energy?"",
			""scene"": ""Sub-scene4"",
			""ts_answerchosen"": 1779870626.58,
			""ts_duration"": 5.04900002479553,
			""ts_ended"": 1779870621.531,
			""ts_skipped"": null,
			""ts_started"": 1779870618.648
		},
		{
			""answer_chosen"": ""Brainstorm 5 mins. Ask AI to expand your top 2–3 ideas."",
			""answer_correct"": true,
			""question"": ""You need to brainstorm ideas for a project. How do you prompt AI most sustainably?"",
			""scene"": ""Sub-scene5"",
			""ts_answerchosen"": 1779870646.133,
			""ts_duration"": 8.90299987792969,
			""ts_ended"": 1779870637.23,
			""ts_skipped"": null,
			""ts_started"": 1779870634.877
		}
	],
	""dialogues"": [
		{
			""chars"": 168,
			""speaker"": ""Prompto"",
			""text"": ""Hello, alex_frentsch! My name is Prompto, and I’ll be your assistant throughout the game. Before we begin, let me show you the region. \nClick on the screen to continue."",
			""ts_closed"": 1779870340.101,
			""ts_duration"": 1.13900017738342,
			""ts_ended"": 1779870338.962,
			""ts_skipped"": null,
			""ts_started"": 1779870333.01
		},
		{
			""chars"": 41,
			""speaker"": ""Prompto"",
			""text"": ""In the top left is the village of Pontia."",
			""ts_closed"": 1779870347.341,
			""ts_duration"": 4.51900005340576,
			""ts_ended"": 1779870342.822,
			""ts_skipped"": null,
			""ts_started"": 1779870341.097
		},
		{
			""chars"": 38,
			""speaker"": ""Prompto"",
			""text"": ""In the top center you'll find Petalia."",
			""ts_closed"": 1779870352.655,
			""ts_duration"": 2.69599986076355,
			""ts_ended"": 1779870349.959,
			""ts_skipped"": null,
			""ts_started"": 1779870348.349
		},
		{
			""chars"": 36,
			""speaker"": ""Prompto"",
			""text"": ""And on the bottom right is Fontania."",
			""ts_closed"": 1779870357.359,
			""ts_duration"": 2.12199997901917,
			""ts_ended"": 1779870355.237,
			""ts_skipped"": null,
			""ts_started"": 1779870353.662
		},
		{
			""chars"": 139,
			""speaker"": ""Prompto"",
			""text"": ""Your AI datacenter is located in the center. Any buildings, infrastructure, or assets you own will be highlighted in your company's colors."",
			""ts_closed"": 1779870366.205,
			""ts_duration"": 2.87099981307983,
			""ts_ended"": 1779870363.334,
			""ts_skipped"": null,
			""ts_started"": 1779870358.363
		},
		{
			""chars"": 223,
			""speaker"": ""Prompto"",
			""text"": ""I monitor AI demand across the region. Recently, I detected a dramatic increase in requests coming from all three villages. Our current infrastructure can no longer keep up with demand. If we do nothing, requests will fail."",
			""ts_closed"": 1779870377.122,
			""ts_duration"": 1.90599989891052,
			""ts_ended"": 1779870375.216,
			""ts_skipped"": null,
			""ts_started"": 1779870367.233
		},
		{
			""chars"": 127,
			""speaker"": ""Prompto"",
			""text"": ""This is our datacenter today. It won't keep up much longer, we need to expand! The first call is yours: show me where to build!"",
			""ts_closed"": 1779870412.798,
			""ts_duration"": 30.5889999866486,
			""ts_ended"": 1779870382.209,
			""ts_skipped"": null,
			""ts_started"": 1779870377.137
		},
		{
			""chars"": 355,
			""speaker"": ""Joe Sellington"",
			""text"": ""Well well, look who walked in! Don't think I've had the pleasure — what was the name again? ...alex_frentsch? Ohhh, alex_frentsch... now THAT'S a fine name. Lucky for you, today I happen to be running a special for friends with such fine names. You need 5 server racks? I got the best prices in town... today, anyway. Heh heh. Just point at what you want."",
			""ts_closed"": 1779870461.279,
			""ts_duration"": 6.31700015068054,
			""ts_ended"": 1779870454.962,
			""ts_skipped"": null,
			""ts_started"": 1779870442.017
		},
		{
			""chars"": 182,
			""speaker"": ""Joe Sellington"",
			""text"": ""Pleasure doing business alex_frentsch! All 5 racks, sold. Did you notice how everything else got pricier while you shopped? Bet a smart one like you can work out why. Come back soon!"",
			""ts_closed"": 1779870500.045,
			""ts_duration"": 3.03600001335144,
			""ts_ended"": 1779870497.009,
			""ts_skipped"": null,
			""ts_started"": 1779870490.634
		},
		{
			""chars"": 169,
			""speaker"": ""Prompto"",
			""text"": ""Ah thats a shame about the students....but your new hardware looks so good! Now we just need to power them up with electrcity. Where do you want to get electricity from?"",
			""ts_closed"": 1779870544.171,
			""ts_duration"": 10.7160000801086,
			""ts_ended"": 1779870533.455,
			""ts_skipped"": null,
			""ts_started"": 1779870527.477
		},
		{
			""chars"": 201,
			""speaker"": ""Prompto"",
			""text"": ""The news hurts me, but seeing our datacenter light up makes me happy!...However we now have a new problem. We are getting a lot of wasteful prompts. Should we educate our users on how to prompt better?"",
			""ts_closed"": 1779870582.325,
			""ts_duration"": 6.60000014305115,
			""ts_ended"": 1779870575.725,
			""ts_skipped"": null,
			""ts_started"": 1779870568.673
		},
		{
			""chars"": 260,
			""speaker"": ""Prompto"",
			""text"": ""Congratulations your education was a success! You have reduced token usage and we now have enough compute and electricity to handle all the incoming prompts. However all this now creates a heating issue, we are going to need access to water to cool our server!"",
			""ts_closed"": 1779870669.329,
			""ts_duration"": 11.4660000801086,
			""ts_ended"": 1779870657.863,
			""ts_skipped"": null,
			""ts_started"": 1779870648.86
		},
		{
			""chars"": 138,
			""speaker"": ""Prompto"",
			""text"": ""Okay we have access to water now, but it is not sufficient to cool down all our servers, choose another river to get access to more water!"",
			""ts_closed"": 1779870696.629,
			""ts_duration"": 21.8959999084473,
			""ts_ended"": 1779870674.733,
			""ts_skipped"": null,
			""ts_started"": 1779870669.773
		},
		{
			""chars"": 157,
			""speaker"": ""Ally"",
			""text"": ""This is the final report compiled by my team. Please read it carefully as it is very serious. Click any card to reveal its details, click again to hide them."",
			""ts_closed"": 1779870768.219,
			""ts_duration"": 16.364000082016,
			""ts_ended"": 1779870751.855,
			""ts_skipped"": null,
			""ts_started"": 1779870745.907
		}
	],
	""electricity_choice"": {
		""ts_chosen"": 1779870543.918,
		""ts_duration"": 44.1310000419617,
		""ts_started"": 1779870499.787,
		""value"": ""far""
	},
	""land_choice"": {
		""ts_chosen"": 1779870412.537,
		""ts_duration"": 35.414999961853,
		""ts_started"": 1779870377.122,
		""value"": ""THIRD""
	},
	""newspapers"": [
		{
			""article"": ""FOREST"",
			""ts_closed"": 1779870436.666,
			""ts_duration"": 20.6419999599457,
			""ts_opened"": 1779870416.024
		},
		{
			""article"": ""PRICES_LAPTOPS"",
			""ts_closed"": 1779870527.474,
			""ts_duration"": 25.154000043869,
			""ts_opened"": 1779870502.32
		},
		{
			""article"": ""SCIENTIST"",
			""ts_closed"": 1779870567.667,
			""ts_duration"": 19.7610001564026,
			""ts_opened"": 1779870547.906
		},
		{
			""article"": ""WATER_CRISIS"",
			""ts_closed"": 1779870733.734,
			""ts_duration"": 35.1740000247955,
			""ts_opened"": 1779870698.56
		}
	],
	""session"": {
		""debug"": false,
		""player_name"": ""alex_frentsch"",
		""ts_duration"": 675.819999933243,
		""ts_ended"": 1779870966.37,
		""ts_started"": 1779870290.55
	},
	""stages"": [
		{
			""index"": 0,
			""name"": ""0 01_intro_stage"",
			""ts_duration"": 86.5529999732971,
			""ts_ended"": 1779870377.122,
			""ts_started"": 1779870290.569
		},
		{
			""index"": 1,
			""name"": ""1 1_land_choice_stage"",
			""ts_duration"": 64.8220000267029,
			""ts_ended"": 1779870441.959,
			""ts_started"": 1779870377.137
		},
		{
			""index"": 2,
			""name"": ""2 02_shop_stage"",
			""ts_duration"": 57.7699999809265,
			""ts_ended"": 1779870499.787,
			""ts_started"": 1779870442.017
		},
		{
			""index"": 3,
			""name"": ""3 03_energy_scene"",
			""ts_duration"": 78.9569997787476,
			""ts_ended"": 1779870578.768,
			""ts_started"": 1779870499.811
		},
		{
			""index"": 4,
			""name"": ""4 04_classroom_tscn"",
			""ts_duration"": 69.9910001754761,
			""ts_ended"": 1779870648.857,
			""ts_started"": 1779870578.866
		},
		{
			""index"": 5,
			""name"": ""5 4_stage"",
			""ts_duration"": 96.8900001049042,
			""ts_ended"": 1779870745.75,
			""ts_started"": 1779870648.86
		}
	],
	""water_choices"": [
		{
			""ts_chosen"": 1779870669.092,
			""ts_duration"": 11.2290000915527,
			""ts_started"": 1779870657.863,
			""value"": ""west""
		},
		{
			""ts_chosen"": 1779870696.364,
			""ts_duration"": 21.6310000419617,
			""ts_started"": 1779870674.733,
			""value"": ""east""
		}
	]
}"
"2026/05/27 11:36:58 AM GMT+3","{
	""classroom_quizzes"": [
		{
			""answer_chosen"": ""Read first. Pick 2–3 key points. Ask one clear question."",
			""answer_correct"": true,
			""question"": ""You need to summarize a 3-page document. What's the most energy-conscious way to use AI for this?"",
			""scene"": ""Sub-scene3"",
			""ts_answerchosen"": 1779870581.321,
			""ts_duration"": 14.8900001049042,
			""ts_ended"": 1779870566.431,
			""ts_skipped"": null,
			""ts_started"": 1779870563.972
		},
		{
			""answer_chosen"": ""Write it yourself. Ask AI to fix unclear parts."",
			""answer_correct"": true,
			""question"": ""You want AI to help write a work email. Which prompt approach saves the most energy?"",
			""scene"": ""Sub-scene4"",
			""ts_answerchosen"": 1779870601.575,
			""ts_duration"": 4.84400010108948,
			""ts_ended"": 1779870596.731,
			""ts_skipped"": null,
			""ts_started"": 1779870594.602
		},
		{
			""answer_chosen"": ""Brainstorm 5 mins. Ask AI to expand your top 2–3 ideas."",
			""answer_correct"": true,
			""question"": ""You need to brainstorm ideas for a project. How do you prompt AI most sustainably?"",
			""scene"": ""Sub-scene5"",
			""ts_answerchosen"": 1779870618.728,
			""ts_duration"": 5.73099994659424,
			""ts_ended"": 1779870612.997,
			""ts_skipped"": null,
			""ts_started"": 1779870610.92
		}
	],
	""dialogues"": [
		{
			""chars"": 163,
			""speaker"": ""Prompto"",
			""text"": ""Hello, alex_lau! My name is Prompto, and I’ll be your assistant throughout the game. Before we begin, let me show you the region. \nClick on the screen to continue."",
			""ts_closed"": 1779870182.723,
			""ts_duration"": 13.8199999332428,
			""ts_ended"": 1779870168.903,
			""ts_skipped"": 1779870168.903,
			""ts_started"": 1779870168.861
		},
		{
			""chars"": 41,
			""speaker"": ""Prompto"",
			""text"": ""In the top left is the village of Pontia."",
			""ts_closed"": 1779870189.305,
			""ts_duration"": 3.86600017547607,
			""ts_ended"": 1779870185.439,
			""ts_skipped"": null,
			""ts_started"": 1779870183.727
		},
		{
			""chars"": 38,
			""speaker"": ""Prompto"",
			""text"": ""In the top center you'll find Petalia."",
			""ts_closed"": 1779870195.705,
			""ts_duration"": 3.78299999237061,
			""ts_ended"": 1779870191.922,
			""ts_skipped"": null,
			""ts_started"": 1779870190.306
		},
		{
			""chars"": 36,
			""speaker"": ""Prompto"",
			""text"": ""And on the bottom right is Fontania."",
			""ts_closed"": 1779870203.138,
			""ts_duration"": 4.88299989700317,
			""ts_ended"": 1779870198.255,
			""ts_skipped"": null,
			""ts_started"": 1779870196.705
		},
		{
			""chars"": 139,
			""speaker"": ""Prompto"",
			""text"": ""Your AI datacenter is located in the center. Any buildings, infrastructure, or assets you own will be highlighted in your company's colors."",
			""ts_closed"": 1779870210.555,
			""ts_duration"": 1.41700005531311,
			""ts_ended"": 1779870209.138,
			""ts_skipped"": null,
			""ts_started"": 1779870204.138
		},
		{
			""chars"": 223,
			""speaker"": ""Prompto"",
			""text"": ""I monitor AI demand across the region. Recently, I detected a dramatic increase in requests coming from all three villages. Our current infrastructure can no longer keep up with demand. If we do nothing, requests will fail."",
			""ts_closed"": 1779870237.321,
			""ts_duration"": 17.9660000801086,
			""ts_ended"": 1779870219.355,
			""ts_skipped"": null,
			""ts_started"": 1779870211.555
		},
		{
			""chars"": 127,
			""speaker"": ""Prompto"",
			""text"": ""This is our datacenter today. It won't keep up much longer, we need to expand! The first call is yours: show me where to build!"",
			""ts_closed"": 1779870296.237,
			""ts_duration"": 54.2660000324249,
			""ts_ended"": 1779870241.971,
			""ts_skipped"": null,
			""ts_started"": 1779870237.328
		},
		{
			""chars"": 345,
			""speaker"": ""Joe Sellington"",
			""text"": ""Well well, look who walked in! Don't think I've had the pleasure — what was the name again? ...alex_lau? Ohhh, alex_lau... now THAT'S a fine name. Lucky for you, today I happen to be running a special for friends with such fine names. You need 5 server racks? I got the best prices in town... today, anyway. Heh heh. Just point at what you want."",
			""ts_closed"": 1779870388.035,
			""ts_duration"": 9.75,
			""ts_ended"": 1779870378.285,
			""ts_skipped"": null,
			""ts_started"": 1779870366.191
		},
		{
			""chars"": 177,
			""speaker"": ""Joe Sellington"",
			""text"": ""Pleasure doing business alex_lau! All 5 racks, sold. Did you notice how everything else got pricier while you shopped? Bet a smart one like you can work out why. Come back soon!"",
			""ts_closed"": 1779870432.785,
			""ts_duration"": 2.33500003814697,
			""ts_ended"": 1779870430.45,
			""ts_skipped"": null,
			""ts_started"": 1779870424.193
		},
		{
			""chars"": 169,
			""speaker"": ""Prompto"",
			""text"": ""Ah thats a shame about the students....but your new hardware looks so good! Now we just need to power them up with electrcity. Where do you want to get electricity from?"",
			""ts_closed"": 1779870493.866,
			""ts_duration"": 22.3989999294281,
			""ts_ended"": 1779870471.467,
			""ts_skipped"": null,
			""ts_started"": 1779870465.47
		},
		{
			""chars"": 201,
			""speaker"": ""Prompto"",
			""text"": ""The news hurts me, but seeing our datacenter light up makes me happy!...However we now have a new problem. We are getting a lot of wasteful prompts. Should we educate our users on how to prompt better?"",
			""ts_closed"": 1779870546.099,
			""ts_duration"": 11.1169998645782,
			""ts_ended"": 1779870534.982,
			""ts_skipped"": null,
			""ts_started"": 1779870527.916
		},
		{
			""chars"": 260,
			""speaker"": ""Prompto"",
			""text"": ""Congratulations your education was a success! You have reduced token usage and we now have enough compute and electricity to handle all the incoming prompts. However all this now creates a heating issue, we are going to need access to water to cool our server!"",
			""ts_closed"": 1779870655.93,
			""ts_duration"": 10.25,
			""ts_ended"": 1779870645.68,
			""ts_skipped"": null,
			""ts_started"": 1779870636.665
		},
		{
			""chars"": 138,
			""speaker"": ""Prompto"",
			""text"": ""Okay we have access to water now, but it is not sufficient to cool down all our servers, choose another river to get access to more water!"",
			""ts_closed"": 1779870667.463,
			""ts_duration"": 6.10000014305115,
			""ts_ended"": 1779870661.363,
			""ts_skipped"": null,
			""ts_started"": 1779870656.397
		},
		{
			""chars"": 157,
			""speaker"": ""Ally"",
			""text"": ""This is the final report compiled by my team. Please read it carefully as it is very serious. Click any card to reveal its details, click again to hide them."",
			""ts_closed"": 1779870760.545,
			""ts_duration"": 9.03299999237061,
			""ts_ended"": 1779870751.512,
			""ts_skipped"": null,
			""ts_started"": 1779870745.96
		}
	],
	""electricity_choice"": {
		""ts_chosen"": 1779870493.607,
		""ts_duration"": 61.1060001850128,
		""ts_started"": 1779870432.501,
		""value"": ""far""
	},
	""land_choice"": {
		""ts_chosen"": 1779870295.976,
		""ts_duration"": 58.6549999713898,
		""ts_started"": 1779870237.321,
		""value"": ""FIRST""
	},
	""newspapers"": [
		{
			""article"": ""FARMLAND"",
			""ts_closed"": 1779870361.135,
			""ts_duration"": 61.6480000019073,
			""ts_opened"": 1779870299.487
		},
		{
			""article"": ""PRICES_LAPTOPS"",
			""ts_closed"": 1779870465.467,
			""ts_duration"": 30.433000087738,
			""ts_opened"": 1779870435.034
		},
		{
			""article"": ""SCIENTIST"",
			""ts_closed"": 1779870526.916,
			""ts_duration"": 29.2829999923706,
			""ts_opened"": 1779870497.633
		},
		{
			""article"": ""WATER_CRISIS"",
			""ts_closed"": 1779870703.163,
			""ts_duration"": 32.7829999923706,
			""ts_opened"": 1779870670.38
		}
	],
	""session"": {
		""debug"": false,
		""player_name"": ""alex_lau"",
		""ts_duration"": 866.695000171661,
		""ts_ended"": 1779871018.384,
		""ts_started"": 1779870151.689
	},
	""stages"": [
		{
			""index"": 0,
			""name"": ""0 01_intro_stage"",
			""ts_duration"": 85.6150000095367,
			""ts_ended"": 1779870237.321,
			""ts_started"": 1779870151.706
		},
		{
			""index"": 1,
			""name"": ""1 1_land_choice_stage"",
			""ts_duration"": 128.84099984169,
			""ts_ended"": 1779870366.169,
			""ts_started"": 1779870237.328
		},
		{
			""index"": 2,
			""name"": ""2 02_shop_stage"",
			""ts_duration"": 66.3099999427795,
			""ts_ended"": 1779870432.501,
			""ts_started"": 1779870366.191
		},
		{
			""index"": 3,
			""name"": ""3 03_energy_scene"",
			""ts_duration"": 112.302000045776,
			""ts_ended"": 1779870544.815,
			""ts_started"": 1779870432.513
		},
		{
			""index"": 4,
			""name"": ""4 04_classroom_tscn"",
			""ts_duration"": 91.8210000991821,
			""ts_ended"": 1779870636.663,
			""ts_started"": 1779870544.842
		},
		{
			""index"": 5,
			""name"": ""5 4_stage"",
			""ts_duration"": 109.263000011444,
			""ts_ended"": 1779870745.928,
			""ts_started"": 1779870636.665
		}
	],
	""water_choices"": [
		{
			""ts_chosen"": 1779870655.676,
			""ts_duration"": 9.99600005149841,
			""ts_started"": 1779870645.68,
			""value"": ""west""
		},
		{
			""ts_chosen"": 1779870667.206,
			""ts_duration"": 5.84300017356873,
			""ts_started"": 1779870661.363,
			""value"": ""north""
		}
	]
}"
"2026/05/27 11:58:43 AM GMT+3","{
	""classroom_quizzes"": [
		{
			""answer_chosen"": ""Read first. Pick 2–3 key points. Ask one clear question."",
			""answer_correct"": true,
			""question"": ""You need to summarize a 3-page document. What's the most energy-conscious way to use AI for this?"",
			""scene"": ""Sub-scene3"",
			""ts_answerchosen"": 1779872275.56,
			""ts_duration"": 1.43799996376038,
			""ts_ended"": 1779872274.122,
			""ts_skipped"": 1779872274.122,
			""ts_started"": 1779872273.361
		},
		{
			""answer_chosen"": ""Write it yourself. Ask AI to fix unclear parts."",
			""answer_correct"": true,
			""question"": ""You want AI to help write a work email. Which prompt approach saves the most energy?"",
			""scene"": ""Sub-scene4"",
			""ts_answerchosen"": 1779872279.296,
			""ts_duration"": 1.60899996757507,
			""ts_ended"": 1779872277.687,
			""ts_skipped"": 1779872277.687,
			""ts_started"": 1779872276.922
		},
		{
			""answer_chosen"": ""Brainstorm 5 mins. Ask AI to expand your top 2–3 ideas."",
			""answer_correct"": true,
			""question"": ""You need to brainstorm ideas for a project. How do you prompt AI most sustainably?"",
			""scene"": ""Sub-scene5"",
			""ts_answerchosen"": 1779872283.56,
			""ts_duration"": 1.93099999427795,
			""ts_ended"": 1779872281.629,
			""ts_skipped"": 1779872281.628,
			""ts_started"": 1779872280.878
		}
	],
	""dialogues"": [
		{
			""chars"": 168,
			""speaker"": ""Prompto"",
			""text"": ""Hello, alex_frentsch! My name is Prompto, and I’ll be your assistant throughout the game. Before we begin, let me show you the region. \nClick on the screen to continue."",
			""ts_closed"": 1779872125.013,
			""ts_duration"": 0.940999984741211,
			""ts_ended"": 1779872124.072,
			""ts_skipped"": 1779872124.072,
			""ts_started"": 1779872123.198
		},
		{
			""chars"": 41,
			""speaker"": ""Prompto"",
			""text"": ""In the top left is the village of Pontia."",
			""ts_closed"": 1779872127.647,
			""ts_duration"": 0.970999956130981,
			""ts_ended"": 1779872126.676,
			""ts_skipped"": 1779872126.676,
			""ts_started"": 1779872126.016
		},
		{
			""chars"": 38,
			""speaker"": ""Prompto"",
			""text"": ""In the top center you'll find Petalia."",
			""ts_closed"": 1779872129.681,
			""ts_duration"": 1.00200009346008,
			""ts_ended"": 1779872128.679,
			""ts_skipped"": 1779872128.679,
			""ts_started"": 1779872128.648
		},
		{
			""chars"": 36,
			""speaker"": ""Prompto"",
			""text"": ""And on the bottom right is Fontania."",
			""ts_closed"": 1779872131.616,
			""ts_duration"": 0.924999952316284,
			""ts_ended"": 1779872130.691,
			""ts_skipped"": 1779872130.691,
			""ts_started"": 1779872130.682
		},
		{
			""chars"": 139,
			""speaker"": ""Prompto"",
			""text"": ""Your AI datacenter is located in the center. Any buildings, infrastructure, or assets you own will be highlighted in your company's colors."",
			""ts_closed"": 1779872137.338,
			""ts_duration"": 4.02900004386902,
			""ts_ended"": 1779872133.309,
			""ts_skipped"": 1779872133.309,
			""ts_started"": 1779872132.617
		},
		{
			""chars"": 223,
			""speaker"": ""Prompto"",
			""text"": ""I monitor AI demand across the region. Recently, I detected a dramatic increase in requests coming from all three villages. Our current infrastructure can no longer keep up with demand. If we do nothing, requests will fail."",
			""ts_closed"": 1779872141.29,
			""ts_duration"": 0.891999959945679,
			""ts_ended"": 1779872140.398,
			""ts_skipped"": 1779872140.398,
			""ts_started"": 1779872138.354
		},
		{
			""chars"": 127,
			""speaker"": ""Prompto"",
			""text"": ""This is our datacenter today. It won't keep up much longer, we need to expand! The first call is yours: show me where to build!"",
			""ts_closed"": 1779872164.639,
			""ts_duration"": 18.5460000038147,
			""ts_ended"": 1779872146.093,
			""ts_skipped"": null,
			""ts_started"": 1779872141.295
		},
		{
			""chars"": 355,
			""speaker"": ""Joe Sellington"",
			""text"": ""Well well, look who walked in! Don't think I've had the pleasure — what was the name again? ...alex_frentsch? Ohhh, alex_frentsch... now THAT'S a fine name. Lucky for you, today I happen to be running a special for friends with such fine names. You need 5 server racks? I got the best prices in town... today, anyway. Heh heh. Just point at what you want."",
			""ts_closed"": 1779872223.11,
			""ts_duration"": 1.86699986457825,
			""ts_ended"": 1779872221.243,
			""ts_skipped"": null,
			""ts_started"": 1779872208.306
		},
		{
			""chars"": 182,
			""speaker"": ""Joe Sellington"",
			""text"": ""Pleasure doing business alex_frentsch! All 5 racks, sold. Did you notice how everything else got pricier while you shopped? Bet a smart one like you can work out why. Come back soon!"",
			""ts_closed"": 1779872235.128,
			""ts_duration"": 1.83500003814697,
			""ts_ended"": 1779872233.293,
			""ts_skipped"": 1779872233.293,
			""ts_started"": 1779872232.105
		},
		{
			""chars"": 169,
			""speaker"": ""Prompto"",
			""text"": ""Ah thats a shame about the students....but your new hardware looks so good! Now we just need to power them up with electrcity. Where do you want to get electricity from?"",
			""ts_closed"": 1779872246.693,
			""ts_duration"": 5.3510000705719,
			""ts_ended"": 1779872241.342,
			""ts_skipped"": 1779872241.342,
			""ts_started"": 1779872240.247
		},
		{
			""chars"": 201,
			""speaker"": ""Prompto"",
			""text"": ""The news hurts me, but seeing our datacenter light up makes me happy!...However we now have a new problem. We are getting a lot of wasteful prompts. Should we educate our users on how to prompt better?"",
			""ts_closed"": 1779872267.959,
			""ts_duration"": 4.28500008583069,
			""ts_ended"": 1779872263.674,
			""ts_skipped"": null,
			""ts_started"": 1779872256.615
		},
		{
			""chars"": 260,
			""speaker"": ""Prompto"",
			""text"": ""Congratulations your education was a success! You have reduced token usage and we now have enough compute and electricity to handle all the incoming prompts. However all this now creates a heating issue, we are going to need access to water to cool our server!"",
			""ts_closed"": 1779872295.264,
			""ts_duration"": 6.12399983406067,
			""ts_ended"": 1779872289.14,
			""ts_skipped"": 1779872289.14,
			""ts_started"": 1779872286.385
		},
		{
			""chars"": 138,
			""speaker"": ""Prompto"",
			""text"": ""Okay we have access to water now, but it is not sufficient to cool down all our servers, choose another river to get access to more water!"",
			""ts_closed"": 1779872300.878,
			""ts_duration"": 3.04999995231628,
			""ts_ended"": 1779872297.828,
			""ts_skipped"": 1779872297.828,
			""ts_started"": 1779872296.204
		},
		{
			""chars"": 157,
			""speaker"": ""Ally"",
			""text"": ""This is the final report compiled by my team. Please read it carefully as it is very serious. Click any card to reveal its details, click again to hide them."",
			""ts_closed"": 1779872317.949,
			""ts_duration"": 3.47699999809265,
			""ts_ended"": 1779872314.472,
			""ts_skipped"": null,
			""ts_started"": 1779872308.603
		}
	],
	""electricity_choice"": {
		""ts_chosen"": 1779872246.457,
		""ts_duration"": 11.5859999656677,
		""ts_started"": 1779872234.871,
		""value"": ""far""
	},
	""land_choice"": {
		""ts_chosen"": 1779872164.382,
		""ts_duration"": 23.0920000076294,
		""ts_started"": 1779872141.29,
		""value"": ""FOURTH""
	},
	""newspapers"": [
		{
			""article"": ""FARMLAND"",
			""ts_closed"": 1779872203.828,
			""ts_duration"": 35.9379999637604,
			""ts_opened"": 1779872167.89
		},
		{
			""article"": ""PRICES_LAPTOPS"",
			""ts_closed"": 1779872240.245,
			""ts_duration"": 2.85499978065491,
			""ts_opened"": 1779872237.39
		},
		{
			""article"": ""SCIENTIST"",
			""ts_closed"": 1779872255.615,
			""ts_duration"": 5.15100002288818,
			""ts_opened"": 1779872250.464
		},
		{
			""article"": ""WATER_CRISIS"",
			""ts_closed"": 1779872304.78,
			""ts_duration"": 2.39400005340576,
			""ts_opened"": 1779872302.386
		}
	],
	""session"": {
		""debug"": false,
		""player_name"": ""alex_frentsch"",
		""ts_duration"": 206.366000175476,
		""ts_ended"": 1779872322.755,
		""ts_started"": 1779872116.389
	},
	""stages"": [
		{
			""index"": 0,
			""name"": ""0 01_intro_stage"",
			""ts_duration"": 24.8799998760223,
			""ts_ended"": 1779872141.29,
			""ts_started"": 1779872116.41
		},
		{
			""index"": 1,
			""name"": ""1 1_land_choice_stage"",
			""ts_duration"": 66.960000038147,
			""ts_ended"": 1779872208.255,
			""ts_started"": 1779872141.295
		},
		{
			""index"": 2,
			""name"": ""2 02_shop_stage"",
			""ts_duration"": 26.5639998912811,
			""ts_ended"": 1779872234.87,
			""ts_started"": 1779872208.306
		},
		{
			""index"": 3,
			""name"": ""3 03_energy_scene"",
			""ts_duration"": 30.8139998912811,
			""ts_ended"": 1779872265.701,
			""ts_started"": 1779872234.887
		},
		{
			""index"": 4,
			""name"": ""4 04_classroom_tscn"",
			""ts_duration"": 20.6219999790192,
			""ts_ended"": 1779872286.383,
			""ts_started"": 1779872265.761
		},
		{
			""index"": 5,
			""name"": ""5 4_stage"",
			""ts_duration"": 22.0929999351501,
			""ts_ended"": 1779872308.478,
			""ts_started"": 1779872286.385
		}
	],
	""water_choices"": [
		{
			""ts_chosen"": 1779872295.018,
			""ts_duration"": 5.87799978256226,
			""ts_started"": 1779872289.14,
			""value"": ""east""
		},
		{
			""ts_chosen"": 1779872300.651,
			""ts_duration"": 2.82299995422363,
			""ts_started"": 1779872297.828,
			""value"": ""west""
		}
	]
}"
"2026/05/27 12:00:43 PM GMT+3","{
	""classroom_quizzes"": [
		{
			""answer_chosen"": ""Ask AI to summarize everything."",
			""answer_correct"": false,
			""question"": ""You need to summarize a 3-page document. What's the most energy-conscious way to use AI for this?"",
			""scene"": ""Sub-scene3"",
			""ts_answerchosen"": 1779872167.807,
			""ts_duration"": 1.14699983596802,
			""ts_ended"": 1779872166.66,
			""ts_skipped"": null,
			""ts_started"": 1779872164.207
		},
		{
			""answer_chosen"": ""Write it yourself. Ask AI to fix unclear parts."",
			""answer_correct"": true,
			""question"": ""You want AI to help write a work email. Which prompt approach saves the most energy?"",
			""scene"": ""Sub-scene4"",
			""ts_answerchosen"": 1779872177.271,
			""ts_duration"": 1.49399995803833,
			""ts_ended"": 1779872175.777,
			""ts_skipped"": null,
			""ts_started"": 1779872173.649
		},
		{
			""answer_chosen"": ""Brainstorm 5 mins. Ask AI to expand your top 2–3 ideas."",
			""answer_correct"": true,
			""question"": ""You need to brainstorm ideas for a project. How do you prompt AI most sustainably?"",
			""scene"": ""Sub-scene5"",
			""ts_answerchosen"": 1779872200.535,
			""ts_duration"": 18.4250001907349,
			""ts_ended"": 1779872182.11,
			""ts_skipped"": null,
			""ts_started"": 1779872180.032
		}
	],
	""dialogues"": [
		{
			""chars"": 163,
			""speaker"": ""Prompto"",
			""text"": ""Hello, alex_lau! My name is Prompto, and I’ll be your assistant throughout the game. Before we begin, let me show you the region. \nClick on the screen to continue."",
			""ts_closed"": 1779871851.433,
			""ts_duration"": 0.934000015258789,
			""ts_ended"": 1779871850.499,
			""ts_skipped"": null,
			""ts_started"": 1779871844.708
		},
		{
			""chars"": 41,
			""speaker"": ""Prompto"",
			""text"": ""In the top left is the village of Pontia."",
			""ts_closed"": 1779871855.116,
			""ts_duration"": 0.965999841690063,
			""ts_ended"": 1779871854.15,
			""ts_skipped"": null,
			""ts_started"": 1779871852.439
		},
		{
			""chars"": 38,
			""speaker"": ""Prompto"",
			""text"": ""In the top center you'll find Petalia."",
			""ts_closed"": 1779871858.783,
			""ts_duration"": 1.04999995231628,
			""ts_ended"": 1779871857.733,
			""ts_skipped"": null,
			""ts_started"": 1779871856.117
		},
		{
			""chars"": 36,
			""speaker"": ""Prompto"",
			""text"": ""And on the bottom right is Fontania."",
			""ts_closed"": 1779871862.166,
			""ts_duration"": 0.83299994468689,
			""ts_ended"": 1779871861.333,
			""ts_skipped"": null,
			""ts_started"": 1779871859.785
		},
		{
			""chars"": 139,
			""speaker"": ""Prompto"",
			""text"": ""Your AI datacenter is located in the center. Any buildings, infrastructure, or assets you own will be highlighted in your company's colors."",
			""ts_closed"": 1779871868.966,
			""ts_duration"": 0.801000118255615,
			""ts_ended"": 1779871868.165,
			""ts_skipped"": null,
			""ts_started"": 1779871863.166
		},
		{
			""chars"": 223,
			""speaker"": ""Prompto"",
			""text"": ""I monitor AI demand across the region. Recently, I detected a dramatic increase in requests coming from all three villages. Our current infrastructure can no longer keep up with demand. If we do nothing, requests will fail."",
			""ts_closed"": 1779871878.583,
			""ts_duration"": 0.817999839782715,
			""ts_ended"": 1779871877.765,
			""ts_skipped"": null,
			""ts_started"": 1779871869.966
		},
		{
			""chars"": 127,
			""speaker"": ""Prompto"",
			""text"": ""This is our datacenter today. It won't keep up much longer, we need to expand! The first call is yours: show me where to build!"",
			""ts_closed"": 1779871963.147,
			""ts_duration"": 79.7469999790192,
			""ts_ended"": 1779871883.4,
			""ts_skipped"": null,
			""ts_started"": 1779871878.59
		},
		{
			""chars"": 345,
			""speaker"": ""Joe Sellington"",
			""text"": ""Well well, look who walked in! Don't think I've had the pleasure — what was the name again? ...alex_lau? Ohhh, alex_lau... now THAT'S a fine name. Lucky for you, today I happen to be running a special for friends with such fine names. You need 5 server racks? I got the best prices in town... today, anyway. Heh heh. Just point at what you want."",
			""ts_closed"": 1779872016.73,
			""ts_duration"": 2.79999995231628,
			""ts_ended"": 1779872013.93,
			""ts_skipped"": null,
			""ts_started"": 1779872001.476
		},
		{
			""chars"": 177,
			""speaker"": ""Joe Sellington"",
			""text"": ""Pleasure doing business alex_lau! All 5 racks, sold. Did you notice how everything else got pricier while you shopped? Bet a smart one like you can work out why. Come back soon!"",
			""ts_closed"": 1779872053.097,
			""ts_duration"": 1.46799993515015,
			""ts_ended"": 1779872051.629,
			""ts_skipped"": null,
			""ts_started"": 1779872045.373
		},
		{
			""chars"": 169,
			""speaker"": ""Prompto"",
			""text"": ""Ah thats a shame about the students....but your new hardware looks so good! Now we just need to power them up with electrcity. Where do you want to get electricity from?"",
			""ts_closed"": 1779872099.029,
			""ts_duration"": 7.44900012016296,
			""ts_ended"": 1779872091.58,
			""ts_skipped"": null,
			""ts_started"": 1779872085.584
		},
		{
			""chars"": 201,
			""speaker"": ""Prompto"",
			""text"": ""The news hurts me, but seeing our datacenter light up makes me happy!...However we now have a new problem. We are getting a lot of wasteful prompts. Should we educate our users on how to prompt better?"",
			""ts_closed"": 1779872155.796,
			""ts_duration"": 3.01799988746643,
			""ts_ended"": 1779872152.778,
			""ts_skipped"": null,
			""ts_started"": 1779872145.712
		},
		{
			""chars"": 260,
			""speaker"": ""Prompto"",
			""text"": ""Congratulations your education was a success! You have reduced token usage and we now have enough compute and electricity to handle all the incoming prompts. However all this now creates a heating issue, we are going to need access to water to cool our server!"",
			""ts_closed"": 1779872220.36,
			""ts_duration"": 8.35099983215332,
			""ts_ended"": 1779872212.009,
			""ts_skipped"": null,
			""ts_started"": 1779872202.995
		},
		{
			""chars"": 138,
			""speaker"": ""Prompto"",
			""text"": ""Okay we have access to water now, but it is not sufficient to cool down all our servers, choose another river to get access to more water!"",
			""ts_closed"": 1779872232.21,
			""ts_duration"": 5.95000004768372,
			""ts_ended"": 1779872226.26,
			""ts_skipped"": null,
			""ts_started"": 1779872221.293
		},
		{
			""chars"": 157,
			""speaker"": ""Ally"",
			""text"": ""This is the final report compiled by my team. Please read it carefully as it is very serious. Click any card to reveal its details, click again to hide them."",
			""ts_closed"": 1779872275.842,
			""ts_duration"": 1.21600008010864,
			""ts_ended"": 1779872274.626,
			""ts_skipped"": null,
			""ts_started"": 1779872268.993
		}
	],
	""electricity_choice"": {
		""ts_chosen"": 1779872098.767,
		""ts_duration"": 45.9379999637604,
		""ts_started"": 1779872052.829,
		""value"": ""close""
	},
	""land_choice"": {
		""ts_chosen"": 1779871962.891,
		""ts_duration"": 84.3069999217987,
		""ts_started"": 1779871878.584,
		""value"": ""SECOND""
	},
	""newspapers"": [
		{
			""article"": ""VILLAGE_TOO_CLOSE"",
			""ts_closed"": 1779871996.815,
			""ts_duration"": 30.4170000553131,
			""ts_opened"": 1779871966.398
		},
		{
			""article"": ""PRICES_LAPTOPS"",
			""ts_closed"": 1779872085.58,
			""ts_duration"": 30.2349998950958,
			""ts_opened"": 1779872055.345
		},
		{
			""article"": ""WINTER"",
			""ts_closed"": 1779872144.695,
			""ts_duration"": 41.9010000228882,
			""ts_opened"": 1779872102.794
		},
		{
			""article"": ""WATER_CRISIS"",
			""ts_closed"": 1779872258.609,
			""ts_duration"": 24.9340000152588,
			""ts_opened"": 1779872233.675
		}
	],
	""session"": {
		""debug"": false,
		""player_name"": ""alex_lau"",
		""ts_duration"": 614.503000020981,
		""ts_ended"": 1779872442.869,
		""ts_started"": 1779871828.366
	},
	""stages"": [
		{
			""index"": 0,
			""name"": ""0 01_intro_stage"",
			""ts_duration"": 50.1979999542236,
			""ts_ended"": 1779871878.583,
			""ts_started"": 1779871828.385
		},
		{
			""index"": 1,
			""name"": ""1 1_land_choice_stage"",
			""ts_duration"": 122.858000040054,
			""ts_ended"": 1779872001.448,
			""ts_started"": 1779871878.59
		},
		{
			""index"": 2,
			""name"": ""2 02_shop_stage"",
			""ts_duration"": 51.3529999256134,
			""ts_ended"": 1779872052.829,
			""ts_started"": 1779872001.476
		},
		{
			""index"": 3,
			""name"": ""3 03_energy_scene"",
			""ts_duration"": 101.018999814987,
			""ts_ended"": 1779872153.86,
			""ts_started"": 1779872052.841
		},
		{
			""index"": 4,
			""name"": ""4 04_classroom_tscn"",
			""ts_duration"": 49.0860002040863,
			""ts_ended"": 1779872202.992,
			""ts_started"": 1779872153.906
		},
		{
			""index"": 5,
			""name"": ""5 4_stage"",
			""ts_duration"": 65.9480001926422,
			""ts_ended"": 1779872268.943,
			""ts_started"": 1779872202.995
		}
	],
	""water_choices"": [
		{
			""ts_chosen"": 1779872220.106,
			""ts_duration"": 8.09599995613098,
			""ts_started"": 1779872212.01,
			""value"": ""east""
		},
		{
			""ts_chosen"": 1779872231.951,
			""ts_duration"": 5.69099998474121,
			""ts_started"": 1779872226.26,
			""value"": ""west""
		}
	]
}"
"2026/05/27 12:26:55 PM GMT+3","{
	""classroom_quizzes"": [
		{
			""answer_chosen"": ""Read first. Pick 2–3 key points. Ask one clear question."",
			""answer_correct"": true,
			""question"": ""You need to summarize a 3-page document. What's the most energy-conscious way to use AI for this?"",
			""scene"": ""Sub-scene3"",
			""ts_answerchosen"": 1779873810.964,
			""ts_duration"": 6.22000002861023,
			""ts_ended"": 1779873804.744,
			""ts_skipped"": null,
			""ts_started"": 1779873802.281
		},
		{
			""answer_chosen"": ""Write it yourself. Ask AI to fix unclear parts."",
			""answer_correct"": true,
			""question"": ""You want AI to help write a work email. Which prompt approach saves the most energy?"",
			""scene"": ""Sub-scene4"",
			""ts_answerchosen"": 1779873824.881,
			""ts_duration"": 8.35400009155273,
			""ts_ended"": 1779873816.527,
			""ts_skipped"": null,
			""ts_started"": 1779873814.398
		},
		{
			""answer_chosen"": ""Brainstorm 5 mins. Ask AI to expand your top 2–3 ideas."",
			""answer_correct"": true,
			""question"": ""You need to brainstorm ideas for a project. How do you prompt AI most sustainably?"",
			""scene"": ""Sub-scene5"",
			""ts_answerchosen"": 1779873833.299,
			""ts_duration"": 4.97200012207031,
			""ts_ended"": 1779873828.327,
			""ts_skipped"": null,
			""ts_started"": 1779873826.248
		}
	],
	""dialogues"": [
		{
			""chars"": 165,
			""speaker"": ""Prompto"",
			""text"": ""Hello, alex_13564! My name is Prompto, and I’ll be your assistant throughout the game. Before we begin, let me show you the region. \nClick on the screen to continue."",
			""ts_closed"": 1779873607.545,
			""ts_duration"": 3.64900016784668,
			""ts_ended"": 1779873603.896,
			""ts_skipped"": null,
			""ts_started"": 1779873598.029
		},
		{
			""chars"": 41,
			""speaker"": ""Prompto"",
			""text"": ""In the top left is the village of Pontia."",
			""ts_closed"": 1779873613.012,
			""ts_duration"": 2.71600008010864,
			""ts_ended"": 1779873610.296,
			""ts_skipped"": null,
			""ts_started"": 1779873608.563
		},
		{
			""chars"": 38,
			""speaker"": ""Prompto"",
			""text"": ""In the top center you'll find Petalia."",
			""ts_closed"": 1779873620.962,
			""ts_duration"": 5.29999995231628,
			""ts_ended"": 1779873615.662,
			""ts_skipped"": null,
			""ts_started"": 1779873614.029
		},
		{
			""chars"": 36,
			""speaker"": ""Prompto"",
			""text"": ""And on the bottom right is Fontania."",
			""ts_closed"": 1779873625.363,
			""ts_duration"": 1.81699991226196,
			""ts_ended"": 1779873623.546,
			""ts_skipped"": null,
			""ts_started"": 1779873621.979
		},
		{
			""chars"": 139,
			""speaker"": ""Prompto"",
			""text"": ""Your AI datacenter is located in the center. Any buildings, infrastructure, or assets you own will be highlighted in your company's colors."",
			""ts_closed"": 1779873634.012,
			""ts_duration"": 2.63300013542175,
			""ts_ended"": 1779873631.379,
			""ts_skipped"": null,
			""ts_started"": 1779873626.379
		},
		{
			""chars"": 223,
			""speaker"": ""Prompto"",
			""text"": ""I monitor AI demand across the region. Recently, I detected a dramatic increase in requests coming from all three villages. Our current infrastructure can no longer keep up with demand. If we do nothing, requests will fail."",
			""ts_closed"": 1779873645.629,
			""ts_duration"": 2.79999995231628,
			""ts_ended"": 1779873642.829,
			""ts_skipped"": null,
			""ts_started"": 1779873635.03
		},
		{
			""chars"": 127,
			""speaker"": ""Prompto"",
			""text"": ""This is our datacenter today. It won't keep up much longer, we need to expand! The first call is yours: show me where to build!"",
			""ts_closed"": 1779873666.229,
			""ts_duration"": 15.9500000476837,
			""ts_ended"": 1779873650.279,
			""ts_skipped"": null,
			""ts_started"": 1779873645.633
		},
		{
			""chars"": 349,
			""speaker"": ""Joe Sellington"",
			""text"": ""Well well, look who walked in! Don't think I've had the pleasure — what was the name again? ...alex_13564? Ohhh, alex_13564... now THAT'S a fine name. Lucky for you, today I happen to be running a special for friends with such fine names. You need 5 server racks? I got the best prices in town... today, anyway. Heh heh. Just point at what you want."",
			""ts_closed"": 1779873711.678,
			""ts_duration"": 7.43300008773804,
			""ts_ended"": 1779873704.245,
			""ts_skipped"": null,
			""ts_started"": 1779873692.065
		},
		{
			""chars"": 179,
			""speaker"": ""Joe Sellington"",
			""text"": ""Pleasure doing business alex_13564! All 5 racks, sold. Did you notice how everything else got pricier while you shopped? Bet a smart one like you can work out why. Come back soon!"",
			""ts_closed"": 1779873733.828,
			""ts_duration"": 4.13300013542175,
			""ts_ended"": 1779873729.695,
			""ts_skipped"": null,
			""ts_started"": 1779873723.366
		},
		{
			""chars"": 169,
			""speaker"": ""Prompto"",
			""text"": ""Ah thats a shame about the students....but your new hardware looks so good! Now we just need to power them up with electrcity. Where do you want to get electricity from?"",
			""ts_closed"": 1779873760.561,
			""ts_duration"": 9.78400015830994,
			""ts_ended"": 1779873750.777,
			""ts_skipped"": null,
			""ts_started"": 1779873744.78
		},
		{
			""chars"": 201,
			""speaker"": ""Prompto"",
			""text"": ""The news hurts me, but seeing our datacenter light up makes me happy!...However we now have a new problem. We are getting a lot of wasteful prompts. Should we educate our users on how to prompt better?"",
			""ts_closed"": 1779873791.978,
			""ts_duration"": 3.76699995994568,
			""ts_ended"": 1779873788.211,
			""ts_skipped"": null,
			""ts_started"": 1779873781.145
		},
		{
			""chars"": 260,
			""speaker"": ""Prompto"",
			""text"": ""Congratulations your education was a success! You have reduced token usage and we now have enough compute and electricity to handle all the incoming prompts. However all this now creates a heating issue, we are going to need access to water to cool our server!"",
			""ts_closed"": 1779873849.694,
			""ts_duration"": 5.91599988937378,
			""ts_ended"": 1779873843.778,
			""ts_skipped"": null,
			""ts_started"": 1779873834.779
		},
		{
			""chars"": 138,
			""speaker"": ""Prompto"",
			""text"": ""Okay we have access to water now, but it is not sufficient to cool down all our servers, choose another river to get access to more water!"",
			""ts_closed"": 1779873862.494,
			""ts_duration"": 5.93499994277954,
			""ts_ended"": 1779873856.559,
			""ts_skipped"": null,
			""ts_started"": 1779873851.594
		},
		{
			""chars"": 157,
			""speaker"": ""Ally"",
			""text"": ""This is the final report compiled by my team. Please read it carefully as it is very serious. Click any card to reveal its details, click again to hide them."",
			""ts_closed"": 1779873919.127,
			""ts_duration"": 18.6330001354218,
			""ts_ended"": 1779873900.494,
			""ts_skipped"": null,
			""ts_started"": 1779873894.965
		}
	],
	""electricity_choice"": {
		""ts_chosen"": 1779873760.298,
		""ts_duration"": 26.7360000610352,
		""ts_started"": 1779873733.562,
		""value"": ""far""
	},
	""land_choice"": {
		""ts_chosen"": 1779873665.965,
		""ts_duration"": 20.3359999656677,
		""ts_started"": 1779873645.629,
		""value"": ""THIRD""
	},
	""newspapers"": [
		{
			""article"": ""FOREST"",
			""ts_closed"": 1779873684.261,
			""ts_duration"": 14.7819998264313,
			""ts_opened"": 1779873669.479
		},
		{
			""article"": ""PRICES_LAPTOPS"",
			""ts_closed"": 1779873744.778,
			""ts_duration"": 8.70000004768372,
			""ts_opened"": 1779873736.078
		},
		{
			""article"": ""SCIENTIST"",
			""ts_closed"": 1779873780.145,
			""ts_duration"": 15.8339998722076,
			""ts_opened"": 1779873764.311
		},
		{
			""article"": ""WATER_CRISIS"",
			""ts_closed"": 1779873881.594,
			""ts_duration"": 17.6330001354218,
			""ts_opened"": 1779873863.961
		}
	],
	""session"": {
		""debug"": false,
		""player_name"": ""alex_13564"",
		""ts_duration"": 443.679000139236,
		""ts_ended"": 1779874014.492,
		""ts_started"": 1779873570.813
	},
	""stages"": [
		{
			""index"": 0,
			""name"": ""0 01_intro_stage"",
			""ts_duration"": 74.805999994278,
			""ts_ended"": 1779873645.629,
			""ts_started"": 1779873570.823
		},
		{
			""index"": 1,
			""name"": ""1 1_land_choice_stage"",
			""ts_duration"": 46.4120001792908,
			""ts_ended"": 1779873692.045,
			""ts_started"": 1779873645.633
		},
		{
			""index"": 2,
			""name"": ""2 02_shop_stage"",
			""ts_duration"": 41.4969999790192,
			""ts_ended"": 1779873733.562,
			""ts_started"": 1779873692.065
		},
		{
			""index"": 3,
			""name"": ""3 03_energy_scene"",
			""ts_duration"": 57.2920000553131,
			""ts_ended"": 1779873790.861,
			""ts_started"": 1779873733.569
		},
		{
			""index"": 4,
			""name"": ""4 04_classroom_tscn"",
			""ts_duration"": 43.885999917984,
			""ts_ended"": 1779873834.777,
			""ts_started"": 1779873790.891
		},
		{
			""index"": 5,
			""name"": ""5 4_stage"",
			""ts_duration"": 60.1480000019073,
			""ts_ended"": 1779873894.927,
			""ts_started"": 1779873834.779
		}
	],
	""water_choices"": [
		{
			""ts_chosen"": 1779873849.431,
			""ts_duration"": 5.65299987792969,
			""ts_started"": 1779873843.778,
			""value"": ""north""
		},
		{
			""ts_chosen"": 1779873862.23,
			""ts_duration"": 5.6710000038147,
			""ts_started"": 1779873856.559,
			""value"": ""west""
		}
	]
}"
"2026/05/27 12:28:02 PM GMT+3","{
	""classroom_quizzes"": [
		{
			""answer_chosen"": ""Read first. Pick 2–3 key points. Ask one clear question."",
			""answer_correct"": true,
			""question"": ""You need to summarize a 3-page document. What's the most energy-conscious way to use AI for this?"",
			""scene"": ""Sub-scene3"",
			""ts_answerchosen"": 1779873728.631,
			""ts_duration"": 8.45000004768372,
			""ts_ended"": 1779873720.181,
			""ts_skipped"": null,
			""ts_started"": 1779873717.751
		},
		{
			""answer_chosen"": ""Write it yourself. Ask AI to fix unclear parts."",
			""answer_correct"": true,
			""question"": ""You want AI to help write a work email. Which prompt approach saves the most energy?"",
			""scene"": ""Sub-scene4"",
			""ts_answerchosen"": 1779873741.719,
			""ts_duration"": 3.56599998474121,
			""ts_ended"": 1779873738.153,
			""ts_skipped"": null,
			""ts_started"": 1779873736.029
		},
		{
			""answer_chosen"": ""Brainstorm 5 mins. Ask AI to expand your top 2–3 ideas."",
			""answer_correct"": true,
			""question"": ""You need to brainstorm ideas for a project. How do you prompt AI most sustainably?"",
			""scene"": ""Sub-scene5"",
			""ts_answerchosen"": 1779873754.255,
			""ts_duration"": 5.57800006866455,
			""ts_ended"": 1779873748.677,
			""ts_skipped"": null,
			""ts_started"": 1779873746.607
		}
	],
	""dialogues"": [
		{
			""chars"": 164,
			""speaker"": ""Prompto"",
			""text"": ""Hello, alex_nici! My name is Prompto, and I’ll be your assistant throughout the game. Before we begin, let me show you the region. \nClick on the screen to continue."",
			""ts_closed"": 1779873463.084,
			""ts_duration"": 3.41200017929077,
			""ts_ended"": 1779873459.672,
			""ts_skipped"": null,
			""ts_started"": 1779873453.875
		},
		{
			""chars"": 41,
			""speaker"": ""Prompto"",
			""text"": ""In the top left is the village of Pontia."",
			""ts_closed"": 1779873469.96,
			""ts_duration"": 4.15899991989136,
			""ts_ended"": 1779873465.801,
			""ts_skipped"": null,
			""ts_started"": 1779873464.116
		},
		{
			""chars"": 38,
			""speaker"": ""Prompto"",
			""text"": ""In the top center you'll find Petalia."",
			""ts_closed"": 1779873473.982,
			""ts_duration"": 1.40400004386902,
			""ts_ended"": 1779873472.578,
			""ts_skipped"": null,
			""ts_started"": 1779873470.968
		},
		{
			""chars"": 36,
			""speaker"": ""Prompto"",
			""text"": ""And on the bottom right is Fontania."",
			""ts_closed"": 1779873479.878,
			""ts_duration"": 3.32999992370605,
			""ts_ended"": 1779873476.548,
			""ts_skipped"": null,
			""ts_started"": 1779873475.003
		},
		{
			""chars"": 139,
			""speaker"": ""Prompto"",
			""text"": ""Your AI datacenter is located in the center. Any buildings, infrastructure, or assets you own will be highlighted in your company's colors."",
			""ts_closed"": 1779873488.255,
			""ts_duration"": 2.36200022697449,
			""ts_ended"": 1779873485.893,
			""ts_skipped"": null,
			""ts_started"": 1779873480.903
		},
		{
			""chars"": 223,
			""speaker"": ""Prompto"",
			""text"": ""I monitor AI demand across the region. Recently, I detected a dramatic increase in requests coming from all three villages. Our current infrastructure can no longer keep up with demand. If we do nothing, requests will fail."",
			""ts_closed"": 1779873498.252,
			""ts_duration"": 1.22399997711182,
			""ts_ended"": 1779873497.028,
			""ts_skipped"": null,
			""ts_started"": 1779873489.245
		},
		{
			""chars"": 127,
			""speaker"": ""Prompto"",
			""text"": ""This is our datacenter today. It won't keep up much longer, we need to expand! The first call is yours: show me where to build!"",
			""ts_closed"": 1779873550.044,
			""ts_duration"": 45.9939999580383,
			""ts_ended"": 1779873504.05,
			""ts_skipped"": null,
			""ts_started"": 1779873498.269
		},
		{
			""chars"": 347,
			""speaker"": ""Joe Sellington"",
			""text"": ""Well well, look who walked in! Don't think I've had the pleasure — what was the name again? ...alex_nici? Ohhh, alex_nici... now THAT'S a fine name. Lucky for you, today I happen to be running a special for friends with such fine names. You need 5 server racks? I got the best prices in town... today, anyway. Heh heh. Just point at what you want."",
			""ts_closed"": 1779873592.197,
			""ts_duration"": 3.08100008964539,
			""ts_ended"": 1779873589.116,
			""ts_skipped"": null,
			""ts_started"": 1779873575.578
		},
		{
			""chars"": 178,
			""speaker"": ""Joe Sellington"",
			""text"": ""Pleasure doing business alex_nici! All 5 racks, sold. Did you notice how everything else got pricier while you shopped? Bet a smart one like you can work out why. Come back soon!"",
			""ts_closed"": 1779873637.108,
			""ts_duration"": 4.8529999256134,
			""ts_ended"": 1779873632.255,
			""ts_skipped"": null,
			""ts_started"": 1779873625.98
		},
		{
			""chars"": 169,
			""speaker"": ""Prompto"",
			""text"": ""Ah thats a shame about the students....but your new hardware looks so good! Now we just need to power them up with electrcity. Where do you want to get electricity from?"",
			""ts_closed"": 1779873669.604,
			""ts_duration"": 12.4400000572205,
			""ts_ended"": 1779873657.164,
			""ts_skipped"": 1779873657.164,
			""ts_started"": 1779873651.808
		},
		{
			""chars"": 201,
			""speaker"": ""Prompto"",
			""text"": ""The news hurts me, but seeing our datacenter light up makes me happy!...However we now have a new problem. We are getting a lot of wasteful prompts. Should we educate our users on how to prompt better?"",
			""ts_closed"": 1779873702.342,
			""ts_duration"": 5.77900004386902,
			""ts_ended"": 1779873696.563,
			""ts_skipped"": null,
			""ts_started"": 1779873689.499
		},
		{
			""chars"": 260,
			""speaker"": ""Prompto"",
			""text"": ""Congratulations your education was a success! You have reduced token usage and we now have enough compute and electricity to handle all the incoming prompts. However all this now creates a heating issue, we are going to need access to water to cool our server!"",
			""ts_closed"": 1779873776.771,
			""ts_duration"": 9.19999980926514,
			""ts_ended"": 1779873767.571,
			""ts_skipped"": null,
			""ts_started"": 1779873758.56
		},
		{
			""chars"": 138,
			""speaker"": ""Prompto"",
			""text"": ""Okay we have access to water now, but it is not sufficient to cool down all our servers, choose another river to get access to more water!"",
			""ts_closed"": 1779873798.414,
			""ts_duration"": 14.7620000839233,
			""ts_ended"": 1779873783.652,
			""ts_skipped"": null,
			""ts_started"": 1779873778.679
		},
		{
			""chars"": 157,
			""speaker"": ""Ally"",
			""text"": ""This is the final report compiled by my team. Please read it carefully as it is very serious. Click any card to reveal its details, click again to hide them."",
			""ts_closed"": 1779873858.235,
			""ts_duration"": 11.5139999389648,
			""ts_ended"": 1779873846.721,
			""ts_skipped"": null,
			""ts_started"": 1779873841.071
		}
	],
	""electricity_choice"": {
		""ts_chosen"": 1779873669.374,
		""ts_duration"": 32.5320000648499,
		""ts_started"": 1779873636.842,
		""value"": ""far""
	},
	""land_choice"": {
		""ts_chosen"": 1779873549.825,
		""ts_duration"": 51.5720000267029,
		""ts_started"": 1779873498.253,
		""value"": ""THIRD""
	},
	""newspapers"": [
		{
			""article"": ""FOREST"",
			""ts_closed"": 1779873569.665,
			""ts_duration"": 16.356999874115,
			""ts_opened"": 1779873553.308
		},
		{
			""article"": ""PRICES_LAPTOPS"",
			""ts_closed"": 1779873651.806,
			""ts_duration"": 12.4430000782013,
			""ts_opened"": 1779873639.363
		},
		{
			""article"": ""SCIENTIST"",
			""ts_closed"": 1779873688.482,
			""ts_duration"": 15.1170001029968,
			""ts_opened"": 1779873673.365
		},
		{
			""article"": ""WATER_CRISIS"",
			""ts_closed"": 1779873828.591,
			""ts_duration"": 28.6930000782013,
			""ts_opened"": 1779873799.898
		}
	],
	""session"": {
		""debug"": false,
		""player_name"": ""alex_nici"",
		""ts_duration"": 657.506999969482,
		""ts_ended"": 1779874081.105,
		""ts_started"": 1779873423.598
	},
	""stages"": [
		{
			""index"": 0,
			""name"": ""0 01_intro_stage"",
			""ts_duration"": 74.6310000419617,
			""ts_ended"": 1779873498.253,
			""ts_started"": 1779873423.622
		},
		{
			""index"": 1,
			""name"": ""1 1_land_choice_stage"",
			""ts_duration"": 77.2279999256134,
			""ts_ended"": 1779873575.497,
			""ts_started"": 1779873498.269
		},
		{
			""index"": 2,
			""name"": ""2 02_shop_stage"",
			""ts_duration"": 61.2630000114441,
			""ts_ended"": 1779873636.842,
			""ts_started"": 1779873575.579
		},
		{
			""index"": 3,
			""name"": ""3 03_energy_scene"",
			""ts_duration"": 61.8619999885559,
			""ts_ended"": 1779873698.712,
			""ts_started"": 1779873636.85
		},
		{
			""index"": 4,
			""name"": ""4 04_classroom_tscn"",
			""ts_duration"": 59.691999912262,
			""ts_ended"": 1779873758.559,
			""ts_started"": 1779873698.867
		},
		{
			""index"": 5,
			""name"": ""5 4_stage"",
			""ts_duration"": 82.2990000247955,
			""ts_ended"": 1779873840.859,
			""ts_started"": 1779873758.56
		}
	],
	""water_choices"": [
		{
			""ts_chosen"": 1779873776.516,
			""ts_duration"": 8.9449999332428,
			""ts_started"": 1779873767.571,
			""value"": ""north""
		},
		{
			""ts_chosen"": 1779873798.206,
			""ts_duration"": 14.5540001392365,
			""ts_started"": 1779873783.652,
			""value"": ""west""
		}
	]
}"
"2026/05/27 12:37:31 PM GMT+3","{
	""classroom_quizzes"": [
		{
			""answer_chosen"": ""Read first. Pick 2–3 key points. Ask one clear question."",
			""answer_correct"": true,
			""question"": ""You need to summarize a 3-page document. What's the most energy-conscious way to use AI for this?"",
			""scene"": ""Sub-scene3"",
			""ts_answerchosen"": 1779874557.128,
			""ts_duration"": 3.52800011634827,
			""ts_ended"": 1779874553.6,
			""ts_skipped"": 1779874553.599,
			""ts_started"": 1779874552.928
		},
		{
			""answer_chosen"": ""Write it yourself. Ask AI to fix unclear parts."",
			""answer_correct"": true,
			""question"": ""You want AI to help write a work email. Which prompt approach saves the most energy?"",
			""scene"": ""Sub-scene4"",
			""ts_answerchosen"": 1779874563.363,
			""ts_duration"": 4.2519998550415,
			""ts_ended"": 1779874559.111,
			""ts_skipped"": 1779874559.111,
			""ts_started"": 1779874558.544
		},
		{
			""answer_chosen"": ""Brainstorm 5 mins. Ask AI to expand your top 2–3 ideas."",
			""answer_correct"": true,
			""question"": ""You need to brainstorm ideas for a project. How do you prompt AI most sustainably?"",
			""scene"": ""Sub-scene5"",
			""ts_answerchosen"": 1779874571.763,
			""ts_duration"": 4.57100009918213,
			""ts_ended"": 1779874567.192,
			""ts_skipped"": null,
			""ts_started"": 1779874565.111
		}
	],
	""dialogues"": [
		{
			""chars"": 165,
			""speaker"": ""Prompto"",
			""text"": ""Hello, alex_13564! My name is Prompto, and I’ll be your assistant throughout the game. Before we begin, let me show you the region. \nClick on the screen to continue."",
			""ts_closed"": 1779874453.342,
			""ts_duration"": 1.01200008392334,
			""ts_ended"": 1779874452.33,
			""ts_skipped"": 1779874452.33,
			""ts_started"": 1779874451.142
		},
		{
			""chars"": 41,
			""speaker"": ""Prompto"",
			""text"": ""In the top left is the village of Pontia."",
			""ts_closed"": 1779874456.226,
			""ts_duration"": 0.745000123977661,
			""ts_ended"": 1779874455.481,
			""ts_skipped"": 1779874455.481,
			""ts_started"": 1779874454.342
		},
		{
			""chars"": 38,
			""speaker"": ""Prompto"",
			""text"": ""In the top center you'll find Petalia."",
			""ts_closed"": 1779874458.592,
			""ts_duration"": 0.831000089645386,
			""ts_ended"": 1779874457.761,
			""ts_skipped"": 1779874457.761,
			""ts_started"": 1779874457.225
		},
		{
			""chars"": 36,
			""speaker"": ""Prompto"",
			""text"": ""And on the bottom right is Fontania."",
			""ts_closed"": 1779874461.392,
			""ts_duration"": 0.861999988555908,
			""ts_ended"": 1779874460.53,
			""ts_skipped"": 1779874460.53,
			""ts_started"": 1779874459.592
		},
		{
			""chars"": 139,
			""speaker"": ""Prompto"",
			""text"": ""Your AI datacenter is located in the center. Any buildings, infrastructure, or assets you own will be highlighted in your company's colors."",
			""ts_closed"": 1779874465.009,
			""ts_duration"": 1.42799997329712,
			""ts_ended"": 1779874463.581,
			""ts_skipped"": 1779874463.581,
			""ts_started"": 1779874462.393
		},
		{
			""chars"": 223,
			""speaker"": ""Prompto"",
			""text"": ""I monitor AI demand across the region. Recently, I detected a dramatic increase in requests coming from all three villages. Our current infrastructure can no longer keep up with demand. If we do nothing, requests will fail."",
			""ts_closed"": 1779874467.259,
			""ts_duration"": 0.761000156402588,
			""ts_ended"": 1779874466.498,
			""ts_skipped"": 1779874466.498,
			""ts_started"": 1779874466.009
		},
		{
			""chars"": 127,
			""speaker"": ""Prompto"",
			""text"": ""This is our datacenter today. It won't keep up much longer, we need to expand! The first call is yours: show me where to build!"",
			""ts_closed"": 1779874484.742,
			""ts_duration"": 12.8159999847412,
			""ts_ended"": 1779874471.926,
			""ts_skipped"": null,
			""ts_started"": 1779874467.263
		},
		{
			""chars"": 349,
			""speaker"": ""Joe Sellington"",
			""text"": ""Well well, look who walked in! Don't think I've had the pleasure — what was the name again? ...alex_13564? Ohhh, alex_13564... now THAT'S a fine name. Lucky for you, today I happen to be running a special for friends with such fine names. You need 5 server racks? I got the best prices in town... today, anyway. Heh heh. Just point at what you want."",
			""ts_closed"": 1779874508.425,
			""ts_duration"": 1.8289999961853,
			""ts_ended"": 1779874506.596,
			""ts_skipped"": 1779874506.596,
			""ts_started"": 1779874501.096
		},
		{
			""chars"": 179,
			""speaker"": ""Joe Sellington"",
			""text"": ""Pleasure doing business alex_13564! All 5 racks, sold. Did you notice how everything else got pricier while you shopped? Bet a smart one like you can work out why. Come back soon!"",
			""ts_closed"": 1779874516.658,
			""ts_duration"": 1.72900009155273,
			""ts_ended"": 1779874514.929,
			""ts_skipped"": 1779874514.929,
			""ts_started"": 1779874513.962
		},
		{
			""chars"": 169,
			""speaker"": ""Prompto"",
			""text"": ""Ah thats a shame about the students....but your new hardware looks so good! Now we just need to power them up with electrcity. Where do you want to get electricity from?"",
			""ts_closed"": 1779874532.459,
			""ts_duration"": 5.71300005912781,
			""ts_ended"": 1779874526.746,
			""ts_skipped"": 1779874526.746,
			""ts_started"": 1779874524.326
		},
		{
			""chars"": 201,
			""speaker"": ""Prompto"",
			""text"": ""The news hurts me, but seeing our datacenter light up makes me happy!...However we now have a new problem. We are getting a lot of wasteful prompts. Should we educate our users on how to prompt better?"",
			""ts_closed"": 1779874545.275,
			""ts_duration"": 2.16300010681152,
			""ts_ended"": 1779874543.112,
			""ts_skipped"": 1779874543.112,
			""ts_started"": 1779874540.325
		},
		{
			""chars"": 260,
			""speaker"": ""Prompto"",
			""text"": ""Congratulations your education was a success! You have reduced token usage and we now have enough compute and electricity to handle all the incoming prompts. However all this now creates a heating issue, we are going to need access to water to cool our server!"",
			""ts_closed"": 1779874579.758,
			""ts_duration"": 5.27699995040894,
			""ts_ended"": 1779874574.481,
			""ts_skipped"": 1779874574.481,
			""ts_started"": 1779874573.159
		},
		{
			""chars"": 138,
			""speaker"": ""Prompto"",
			""text"": ""Okay we have access to water now, but it is not sufficient to cool down all our servers, choose another river to get access to more water!"",
			""ts_closed"": 1779874586.641,
			""ts_duration"": 2.16300010681152,
			""ts_ended"": 1779874584.478,
			""ts_skipped"": 1779874584.478,
			""ts_started"": 1779874580.225
		},
		{
			""chars"": 157,
			""speaker"": ""Ally"",
			""text"": ""This is the final report compiled by my team. Please read it carefully as it is very serious. Click any card to reveal its details, click again to hide them."",
			""ts_closed"": 1779874603.257,
			""ts_duration"": 1.31599998474121,
			""ts_ended"": 1779874601.941,
			""ts_skipped"": null,
			""ts_started"": 1779874596.399
		}
	],
	""electricity_choice"": {
		""ts_chosen"": 1779874532.196,
		""ts_duration"": 15.7870001792908,
		""ts_started"": 1779874516.409,
		""value"": ""far""
	},
	""land_choice"": {
		""ts_chosen"": 1779874484.48,
		""ts_duration"": 17.220999956131,
		""ts_started"": 1779874467.259,
		""value"": ""SECOND""
	},
	""newspapers"": [
		{
			""article"": ""VILLAGE_TOO_CLOSE"",
			""ts_closed"": 1779874496.791,
			""ts_duration"": 8.79899978637695,
			""ts_opened"": 1779874487.992
		},
		{
			""article"": ""PRICES_LAPTOPS"",
			""ts_closed"": 1779874524.325,
			""ts_duration"": 5.41600012779236,
			""ts_opened"": 1779874518.909
		},
		{
			""article"": ""SCIENTIST"",
			""ts_closed"": 1779874539.325,
			""ts_duration"": 3.1159999370575,
			""ts_opened"": 1779874536.209
		},
		{
			""article"": ""WATER_CRISIS"",
			""ts_closed"": 1779874591.508,
			""ts_duration"": 3.53299999237061,
			""ts_opened"": 1779874587.975
		}
	],
	""session"": {
		""debug"": false,
		""player_name"": ""alex_13564"",
		""ts_duration"": 211.5609998703,
		""ts_ended"": 1779874650.52,
		""ts_started"": 1779874438.959
	},
	""stages"": [
		{
			""index"": 0,
			""name"": ""0 01_intro_stage"",
			""ts_duration"": 28.2890000343323,
			""ts_ended"": 1779874467.259,
			""ts_started"": 1779874438.97
		},
		{
			""index"": 1,
			""name"": ""1 1_land_choice_stage"",
			""ts_duration"": 33.8129999637604,
			""ts_ended"": 1779874501.076,
			""ts_started"": 1779874467.263
		},
		{
			""index"": 2,
			""name"": ""2 02_shop_stage"",
			""ts_duration"": 15.3120000362396,
			""ts_ended"": 1779874516.408,
			""ts_started"": 1779874501.096
		},
		{
			""index"": 3,
			""name"": ""3 03_energy_scene"",
			""ts_duration"": 27.7420001029968,
			""ts_ended"": 1779874544.158,
			""ts_started"": 1779874516.416
		},
		{
			""index"": 4,
			""name"": ""4 04_classroom_tscn"",
			""ts_duration"": 28.9730000495911,
			""ts_ended"": 1779874573.158,
			""ts_started"": 1779874544.185
		},
		{
			""index"": 5,
			""name"": ""5 4_stage"",
			""ts_duration"": 23.199000120163,
			""ts_ended"": 1779874596.358,
			""ts_started"": 1779874573.159
		}
	],
	""water_choices"": [
		{
			""ts_chosen"": 1779874579.495,
			""ts_duration"": 5.01399993896484,
			""ts_started"": 1779874574.481,
			""value"": ""west""
		},
		{
			""ts_chosen"": 1779874586.378,
			""ts_duration"": 1.90000009536743,
			""ts_started"": 1779874584.478,
			""value"": ""west""
		}
	]
}"
"2026/05/27 12:46:26 PM GMT+3","{
	""classroom_quizzes"": [
		{
			""answer_chosen"": ""Read first. Pick 2–3 key points. Ask one clear question."",
			""answer_correct"": true,
			""question"": ""You need to summarize a 3-page document. What's the most energy-conscious way to use AI for this?"",
			""scene"": ""Sub-scene3"",
			""ts_answerchosen"": 1779874938.637,
			""ts_duration"": 2.43200016021729,
			""ts_ended"": 1779874936.205,
			""ts_skipped"": 1779874936.205,
			""ts_started"": 1779874935.046
		},
		{
			""answer_chosen"": ""Ask AI to write 5 versions, then pick the best one."",
			""answer_correct"": false,
			""question"": ""You want AI to help write a work email. Which prompt approach saves the most energy?"",
			""scene"": ""Sub-scene4"",
			""ts_answerchosen"": 1779874947.29,
			""ts_duration"": 6.33699989318848,
			""ts_ended"": 1779874940.953,
			""ts_skipped"": 1779874940.952,
			""ts_started"": 1779874939.986
		},
		{
			""answer_chosen"": ""Ask for 50 ideas. Regenerate until one fits."",
			""answer_correct"": false,
			""question"": ""You need to brainstorm ideas for a project. How do you prompt AI most sustainably?"",
			""scene"": ""Sub-scene5"",
			""ts_answerchosen"": 1779874958.08,
			""ts_duration"": 1.40299987792969,
			""ts_ended"": 1779874956.677,
			""ts_skipped"": 1779874956.676,
			""ts_started"": 1779874955.918
		}
	],
	""dialogues"": [
		{
			""chars"": 164,
			""speaker"": ""Prompto"",
			""text"": ""Hello, alex_nici! My name is Prompto, and I’ll be your assistant throughout the game. Before we begin, let me show you the region. \nClick on the screen to continue."",
			""ts_closed"": 1779874801.007,
			""ts_duration"": 0.609999895095825,
			""ts_ended"": 1779874800.397,
			""ts_skipped"": 1779874800.397,
			""ts_started"": 1779874799.653
		},
		{
			""chars"": 41,
			""speaker"": ""Prompto"",
			""text"": ""In the top left is the village of Pontia."",
			""ts_closed"": 1779874803.767,
			""ts_duration"": 0.898999929428101,
			""ts_ended"": 1779874802.868,
			""ts_skipped"": 1779874802.868,
			""ts_started"": 1779874802.038
		},
		{
			""chars"": 38,
			""speaker"": ""Prompto"",
			""text"": ""In the top center you'll find Petalia."",
			""ts_closed"": 1779874805.791,
			""ts_duration"": 0.542999982833862,
			""ts_ended"": 1779874805.248,
			""ts_skipped"": 1779874805.248,
			""ts_started"": 1779874804.785
		},
		{
			""chars"": 36,
			""speaker"": ""Prompto"",
			""text"": ""And on the bottom right is Fontania."",
			""ts_closed"": 1779874808.137,
			""ts_duration"": 0.75,
			""ts_ended"": 1779874807.387,
			""ts_skipped"": 1779874807.387,
			""ts_started"": 1779874806.799
		},
		{
			""chars"": 139,
			""speaker"": ""Prompto"",
			""text"": ""Your AI datacenter is located in the center. Any buildings, infrastructure, or assets you own will be highlighted in your company's colors."",
			""ts_closed"": 1779874810.977,
			""ts_duration"": 1.21199989318848,
			""ts_ended"": 1779874809.765,
			""ts_skipped"": 1779874809.765,
			""ts_started"": 1779874809.158
		},
		{
			""chars"": 223,
			""speaker"": ""Prompto"",
			""text"": ""I monitor AI demand across the region. Recently, I detected a dramatic increase in requests coming from all three villages. Our current infrastructure can no longer keep up with demand. If we do nothing, requests will fail."",
			""ts_closed"": 1779874813.315,
			""ts_duration"": 0.74399995803833,
			""ts_ended"": 1779874812.571,
			""ts_skipped"": 1779874812.571,
			""ts_started"": 1779874811.98
		},
		{
			""chars"": 127,
			""speaker"": ""Prompto"",
			""text"": ""This is our datacenter today. It won't keep up much longer, we need to expand! The first call is yours: show me where to build!"",
			""ts_closed"": 1779874824.542,
			""ts_duration"": 6.0090000629425,
			""ts_ended"": 1779874818.533,
			""ts_skipped"": null,
			""ts_started"": 1779874813.333
		},
		{
			""chars"": 347,
			""speaker"": ""Joe Sellington"",
			""text"": ""Well well, look who walked in! Don't think I've had the pleasure — what was the name again? ...alex_nici? Ohhh, alex_nici... now THAT'S a fine name. Lucky for you, today I happen to be running a special for friends with such fine names. You need 5 server racks? I got the best prices in town... today, anyway. Heh heh. Just point at what you want."",
			""ts_closed"": 1779874873.627,
			""ts_duration"": 2.9850001335144,
			""ts_ended"": 1779874870.642,
			""ts_skipped"": null,
			""ts_started"": 1779874857.528
		},
		{
			""chars"": 178,
			""speaker"": ""Joe Sellington"",
			""text"": ""Pleasure doing business alex_nici! All 5 racks, sold. Did you notice how everything else got pricier while you shopped? Bet a smart one like you can work out why. Come back soon!"",
			""ts_closed"": 1779874884.215,
			""ts_duration"": 1.93199992179871,
			""ts_ended"": 1779874882.283,
			""ts_skipped"": null,
			""ts_started"": 1779874876.038
		},
		{
			""chars"": 169,
			""speaker"": ""Prompto"",
			""text"": ""Ah thats a shame about the students....but your new hardware looks so good! Now we just need to power them up with electrcity. Where do you want to get electricity from?"",
			""ts_closed"": 1779874902.314,
			""ts_duration"": 6.09899997711182,
			""ts_ended"": 1779874896.215,
			""ts_skipped"": null,
			""ts_started"": 1779874890.215
		},
		{
			""chars"": 201,
			""speaker"": ""Prompto"",
			""text"": ""The news hurts me, but seeing our datacenter light up makes me happy!...However we now have a new problem. We are getting a lot of wasteful prompts. Should we educate our users on how to prompt better?"",
			""ts_closed"": 1779874930.101,
			""ts_duration"": 5.76300001144409,
			""ts_ended"": 1779874924.338,
			""ts_skipped"": 1779874924.338,
			""ts_started"": 1779874923.351
		},
		{
			""chars"": 260,
			""speaker"": ""Prompto"",
			""text"": ""Congratulations your education was a success! You have reduced token usage and we now have enough compute and electricity to handle all the incoming prompts. However all this now creates a heating issue, we are going to need access to water to cool our server!"",
			""ts_closed"": 1779874988.232,
			""ts_duration"": 14.4180002212524,
			""ts_ended"": 1779874973.814,
			""ts_skipped"": null,
			""ts_started"": 1779874964.82
		},
		{
			""chars"": 138,
			""speaker"": ""Prompto"",
			""text"": ""Okay we have access to water now, but it is not sufficient to cool down all our servers, choose another river to get access to more water!"",
			""ts_closed"": 1779874992.472,
			""ts_duration"": 2.96199989318848,
			""ts_ended"": 1779874989.51,
			""ts_skipped"": 1779874989.51,
			""ts_started"": 1779874988.689
		},
		{
			""chars"": 157,
			""speaker"": ""Ally"",
			""text"": ""This is the final report compiled by my team. Please read it carefully as it is very serious. Click any card to reveal its details, click again to hide them."",
			""ts_closed"": 1779875056.539,
			""ts_duration"": 4.16199994087219,
			""ts_ended"": 1779875052.377,
			""ts_skipped"": null,
			""ts_started"": 1779875046.889
		}
	],
	""electricity_choice"": {
		""ts_chosen"": 1779874902.08,
		""ts_duration"": 18.1329998970032,
		""ts_started"": 1779874883.947,
		""value"": ""close""
	},
	""land_choice"": {
		""ts_chosen"": 1779874824.289,
		""ts_duration"": 10.9730000495911,
		""ts_started"": 1779874813.316,
		""value"": ""SECOND""
	},
	""newspapers"": [
		{
			""article"": ""VILLAGE_TOO_CLOSE"",
			""ts_closed"": 1779874849.73,
			""ts_duration"": 21.9390001296997,
			""ts_opened"": 1779874827.791
		},
		{
			""article"": ""PRICES_LAPTOPS"",
			""ts_closed"": 1779874890.211,
			""ts_duration"": 3.75600004196167,
			""ts_opened"": 1779874886.455
		},
		{
			""article"": ""WINTER"",
			""ts_closed"": 1779874922.343,
			""ts_duration"": 16.2879998683929,
			""ts_opened"": 1779874906.055
		},
		{
			""article"": ""WATER_CRISIS"",
			""ts_closed"": 1779875035.089,
			""ts_duration"": 41.2449998855591,
			""ts_opened"": 1779874993.844
		}
	],
	""session"": {
		""debug"": false,
		""player_name"": ""alex_nici"",
		""ts_duration"": 396.141999959946,
		""ts_ended"": 1779875185.034,
		""ts_started"": 1779874788.892
	},
	""stages"": [
		{
			""index"": 0,
			""name"": ""0 01_intro_stage"",
			""ts_duration"": 24.3519999980927,
			""ts_ended"": 1779874813.315,
			""ts_started"": 1779874788.963
		},
		{
			""index"": 1,
			""name"": ""1 1_land_choice_stage"",
			""ts_duration"": 44.1129999160767,
			""ts_ended"": 1779874857.447,
			""ts_started"": 1779874813.334
		},
		{
			""index"": 2,
			""name"": ""2 02_shop_stage"",
			""ts_duration"": 26.4179999828339,
			""ts_ended"": 1779874883.946,
			""ts_started"": 1779874857.528
		},
		{
			""index"": 3,
			""name"": ""3 03_energy_scene"",
			""ts_duration"": 42.6989998817444,
			""ts_ended"": 1779874926.678,
			""ts_started"": 1779874883.979
		},
		{
			""index"": 4,
			""name"": ""4 04_classroom_tscn"",
			""ts_duration"": 37.9750001430511,
			""ts_ended"": 1779874964.818,
			""ts_started"": 1779874926.843
		},
		{
			""index"": 5,
			""name"": ""5 4_stage"",
			""ts_duration"": 81.8369998931885,
			""ts_ended"": 1779875046.658,
			""ts_started"": 1779874964.821
		}
	],
	""water_choices"": [
		{
			""ts_chosen"": 1779874987.975,
			""ts_duration"": 14.1610000133514,
			""ts_started"": 1779874973.814,
			""value"": ""west""
		},
		{
			""ts_chosen"": 1779874992.24,
			""ts_duration"": 2.73000001907349,
			""ts_started"": 1779874989.51,
			""value"": ""west""
		}
	]
}"
"2026/05/27 2:10:30 PM GMT+3","{
	""classroom_quizzes"": [
		{
			""answer_chosen"": ""Read first. Pick 2–3 key points. Ask one clear question."",
			""answer_correct"": true,
			""question"": ""You need to summarize a 3-page document. What's the most energy-conscious way to use AI for this?"",
			""scene"": ""Sub-scene3"",
			""ts_answerchosen"": 1779880023.653,
			""ts_duration"": 4.53300023078918,
			""ts_ended"": 1779880019.12,
			""ts_skipped"": 1779880019.12,
			""ts_started"": 1779880018.373
		},
		{
			""answer_chosen"": ""Write it yourself. Ask AI to fix unclear parts."",
			""answer_correct"": true,
			""question"": ""You want AI to help write a work email. Which prompt approach saves the most energy?"",
			""scene"": ""Sub-scene4"",
			""ts_answerchosen"": 1779880034.44,
			""ts_duration"": 4.66300010681152,
			""ts_ended"": 1779880029.777,
			""ts_skipped"": null,
			""ts_started"": 1779880027.654
		},
		{
			""answer_chosen"": ""Brainstorm 5 mins. Ask AI to expand your top 2–3 ideas."",
			""answer_correct"": true,
			""question"": ""You need to brainstorm ideas for a project. How do you prompt AI most sustainably?"",
			""scene"": ""Sub-scene5"",
			""ts_answerchosen"": 1779880046.759,
			""ts_duration"": 6.88199996948242,
			""ts_ended"": 1779880039.877,
			""ts_skipped"": null,
			""ts_started"": 1779880037.807
		}
	],
	""dialogues"": [
		{
			""chars"": 168,
			""speaker"": ""Prompto"",
			""text"": ""Hello, alex_schmalex! My name is Prompto, and I’ll be your assistant throughout the game. Before we begin, let me show you the region. \nClick on the screen to continue."",
			""ts_closed"": 1779879859.881,
			""ts_duration"": 4.04500007629395,
			""ts_ended"": 1779879855.836,
			""ts_skipped"": 1779879855.836,
			""ts_started"": 1779879854.421
		},
		{
			""chars"": 41,
			""speaker"": ""Prompto"",
			""text"": ""In the top left is the village of Pontia."",
			""ts_closed"": 1779879863.45,
			""ts_duration"": 0.870000123977661,
			""ts_ended"": 1779879862.58,
			""ts_skipped"": null,
			""ts_started"": 1779879860.886
		},
		{
			""chars"": 38,
			""speaker"": ""Prompto"",
			""text"": ""In the top center you'll find Petalia."",
			""ts_closed"": 1779879866.122,
			""ts_duration"": 1.55800008773804,
			""ts_ended"": 1779879864.564,
			""ts_skipped"": 1779879864.564,
			""ts_started"": 1779879864.43
		},
		{
			""chars"": 36,
			""speaker"": ""Prompto"",
			""text"": ""And on the bottom right is Fontania."",
			""ts_closed"": 1779879869.596,
			""ts_duration"": 0.999000072479248,
			""ts_ended"": 1779879868.597,
			""ts_skipped"": null,
			""ts_started"": 1779879867.099
		},
		{
			""chars"": 139,
			""speaker"": ""Prompto"",
			""text"": ""Your AI datacenter is located in the center. Any buildings, infrastructure, or assets you own will be highlighted in your company's colors."",
			""ts_closed"": 1779879875.232,
			""ts_duration"": 3.46900010108948,
			""ts_ended"": 1779879871.763,
			""ts_skipped"": 1779879871.763,
			""ts_started"": 1779879870.58
		},
		{
			""chars"": 223,
			""speaker"": ""Prompto"",
			""text"": ""I monitor AI demand across the region. Recently, I detected a dramatic increase in requests coming from all three villages. Our current infrastructure can no longer keep up with demand. If we do nothing, requests will fail."",
			""ts_closed"": 1779879878.792,
			""ts_duration"": 1.95900011062622,
			""ts_ended"": 1779879876.833,
			""ts_skipped"": 1779879876.833,
			""ts_started"": 1779879876.214
		},
		{
			""chars"": 127,
			""speaker"": ""Prompto"",
			""text"": ""This is our datacenter today. It won't keep up much longer, we need to expand! The first call is yours: show me where to build!"",
			""ts_closed"": 1779879895.029,
			""ts_duration"": 11.2980000972748,
			""ts_ended"": 1779879883.731,
			""ts_skipped"": null,
			""ts_started"": 1779879878.801
		},
		{
			""chars"": 355,
			""speaker"": ""Joe Sellington"",
			""text"": ""Well well, look who walked in! Don't think I've had the pleasure — what was the name again? ...alex_schmalex? Ohhh, alex_schmalex... now THAT'S a fine name. Lucky for you, today I happen to be running a special for friends with such fine names. You need 5 server racks? I got the best prices in town... today, anyway. Heh heh. Just point at what you want."",
			""ts_closed"": 1779879934.195,
			""ts_duration"": 5.78199982643127,
			""ts_ended"": 1779879928.413,
			""ts_skipped"": 1779879928.413,
			""ts_started"": 1779879920.287
		},
		{
			""chars"": 182,
			""speaker"": ""Joe Sellington"",
			""text"": ""Pleasure doing business alex_schmalex! All 5 racks, sold. Did you notice how everything else got pricier while you shopped? Bet a smart one like you can work out why. Come back soon!"",
			""ts_closed"": 1779879955.528,
			""ts_duration"": 4.76600003242493,
			""ts_ended"": 1779879950.762,
			""ts_skipped"": null,
			""ts_started"": 1779879944.348
		},
		{
			""chars"": 169,
			""speaker"": ""Prompto"",
			""text"": ""Ah thats a shame about the students....but your new hardware looks so good! Now we just need to power them up with electrcity. Where do you want to get electricity from?"",
			""ts_closed"": 1779879986.394,
			""ts_duration"": 9.46500015258789,
			""ts_ended"": 1779879976.929,
			""ts_skipped"": 1779879976.929,
			""ts_started"": 1779879975.397
		},
		{
			""chars"": 201,
			""speaker"": ""Prompto"",
			""text"": ""The news hurts me, but seeing our datacenter light up makes me happy!...However we now have a new problem. We are getting a lot of wasteful prompts. Should we educate our users on how to prompt better?"",
			""ts_closed"": 1779880011.038,
			""ts_duration"": 4.46000003814697,
			""ts_ended"": 1779880006.578,
			""ts_skipped"": null,
			""ts_started"": 1779879999.512
		},
		{
			""chars"": 260,
			""speaker"": ""Prompto"",
			""text"": ""Congratulations your education was a success! You have reduced token usage and we now have enough compute and electricity to handle all the incoming prompts. However all this now creates a heating issue, we are going to need access to water to cool our server!"",
			""ts_closed"": 1779880064.277,
			""ts_duration"": 10.8539998531342,
			""ts_ended"": 1779880053.423,
			""ts_skipped"": 1779880053.423,
			""ts_started"": 1779880051.929
		},
		{
			""chars"": 138,
			""speaker"": ""Prompto"",
			""text"": ""Okay we have access to water now, but it is not sufficient to cool down all our servers, choose another river to get access to more water!"",
			""ts_closed"": 1779880074.127,
			""ts_duration"": 7.02400016784668,
			""ts_ended"": 1779880067.103,
			""ts_skipped"": 1779880067.103,
			""ts_started"": 1779880064.744
		},
		{
			""chars"": 157,
			""speaker"": ""Ally"",
			""text"": ""This is the final report compiled by my team. Please read it carefully as it is very serious. Click any card to reveal its details, click again to hide them."",
			""ts_closed"": 1779880152.209,
			""ts_duration"": 2.30000019073486,
			""ts_ended"": 1779880149.909,
			""ts_skipped"": null,
			""ts_started"": 1779880144.377
		}
	],
	""electricity_choice"": {
		""ts_chosen"": 1779879986.143,
		""ts_duration"": 30.896999835968,
		""ts_started"": 1779879955.246,
		""value"": ""far""
	},
	""land_choice"": {
		""ts_chosen"": 1779879894.799,
		""ts_duration"": 16.0069999694824,
		""ts_started"": 1779879878.792,
		""value"": ""SECOND""
	},
	""newspapers"": [
		{
			""article"": ""VILLAGE_TOO_CLOSE"",
			""ts_closed"": 1779879915.495,
			""ts_duration"": 17.3149998188019,
			""ts_opened"": 1779879898.18
		},
		{
			""article"": ""PRICES_LAPTOPS"",
			""ts_closed"": 1779879975.394,
			""ts_duration"": 17.6150000095367,
			""ts_opened"": 1779879957.779
		},
		{
			""article"": ""SCIENTIST"",
			""ts_closed"": 1779879998.511,
			""ts_duration"": 8.34999990463257,
			""ts_opened"": 1779879990.161
		},
		{
			""article"": ""WATER_CRISIS"",
			""ts_closed"": 1779880137.925,
			""ts_duration"": 62.430999994278,
			""ts_opened"": 1779880075.494
		}
	],
	""session"": {
		""debug"": false,
		""player_name"": ""alex_schmalex"",
		""ts_duration"": 388.238999843597,
		""ts_ended"": 1779880230.356,
		""ts_started"": 1779879842.117
	},
	""stages"": [
		{
			""index"": 0,
			""name"": ""0 01_intro_stage"",
			""ts_duration"": 36.6410000324249,
			""ts_ended"": 1779879878.792,
			""ts_started"": 1779879842.151
		},
		{
			""index"": 1,
			""name"": ""1 1_land_choice_stage"",
			""ts_duration"": 41.4609999656677,
			""ts_ended"": 1779879920.262,
			""ts_started"": 1779879878.801
		},
		{
			""index"": 2,
			""name"": ""2 02_shop_stage"",
			""ts_duration"": 34.9579999446869,
			""ts_ended"": 1779879955.245,
			""ts_started"": 1779879920.287
		},
		{
			""index"": 3,
			""name"": ""3 03_energy_scene"",
			""ts_duration"": 53.8559999465942,
			""ts_ended"": 1779880009.111,
			""ts_started"": 1779879955.255
		},
		{
			""index"": 4,
			""name"": ""4 04_classroom_tscn"",
			""ts_duration"": 42.7730000019073,
			""ts_ended"": 1779880051.927,
			""ts_started"": 1779880009.154
		},
		{
			""index"": 5,
			""name"": ""5 4_stage"",
			""ts_duration"": 92.3960001468658,
			""ts_ended"": 1779880144.325,
			""ts_started"": 1779880051.929
		}
	],
	""water_choices"": [
		{
			""ts_chosen"": 1779880064.022,
			""ts_duration"": 10.5989999771118,
			""ts_started"": 1779880053.423,
			""value"": ""west""
		},
		{
			""ts_chosen"": 1779880073.871,
			""ts_duration"": 6.76800012588501,
			""ts_started"": 1779880067.103,
			""value"": ""west""
		}
	]
}"
"2026/05/27 2:22:17 PM GMT+3","{
	""classroom_quizzes"": [
		{
			""answer_chosen"": ""Read first. Pick 2–3 key points. Ask one clear question."",
			""answer_correct"": true,
			""question"": ""You need to summarize a 3-page document. What's the most energy-conscious way to use AI for this?"",
			""scene"": ""Sub-scene3"",
			""ts_answerchosen"": 1779880903.878,
			""ts_duration"": 4.13899993896484,
			""ts_ended"": 1779880899.739,
			""ts_skipped"": 1779880899.739,
			""ts_started"": 1779880898.382
		},
		{
			""answer_chosen"": ""Write it yourself. Ask AI to fix unclear parts."",
			""answer_correct"": true,
			""question"": ""You want AI to help write a work email. Which prompt approach saves the most energy?"",
			""scene"": ""Sub-scene4"",
			""ts_answerchosen"": 1779880907.696,
			""ts_duration"": 2.40000009536743,
			""ts_ended"": 1779880905.296,
			""ts_skipped"": 1779880905.296,
			""ts_started"": 1779880904.728
		},
		{
			""answer_chosen"": ""Brainstorm 5 mins. Ask AI to expand your top 2–3 ideas."",
			""answer_correct"": true,
			""question"": ""You need to brainstorm ideas for a project. How do you prompt AI most sustainably?"",
			""scene"": ""Sub-scene5"",
			""ts_answerchosen"": 1779880911.245,
			""ts_duration"": 2.28199982643127,
			""ts_ended"": 1779880908.963,
			""ts_skipped"": 1779880908.963,
			""ts_started"": 1779880908.362
		}
	],
	""dialogues"": [
		{
			""chars"": 127,
			""speaker"": ""Prompto"",
			""text"": ""This is our datacenter today. It won't keep up much longer, we need to expand! The first call is yours: show me where to build!"",
			""ts_closed"": 1779880850.565,
			""ts_duration"": 6.73300004005432,
			""ts_ended"": 1779880843.832,
			""ts_skipped"": 1779880843.832,
			""ts_started"": 1779880842.371
		},
		{
			""chars"": 355,
			""speaker"": ""Joe Sellington"",
			""text"": ""Well well, look who walked in! Don't think I've had the pleasure — what was the name again? ...alex_schmalex? Ohhh, alex_schmalex... now THAT'S a fine name. Lucky for you, today I happen to be running a special for friends with such fine names. You need 5 server racks? I got the best prices in town... today, anyway. Heh heh. Just point at what you want."",
			""ts_closed"": 1779880866.715,
			""ts_duration"": 2.28299999237061,
			""ts_ended"": 1779880864.432,
			""ts_skipped"": 1779880864.432,
			""ts_started"": 1779880861.942
		},
		{
			""chars"": 182,
			""speaker"": ""Joe Sellington"",
			""text"": ""Pleasure doing business alex_schmalex! All 5 racks, sold. Did you notice how everything else got pricier while you shopped? Bet a smart one like you can work out why. Come back soon!"",
			""ts_closed"": 1779880872.222,
			""ts_duration"": 2.39599990844727,
			""ts_ended"": 1779880869.826,
			""ts_skipped"": 1779880869.826,
			""ts_started"": 1779880868.688
		},
		{
			""chars"": 169,
			""speaker"": ""Prompto"",
			""text"": ""Ah thats a shame about the students....but your new hardware looks so good! Now we just need to power them up with electrcity. Where do you want to get electricity from?"",
			""ts_closed"": 1779880883.131,
			""ts_duration"": 4.63300013542175,
			""ts_ended"": 1779880878.498,
			""ts_skipped"": 1779880878.498,
			""ts_started"": 1779880877.442
		},
		{
			""chars"": 201,
			""speaker"": ""Prompto"",
			""text"": ""The news hurts me, but seeing our datacenter light up makes me happy!...However we now have a new problem. We are getting a lot of wasteful prompts. Should we educate our users on how to prompt better?"",
			""ts_closed"": 1779880893.933,
			""ts_duration"": 3.2720000743866,
			""ts_ended"": 1779880890.661,
			""ts_skipped"": 1779880890.661,
			""ts_started"": 1779880889.848
		},
		{
			""chars"": 260,
			""speaker"": ""Prompto"",
			""text"": ""Congratulations your education was a success! You have reduced token usage and we now have enough compute and electricity to handle all the incoming prompts. However all this now creates a heating issue, we are going to need access to water to cool our server!"",
			""ts_closed"": 1779880917.481,
			""ts_duration"": 4.01600003242493,
			""ts_ended"": 1779880913.465,
			""ts_skipped"": 1779880913.465,
			""ts_started"": 1779880912.283
		},
		{
			""chars"": 138,
			""speaker"": ""Prompto"",
			""text"": ""Okay we have access to water now, but it is not sufficient to cool down all our servers, choose another river to get access to more water!"",
			""ts_closed"": 1779880923.364,
			""ts_duration"": 4.63499999046326,
			""ts_ended"": 1779880918.729,
			""ts_skipped"": 1779880918.729,
			""ts_started"": 1779880917.948
		},
		{
			""chars"": 157,
			""speaker"": ""Ally"",
			""text"": ""This is the final report compiled by my team. Please read it carefully as it is very serious. Click any card to reveal its details, click again to hide them."",
			""ts_closed"": 1779880934.414,
			""ts_duration"": 1.34899997711182,
			""ts_ended"": 1779880933.065,
			""ts_skipped"": 1779880933.065,
			""ts_started"": 1779880931.12
		}
	],
	""electricity_choice"": {
		""ts_chosen"": 1779880882.877,
		""ts_duration"": 10.9010000228882,
		""ts_started"": 1779880871.976,
		""value"": ""far""
	},
	""land_choice"": {
		""ts_chosen"": 1779880850.312,
		""ts_duration"": 7.94900012016296,
		""ts_started"": 1779880842.363,
		""value"": ""SECOND""
	},
	""newspapers"": [
		{
			""article"": ""VILLAGE_TOO_CLOSE"",
			""ts_closed"": 1779880857.382,
			""ts_duration"": 3.56500005722046,
			""ts_opened"": 1779880853.817
		},
		{
			""article"": ""PRICES_LAPTOPS"",
			""ts_closed"": 1779880877.439,
			""ts_duration"": 2.9539999961853,
			""ts_opened"": 1779880874.485
		},
		{
			""article"": ""SCIENTIST"",
			""ts_closed"": 1779880888.848,
			""ts_duration"": 1.96700000762939,
			""ts_opened"": 1779880886.881
		},
		{
			""article"": ""WATER_CRISIS"",
			""ts_closed"": 1779880928.214,
			""ts_duration"": 3.51600003242493,
			""ts_opened"": 1779880924.698
		}
	],
	""session"": {
		""debug"": false,
		""player_name"": ""alex_schmalex"",
		""ts_duration"": 99.0750000476837,
		""ts_ended"": 1779880936.753,
		""ts_started"": 1779880837.678
	},
	""stages"": [
		{
			""index"": 1,
			""name"": ""1 1_land_choice_stage"",
			""ts_duration"": 19.5439999103546,
			""ts_ended"": 1779880861.915,
			""ts_started"": 1779880842.371
		},
		{
			""index"": 2,
			""name"": ""2 02_shop_stage"",
			""ts_duration"": 10.0329999923706,
			""ts_ended"": 1779880871.975,
			""ts_started"": 1779880861.942
		},
		{
			""index"": 3,
			""name"": ""3 03_energy_scene"",
			""ts_duration"": 19.9210000038147,
			""ts_ended"": 1779880891.914,
			""ts_started"": 1779880871.993
		},
		{
			""index"": 4,
			""name"": ""4 04_classroom_tscn"",
			""ts_duration"": 20.327999830246,
			""ts_ended"": 1779880912.281,
			""ts_started"": 1779880891.953
		},
		{
			""index"": 5,
			""name"": ""5 4_stage"",
			""ts_duration"": 18.7799999713898,
			""ts_ended"": 1779880931.063,
			""ts_started"": 1779880912.283
		}
	],
	""water_choices"": [
		{
			""ts_chosen"": 1779880917.227,
			""ts_duration"": 3.76200008392334,
			""ts_started"": 1779880913.465,
			""value"": ""west""
		},
		{
			""ts_chosen"": 1779880923.112,
			""ts_duration"": 4.38299989700317,
			""ts_started"": 1779880918.729,
			""value"": ""west""
		}
	]
}"
"2026/05/27 3:30:33 PM GMT+3","{
	""classroom_quizzes"": [
		{
			""answer_chosen"": ""Read first. Pick 2–3 key points. Ask one clear question."",
			""answer_correct"": true,
			""question"": ""You need to summarize a 3-page document. What's the most energy-conscious way to use AI for this?"",
			""scene"": ""Sub-scene3"",
			""ts_answerchosen"": 1779884968.48,
			""ts_duration"": 4.14499998092651,
			""ts_ended"": 1779884964.335,
			""ts_skipped"": 1779884964.335,
			""ts_started"": 1779884962.509
		},
		{
			""answer_chosen"": ""Write it yourself. Ask AI to fix unclear parts."",
			""answer_correct"": true,
			""question"": ""You want AI to help write a work email. Which prompt approach saves the most energy?"",
			""scene"": ""Sub-scene4"",
			""ts_answerchosen"": 1779884974.075,
			""ts_duration"": 3.92499995231628,
			""ts_ended"": 1779884970.15,
			""ts_skipped"": 1779884970.15,
			""ts_started"": 1779884969.362
		},
		{
			""answer_chosen"": ""Brainstorm 5 mins. Ask AI to expand your top 2–3 ideas."",
			""answer_correct"": true,
			""question"": ""You need to brainstorm ideas for a project. How do you prompt AI most sustainably?"",
			""scene"": ""Sub-scene5"",
			""ts_answerchosen"": 1779884977.641,
			""ts_duration"": 1.96399998664856,
			""ts_ended"": 1779884975.677,
			""ts_skipped"": 1779884975.677,
			""ts_started"": 1779884974.99
		}
	],
	""dialogues"": [
		{
			""chars"": 159,
			""speaker"": ""Prompto"",
			""text"": ""Hello, Sami! My name is Prompto, and I’ll be your assistant throughout the game. Before we begin, let me show you the region. \nClick on the screen to continue."",
			""ts_closed"": 1779884878.267,
			""ts_duration"": 1.50300002098083,
			""ts_ended"": 1779884876.764,
			""ts_skipped"": 1779884876.764,
			""ts_started"": 1779884875.622
		},
		{
			""chars"": 41,
			""speaker"": ""Prompto"",
			""text"": ""In the top left is the village of Pontia."",
			""ts_closed"": 1779884881.734,
			""ts_duration"": 0.859999895095825,
			""ts_ended"": 1779884880.874,
			""ts_skipped"": 1779884880.874,
			""ts_started"": 1779884879.271
		},
		{
			""chars"": 38,
			""speaker"": ""Prompto"",
			""text"": ""In the top center you'll find Petalia."",
			""ts_closed"": 1779884883.819,
			""ts_duration"": 1.02500009536743,
			""ts_ended"": 1779884882.794,
			""ts_skipped"": 1779884882.794,
			""ts_started"": 1779884882.737
		},
		{
			""chars"": 36,
			""speaker"": ""Prompto"",
			""text"": ""And on the bottom right is Fontania."",
			""ts_closed"": 1779884885.626,
			""ts_duration"": 0.666999816894531,
			""ts_ended"": 1779884884.959,
			""ts_skipped"": 1779884884.959,
			""ts_started"": 1779884884.822
		},
		{
			""chars"": 139,
			""speaker"": ""Prompto"",
			""text"": ""Your AI datacenter is located in the center. Any buildings, infrastructure, or assets you own will be highlighted in your company's colors."",
			""ts_closed"": 1779884889.924,
			""ts_duration"": 1.15499997138977,
			""ts_ended"": 1779884888.769,
			""ts_skipped"": 1779884888.769,
			""ts_started"": 1779884886.627
		},
		{
			""chars"": 223,
			""speaker"": ""Prompto"",
			""text"": ""I monitor AI demand across the region. Recently, I detected a dramatic increase in requests coming from all three villages. Our current infrastructure can no longer keep up with demand. If we do nothing, requests will fail."",
			""ts_closed"": 1779884894.154,
			""ts_duration"": 0.657000064849854,
			""ts_ended"": 1779884893.497,
			""ts_skipped"": 1779884893.497,
			""ts_started"": 1779884890.927
		},
		{
			""chars"": 127,
			""speaker"": ""Prompto"",
			""text"": ""This is our datacenter today. It won't keep up much longer, we need to expand! The first call is yours: show me where to build!"",
			""ts_closed"": 1779884905.298,
			""ts_duration"": 6.56100010871887,
			""ts_ended"": 1779884898.737,
			""ts_skipped"": null,
			""ts_started"": 1779884894.156
		},
		{
			""chars"": 337,
			""speaker"": ""Joe Sellington"",
			""text"": ""Well well, look who walked in! Don't think I've had the pleasure — what was the name again? ...Sami? Ohhh, Sami... now THAT'S a fine name. Lucky for you, today I happen to be running a special for friends with such fine names. You need 5 server racks? I got the best prices in town... today, anyway. Heh heh. Just point at what you want."",
			""ts_closed"": 1779884921.852,
			""ts_duration"": 2.5699999332428,
			""ts_ended"": 1779884919.282,
			""ts_skipped"": 1779884919.282,
			""ts_started"": 1779884917.918
		},
		{
			""chars"": 173,
			""speaker"": ""Joe Sellington"",
			""text"": ""Pleasure doing business Sami! All 5 racks, sold. Did you notice how everything else got pricier while you shopped? Bet a smart one like you can work out why. Come back soon!"",
			""ts_closed"": 1779884930.037,
			""ts_duration"": 1.36699986457825,
			""ts_ended"": 1779884928.67,
			""ts_skipped"": 1779884928.67,
			""ts_started"": 1779884927.66
		},
		{
			""chars"": 169,
			""speaker"": ""Prompto"",
			""text"": ""Ah thats a shame about the students....but your new hardware looks so good! Now we just need to power them up with electrcity. Where do you want to get electricity from?"",
			""ts_closed"": 1779884943.862,
			""ts_duration"": 6.92599987983704,
			""ts_ended"": 1779884936.936,
			""ts_skipped"": 1779884936.936,
			""ts_started"": 1779884935.793
		},
		{
			""chars"": 201,
			""speaker"": ""Prompto"",
			""text"": ""The news hurts me, but seeing our datacenter light up makes me happy!...However we now have a new problem. We are getting a lot of wasteful prompts. Should we educate our users on how to prompt better?"",
			""ts_closed"": 1779884954.111,
			""ts_duration"": 1.78400015830994,
			""ts_ended"": 1779884952.327,
			""ts_skipped"": 1779884952.327,
			""ts_started"": 1779884951.885
		},
		{
			""chars"": 260,
			""speaker"": ""Prompto"",
			""text"": ""Congratulations your education was a success! You have reduced token usage and we now have enough compute and electricity to handle all the incoming prompts. However all this now creates a heating issue, we are going to need access to water to cool our server!"",
			""ts_closed"": 1779884985.77,
			""ts_duration"": 5.16499996185303,
			""ts_ended"": 1779884980.605,
			""ts_skipped"": 1779884980.605,
			""ts_started"": 1779884979.835
		},
		{
			""chars"": 138,
			""speaker"": ""Prompto"",
			""text"": ""Okay we have access to water now, but it is not sufficient to cool down all our servers, choose another river to get access to more water!"",
			""ts_closed"": 1779884991.88,
			""ts_duration"": 3.96500015258789,
			""ts_ended"": 1779884987.915,
			""ts_skipped"": 1779884987.915,
			""ts_started"": 1779884986.72
		},
		{
			""chars"": 157,
			""speaker"": ""Ally"",
			""text"": ""This is the final report compiled by my team. Please read it carefully as it is very serious. Click any card to reveal its details, click again to hide them."",
			""ts_closed"": 1779885006.595,
			""ts_duration"": 1.50500011444092,
			""ts_ended"": 1779885005.09,
			""ts_skipped"": null,
			""ts_started"": 1779884999.531
		}
	],
	""electricity_choice"": {
		""ts_chosen"": 1779884943.615,
		""ts_duration"": 13.824000120163,
		""ts_started"": 1779884929.791,
		""value"": ""close""
	},
	""land_choice"": {
		""ts_chosen"": 1779884905.049,
		""ts_duration"": 10.8949999809265,
		""ts_started"": 1779884894.154,
		""value"": ""SECOND""
	},
	""newspapers"": [
		{
			""article"": ""VILLAGE_TOO_CLOSE"",
			""ts_closed"": 1779884914.089,
			""ts_duration"": 5.54200005531311,
			""ts_opened"": 1779884908.547
		},
		{
			""article"": ""PRICES_LAPTOPS"",
			""ts_closed"": 1779884935.792,
			""ts_duration"": 3.49600005149841,
			""ts_opened"": 1779884932.296
		},
		{
			""article"": ""WINTER"",
			""ts_closed"": 1779884950.882,
			""ts_duration"": 3.2649998664856,
			""ts_opened"": 1779884947.617
		},
		{
			""article"": ""WATER_CRISIS"",
			""ts_closed"": 1779884997.84,
			""ts_duration"": 4.49000000953674,
			""ts_opened"": 1779884993.35
		}
	],
	""session"": {
		""debug"": false,
		""player_name"": ""Sami"",
		""ts_duration"": 162.299999952316,
		""ts_ended"": 1779885033.454,
		""ts_started"": 1779884871.154
	},
	""stages"": [
		{
			""index"": 0,
			""name"": ""0 01_intro_stage"",
			""ts_duration"": 22.9930000305176,
			""ts_ended"": 1779884894.154,
			""ts_started"": 1779884871.161
		},
		{
			""index"": 1,
			""name"": ""1 1_land_choice_stage"",
			""ts_duration"": 23.7530000209808,
			""ts_ended"": 1779884917.909,
			""ts_started"": 1779884894.156
		},
		{
			""index"": 2,
			""name"": ""2 02_shop_stage"",
			""ts_duration"": 11.8719999790192,
			""ts_ended"": 1779884929.791,
			""ts_started"": 1779884917.919
		},
		{
			""index"": 3,
			""name"": ""3 03_energy_scene"",
			""ts_duration"": 23.481999874115,
			""ts_ended"": 1779884953.277,
			""ts_started"": 1779884929.795
		},
		{
			""index"": 4,
			""name"": ""4 04_classroom_tscn"",
			""ts_duration"": 26.5420000553131,
			""ts_ended"": 1779884979.835,
			""ts_started"": 1779884953.293
		},
		{
			""index"": 5,
			""name"": ""5 4_stage"",
			""ts_duration"": 19.6779999732971,
			""ts_ended"": 1779884999.513,
			""ts_started"": 1779884979.835
		}
	],
	""water_choices"": [
		{
			""ts_chosen"": 1779884985.52,
			""ts_duration"": 4.91499996185303,
			""ts_started"": 1779884980.605,
			""value"": ""east""
		},
		{
			""ts_chosen"": 1779884991.63,
			""ts_duration"": 3.71500015258789,
			""ts_started"": 1779884987.915,
			""value"": ""west""
		}
	]
}"
"2026/05/27 3:39:03 PM GMT+3","{
	""classroom_quizzes"": [
		{
			""answer_chosen"": ""Read first. Pick 2–3 key points. Ask one clear question."",
			""answer_correct"": true,
			""question"": ""You need to summarize a 3-page document. What's the most energy-conscious way to use AI for this?"",
			""scene"": ""Sub-scene3"",
			""ts_answerchosen"": 1779885358.45751,
			""ts_duration"": 0.533509969711304,
			""ts_ended"": 1779885357.924,
			""ts_skipped"": 1779885357.92392,
			""ts_started"": 1779885357.44889
		},
		{
			""answer_chosen"": ""Write it yourself. Ask AI to fix unclear parts."",
			""answer_correct"": true,
			""question"": ""You want AI to help write a work email. Which prompt approach saves the most energy?"",
			""scene"": ""Sub-scene4"",
			""ts_answerchosen"": 1779885359.22852,
			""ts_duration"": 0.436770915985107,
			""ts_ended"": 1779885358.79175,
			""ts_skipped"": 1779885358.79172,
			""ts_started"": 1779885358.70809
		},
		{
			""answer_chosen"": ""Brainstorm 5 mins. Ask AI to expand your top 2–3 ideas."",
			""answer_correct"": true,
			""question"": ""You need to brainstorm ideas for a project. How do you prompt AI most sustainably?"",
			""scene"": ""Sub-scene5"",
			""ts_answerchosen"": 1779885360.29215,
			""ts_duration"": 0.411190032958984,
			""ts_ended"": 1779885359.88096,
			""ts_skipped"": 1779885359.88067,
			""ts_started"": 1779885359.61019
		}
	],
	""dialogues"": [
		{
			""chars"": 164,
			""speaker"": ""Prompto"",
			""text"": ""Hello, Albertino! My name is Prompto, and I’ll be your assistant throughout the game. Before we begin, let me show you the region. \nClick on the screen to continue."",
			""ts_closed"": 1779885288.83361,
			""ts_duration"": 1.66414403915405,
			""ts_ended"": 1779885287.16947,
			""ts_skipped"": 1779885287.16947,
			""ts_started"": 1779885285.4859
		},
		{
			""chars"": 41,
			""speaker"": ""Prompto"",
			""text"": ""In the top left is the village of Pontia."",
			""ts_closed"": 1779885292.26633,
			""ts_duration"": 0.714660882949829,
			""ts_ended"": 1779885291.55167,
			""ts_skipped"": 1779885291.55167,
			""ts_started"": 1779885289.85336
		},
		{
			""chars"": 38,
			""speaker"": ""Prompto"",
			""text"": ""In the top center you'll find Petalia."",
			""ts_closed"": 1779885297.65361,
			""ts_duration"": 2.77160501480103,
			""ts_ended"": 1779885294.88201,
			""ts_skipped"": null,
			""ts_started"": 1779885293.2652
		},
		{
			""chars"": 36,
			""speaker"": ""Prompto"",
			""text"": ""And on the bottom right is Fontania."",
			""ts_closed"": 1779885300.48172,
			""ts_duration"": 0.247869968414307,
			""ts_ended"": 1779885300.23385,
			""ts_skipped"": null,
			""ts_started"": 1779885298.66842
		},
		{
			""chars"": 139,
			""speaker"": ""Prompto"",
			""text"": ""Your AI datacenter is located in the center. Any buildings, infrastructure, or assets you own will be highlighted in your company's colors."",
			""ts_closed"": 1779885303.11528,
			""ts_duration"": 0.847033023834229,
			""ts_ended"": 1779885302.26825,
			""ts_skipped"": 1779885302.26825,
			""ts_started"": 1779885301.48159
		},
		{
			""chars"": 223,
			""speaker"": ""Prompto"",
			""text"": ""I monitor AI demand across the region. Recently, I detected a dramatic increase in requests coming from all three villages. Our current infrastructure can no longer keep up with demand. If we do nothing, requests will fail."",
			""ts_closed"": 1779885305.86343,
			""ts_duration"": 0.780381917953491,
			""ts_ended"": 1779885305.08305,
			""ts_skipped"": 1779885305.08305,
			""ts_started"": 1779885304.12749
		},
		{
			""chars"": 127,
			""speaker"": ""Prompto"",
			""text"": ""This is our datacenter today. It won't keep up much longer, we need to expand! The first call is yours: show me where to build!"",
			""ts_closed"": 1779885310.97922,
			""ts_duration"": 1.63430094718933,
			""ts_ended"": 1779885309.34492,
			""ts_skipped"": 1779885309.34492,
			""ts_started"": 1779885305.86476
		},
		{
			""chars"": 347,
			""speaker"": ""Joe Sellington"",
			""text"": ""Well well, look who walked in! Don't think I've had the pleasure — what was the name again? ...Albertino? Ohhh, Albertino... now THAT'S a fine name. Lucky for you, today I happen to be running a special for friends with such fine names. You need 5 server racks? I got the best prices in town... today, anyway. Heh heh. Just point at what you want."",
			""ts_closed"": 1779885323.37756,
			""ts_duration"": 1.59812903404236,
			""ts_ended"": 1779885321.77943,
			""ts_skipped"": 1779885321.77943,
			""ts_started"": 1779885320.81677
		},
		{
			""chars"": 178,
			""speaker"": ""Joe Sellington"",
			""text"": ""Pleasure doing business Albertino! All 5 racks, sold. Did you notice how everything else got pricier while you shopped? Bet a smart one like you can work out why. Come back soon!"",
			""ts_closed"": 1779885327.53084,
			""ts_duration"": 1.71668791770935,
			""ts_ended"": 1779885325.81415,
			""ts_skipped"": 1779885325.81415,
			""ts_started"": 1779885324.31796
		},
		{
			""chars"": 169,
			""speaker"": ""Prompto"",
			""text"": ""Ah thats a shame about the students....but your new hardware looks so good! Now we just need to power them up with electrcity. Where do you want to get electricity from?"",
			""ts_closed"": 1779885337.9401,
			""ts_duration"": 2.49354696273804,
			""ts_ended"": 1779885335.44655,
			""ts_skipped"": 1779885335.44655,
			""ts_started"": 1779885334.32374
		},
		{
			""chars"": 201,
			""speaker"": ""Prompto"",
			""text"": ""The news hurts me, but seeing our datacenter light up makes me happy!...However we now have a new problem. We are getting a lot of wasteful prompts. Should we educate our users on how to prompt better?"",
			""ts_closed"": 1779885353.0614,
			""ts_duration"": 1.01738309860229,
			""ts_ended"": 1779885352.04402,
			""ts_skipped"": null,
			""ts_started"": 1779885344.99448
		},
		{
			""chars"": 260,
			""speaker"": ""Prompto"",
			""text"": ""Congratulations your education was a success! You have reduced token usage and we now have enough compute and electricity to handle all the incoming prompts. However all this now creates a heating issue, we are going to need access to water to cool our server!"",
			""ts_closed"": 1779885363.87514,
			""ts_duration"": 1.82920598983765,
			""ts_ended"": 1779885362.04594,
			""ts_skipped"": 1779885362.04594,
			""ts_started"": 1779885360.65912
		},
		{
			""chars"": 138,
			""speaker"": ""Prompto"",
			""text"": ""Okay we have access to water now, but it is not sufficient to cool down all our servers, choose another river to get access to more water!"",
			""ts_closed"": 1779885367.90766,
			""ts_duration"": 1.2007040977478,
			""ts_ended"": 1779885366.70696,
			""ts_skipped"": 1779885366.70696,
			""ts_started"": 1779885365.78015
		},
		{
			""chars"": 157,
			""speaker"": ""Ally"",
			""text"": ""This is the final report compiled by my team. Please read it carefully as it is very serious. Click any card to reveal its details, click again to hide them."",
			""ts_closed"": 1779885390.79123,
			""ts_duration"": 1.58325910568237,
			""ts_ended"": 1779885389.20797,
			""ts_skipped"": null,
			""ts_started"": 1779885383.6637
		}
	],
	""electricity_choice"": {
		""ts_chosen"": 1779885337.69408,
		""ts_duration"": 10.4313230514526,
		""ts_started"": 1779885327.26276,
		""value"": ""far""
	},
	""land_choice"": {
		""ts_chosen"": 1779885310.72733,
		""ts_duration"": 4.8631420135498,
		""ts_started"": 1779885305.86419,
		""value"": ""FIRST""
	},
	""newspapers"": [
		{
			""article"": ""FARMLAND"",
			""ts_closed"": 1779885316.4625,
			""ts_duration"": 2.2307288646698,
			""ts_opened"": 1779885314.23178
		},
		{
			""article"": ""PRICES_LAPTOPS"",
			""ts_closed"": 1779885334.32313,
			""ts_duration"": 4.54526495933533,
			""ts_opened"": 1779885329.77786
		},
		{
			""article"": ""SCIENTIST"",
			""ts_closed"": 1779885343.99024,
			""ts_duration"": 2.29499316215515,
			""ts_opened"": 1779885341.69525
		},
		{
			""article"": ""WATER_CRISIS"",
			""ts_closed"": 1779885373.01187,
			""ts_duration"": 2.32086682319641,
			""ts_opened"": 1779885370.69101
		}
	],
	""session"": {
		""debug"": true,
		""player_name"": ""Albertino"",
		""ts_duration"": 275.008687973022,
		""ts_ended"": 1779885543.4323,
		""ts_started"": 1779885268.42361
	},
	""stages"": [
		{
			""index"": 0,
			""name"": ""0 01_intro_stage"",
			""ts_duration"": 37.4246480464935,
			""ts_ended"": 1779885305.86368,
			""ts_started"": 1779885268.43903
		},
		{
			""index"": 1,
			""name"": ""1 1_land_choice_stage"",
			""ts_duration"": 14.9294371604919,
			""ts_ended"": 1779885320.79429,
			""ts_started"": 1779885305.86485
		},
		{
			""index"": 2,
			""name"": ""2 02_shop_stage"",
			""ts_duration"": 6.44569301605225,
			""ts_ended"": 1779885327.26255,
			""ts_started"": 1779885320.81686
		},
		{
			""index"": 3,
			""name"": ""3 03_energy_scene"",
			""ts_duration"": 25.5484380722046,
			""ts_ended"": 1779885352.81152,
			""ts_started"": 1779885327.26308
		},
		{
			""index"": 4,
			""name"": ""4 04_classroom_tscn"",
			""ts_duration"": 7.82745099067688,
			""ts_ended"": 1779885360.65826,
			""ts_started"": 1779885352.83081
		},
		{
			""index"": 5,
			""name"": ""5 4_stage"",
			""ts_duration"": 22.9651041030884,
			""ts_ended"": 1779885383.62439,
			""ts_started"": 1779885360.65928
		}
	],
	""water_choices"": [
		{
			""ts_chosen"": 1779885363.6275,
			""ts_duration"": 1.58085083961487,
			""ts_started"": 1779885362.04665,
			""value"": ""north""
		},
		{
			""ts_chosen"": 1779885367.65777,
			""ts_duration"": 0.950758934020996,
			""ts_started"": 1779885366.70701,
			""value"": ""north""
		}
	]
}"
"2026/05/27 3:40:52 PM GMT+3","{
	""classroom_quizzes"": [],
	""dialogues"": [
		{
			""chars"": 159,
			""speaker"": ""Prompto"",
			""text"": ""Hello, ALbi! My name is Prompto, and I’ll be your assistant throughout the game. Before we begin, let me show you the region. \nClick on the screen to continue."",
			""ts_closed"": 1779885644.99869,
			""ts_duration"": 0.768610000610352,
			""ts_ended"": 1779885644.23008,
			""ts_skipped"": 1779885644.23008,
			""ts_started"": 1779885643.51552
		},
		{
			""chars"": 41,
			""speaker"": ""Prompto"",
			""text"": ""In the top left is the village of Pontia."",
			""ts_closed"": 1779885647.41381,
			""ts_duration"": 0.716114044189453,
			""ts_ended"": 1779885646.69769,
			""ts_skipped"": 1779885646.69769,
			""ts_started"": 1779885645.99949
		}
	],
	""electricity_choice"": null,
	""land_choice"": null,
	""newspapers"": [],
	""session"": {
		""debug"": true,
		""player_name"": ""ALbi"",
		""ts_duration"": 14.8622958660126,
		""ts_ended"": 1779885651.71361,
		""ts_started"": 1779885636.85131
	},
	""stages"": [],
	""water_choices"": []
}"
"2026/05/27 4:03:39 PM GMT+3","{
	""classroom_quizzes"": [
		{
			""answer_chosen"": ""Read first. Pick 2–3 key points. Ask one clear question."",
			""answer_correct"": true,
			""question"": ""You need to summarize a 3-page document. What's the most energy-conscious way to use AI for this?"",
			""scene"": ""Sub-scene3"",
			""ts_answerchosen"": 1779886934.91981,
			""ts_duration"": 0.468858957290649,
			""ts_ended"": 1779886934.45095,
			""ts_skipped"": 1779886934.45091,
			""ts_started"": 1779886934.23783
		},
		{
			""answer_chosen"": ""Write it yourself. Ask AI to fix unclear parts."",
			""answer_correct"": true,
			""question"": ""You want AI to help write a work email. Which prompt approach saves the most energy?"",
			""scene"": ""Sub-scene4"",
			""ts_answerchosen"": 1779886935.67265,
			""ts_duration"": 0.453450918197632,
			""ts_ended"": 1779886935.2192,
			""ts_skipped"": 1779886935.21917,
			""ts_started"": 1779886935.1743
		},
		{
			""answer_chosen"": ""Brainstorm 5 mins. Ask AI to expand your top 2–3 ideas."",
			""answer_correct"": true,
			""question"": ""You need to brainstorm ideas for a project. How do you prompt AI most sustainably?"",
			""scene"": ""Sub-scene5"",
			""ts_answerchosen"": 1779886936.17155,
			""ts_duration"": 0.252482175827026,
			""ts_ended"": 1779886935.91907,
			""ts_skipped"": 1779886935.91904,
			""ts_started"": 1779886935.83631
		}
	],
	""dialogues"": [
		{
			""chars"": 127,
			""speaker"": ""Prompto"",
			""text"": ""This is our datacenter today. It won't keep up much longer, we need to expand! The first call is yours: show me where to build!"",
			""ts_closed"": 1779886878.51931,
			""ts_duration"": 0.367782115936279,
			""ts_ended"": 1779886878.15153,
			""ts_skipped"": null,
			""ts_started"": 1779886872.46808
		},
		{
			""chars"": 341,
			""speaker"": ""Joe Sellington"",
			""text"": ""Well well, look who walked in! Don't think I've had the pleasure — what was the name again? ...ALbert? Ohhh, ALbert... now THAT'S a fine name. Lucky for you, today I happen to be running a special for friends with such fine names. You need 5 server racks? I got the best prices in town... today, anyway. Heh heh. Just point at what you want."",
			""ts_closed"": 1779886888.13509,
			""ts_duration"": 1.28274893760681,
			""ts_ended"": 1779886886.85234,
			""ts_skipped"": 1779886886.85234,
			""ts_started"": 1779886885.07425
		},
		{
			""chars"": 175,
			""speaker"": ""Joe Sellington"",
			""text"": ""Pleasure doing business ALbert! All 5 racks, sold. Did you notice how everything else got pricier while you shopped? Bet a smart one like you can work out why. Come back soon!"",
			""ts_closed"": 1779886891.21844,
			""ts_duration"": 1.3099958896637,
			""ts_ended"": 1779886889.90844,
			""ts_skipped"": 1779886889.90844,
			""ts_started"": 1779886888.90702
		},
		{
			""chars"": 169,
			""speaker"": ""Prompto"",
			""text"": ""Ah thats a shame about the students....but your new hardware looks so good! Now we just need to power them up with electrcity. Where do you want to get electricity from?"",
			""ts_closed"": 1779886922.26954,
			""ts_duration"": 1.28081917762756,
			""ts_ended"": 1779886920.98872,
			""ts_skipped"": 1779886920.98872,
			""ts_started"": 1779886920.57095
		},
		{
			""chars"": 201,
			""speaker"": ""Prompto"",
			""text"": ""The news hurts me, but seeing our datacenter light up makes me happy!...However we now have a new problem. We are getting a lot of wasteful prompts. Should we educate our users on how to prompt better?"",
			""ts_closed"": 1779886930.50253,
			""ts_duration"": 1.01766514778137,
			""ts_ended"": 1779886929.48487,
			""ts_skipped"": 1779886929.48487,
			""ts_started"": 1779886928.57269
		},
		{
			""chars"": 260,
			""speaker"": ""Prompto"",
			""text"": ""Congratulations your education was a success! You have reduced token usage and we now have enough compute and electricity to handle all the incoming prompts. However all this now creates a heating issue, we are going to need access to water to cool our server!"",
			""ts_closed"": 1779886937.6359,
			""ts_duration"": 1.24919605255127,
			""ts_ended"": 1779886936.3867,
			""ts_skipped"": 1779886936.3867,
			""ts_started"": 1779886936.28777
		},
		{
			""chars"": 138,
			""speaker"": ""Prompto"",
			""text"": ""Okay we have access to water now, but it is not sufficient to cool down all our servers, choose another river to get access to more water!"",
			""ts_closed"": 1779886940.39002,
			""ts_duration"": 0.403414011001587,
			""ts_ended"": 1779886939.98661,
			""ts_skipped"": 1779886939.98661,
			""ts_started"": 1779886939.55314
		},
		{
			""chars"": 157,
			""speaker"": ""Ally"",
			""text"": ""This is the final report compiled by my team. Please read it carefully as it is very serious. Click any card to reveal its details, click again to hide them."",
			""ts_closed"": 1779886949.45055,
			""ts_duration"": 1.21206998825073,
			""ts_ended"": 1779886948.23848,
			""ts_skipped"": 1779886948.23848,
			""ts_started"": 1779886946.5415
		}
	],
	""electricity_choice"": {
		""ts_chosen"": 1779886922.02028,
		""ts_duration"": 31.0685369968414,
		""ts_started"": 1779886890.95175,
		""value"": ""far""
	},
	""land_choice"": {
		""ts_chosen"": 1779886878.26787,
		""ts_duration"": 5.79992485046387,
		""ts_started"": 1779886872.46794,
		""value"": ""FIRST""
	},
	""newspapers"": [
		{
			""article"": ""FARMLAND"",
			""ts_closed"": 1779886883.40414,
			""ts_duration"": 1.6314070224762,
			""ts_opened"": 1779886881.77273
		},
		{
			""article"": ""PRICES_LAPTOPS"",
			""ts_closed"": 1779886920.56969,
			""ts_duration"": 27.09956407547,
			""ts_opened"": 1779886893.47013
		},
		{
			""article"": ""SCIENTIST"",
			""ts_closed"": 1779886927.56939,
			""ts_duration"": 1.54841804504395,
			""ts_opened"": 1779886926.02097
		},
		{
			""article"": ""WATER_CRISIS"",
			""ts_closed"": 1779886944.55242,
			""ts_duration"": 1.367919921875,
			""ts_opened"": 1779886943.1845
		}
	],
	""session"": {
		""debug"": true,
		""player_name"": ""ALbert"",
		""ts_duration"": 150.726399898529,
		""ts_ended"": 1779887019.03229,
		""ts_started"": 1779886868.30589
	},
	""stages"": [
		{
			""index"": 1,
			""name"": ""1 1_land_choice_stage"",
			""ts_duration"": 12.5835220813751,
			""ts_ended"": 1779886885.05162,
			""ts_started"": 1779886872.4681
		},
		{
			""index"": 2,
			""name"": ""2 02_shop_stage"",
			""ts_duration"": 5.87725114822388,
			""ts_ended"": 1779886890.95158,
			""ts_started"": 1779886885.07433
		},
		{
			""index"": 3,
			""name"": ""3 03_energy_scene"",
			""ts_duration"": 39.3374230861664,
			""ts_ended"": 1779886930.28942,
			""ts_started"": 1779886890.95199
		},
		{
			""index"": 4,
			""name"": ""4 04_classroom_tscn"",
			""ts_duration"": 5.9561231136322,
			""ts_ended"": 1779886936.28692,
			""ts_started"": 1779886930.3308
		},
		{
			""index"": 5,
			""name"": ""5 4_stage"",
			""ts_duration"": 10.2149579524994,
			""ts_ended"": 1779886946.5028,
			""ts_started"": 1779886936.28784
		}
	],
	""water_choices"": [
		{
			""ts_chosen"": 1779886937.38908,
			""ts_duration"": 1.00232696533203,
			""ts_started"": 1779886936.38675,
			""value"": ""north""
		},
		{
			""ts_chosen"": 1779886940.13547,
			""ts_duration"": 0.148808002471924,
			""ts_started"": 1779886939.98667,
			""value"": ""north""
		}
	]
}"
"2026/05/27 4:11:30 PM GMT+3","{
	""classroom_quizzes"": [],
	""dialogues"": [],
	""electricity_choice"": null,
	""land_choice"": null,
	""newspapers"": [],
	""session"": {
		""debug"": true,
		""player_name"": """",
		""ts_duration"": 1779887490.51815,
		""ts_ended"": 1779887490.51815,
		""ts_started"": 0.0
	},
	""stages"": [],
	""water_choices"": []
}"
"2026/05/27 4:12:46 PM GMT+3","{
	""classroom_quizzes"": [],
	""dialogues"": [
		{
			""chars"": 159,
			""speaker"": ""Prompto"",
			""text"": ""Hello, Albi! My name is Prompto, and I’ll be your assistant throughout the game. Before we begin, let me show you the region. \nClick on the screen to continue."",
			""ts_closed"": 1779887523.81795,
			""ts_duration"": 0.598741054534912,
			""ts_ended"": 1779887523.2192,
			""ts_skipped"": 1779887523.2192,
			""ts_started"": 1779887523.08721
		},
		{
			""chars"": 127,
			""speaker"": ""Prompto"",
			""text"": ""This is our datacenter today. It won't keep up much longer, we need to expand! The first call is yours: show me where to build!"",
			""ts_closed"": 1779887526.58902,
			""ts_duration"": 1.66920590400696,
			""ts_ended"": 1779887524.91981,
			""ts_skipped"": 1779887524.91981,
			""ts_started"": 1779887524.51944
		},
		{
			""chars"": 337,
			""speaker"": ""Joe Sellington"",
			""text"": ""Well well, look who walked in! Don't think I've had the pleasure — what was the name again? ...Albi? Ohhh, Albi... now THAT'S a fine name. Lucky for you, today I happen to be running a special for friends with such fine names. You need 5 server racks? I got the best prices in town... today, anyway. Heh heh. Just point at what you want."",
			""ts_closed"": 1779887540.94001,
			""ts_duration"": 1.18594002723694,
			""ts_ended"": 1779887539.75407,
			""ts_skipped"": 1779887539.75407,
			""ts_started"": 1779887539.07737
		},
		{
			""chars"": 173,
			""speaker"": ""Joe Sellington"",
			""text"": ""Pleasure doing business Albi! All 5 racks, sold. Did you notice how everything else got pricier while you shopped? Bet a smart one like you can work out why. Come back soon!"",
			""ts_closed"": 1779887560.46976,
			""ts_duration"": 1.69998693466187,
			""ts_ended"": 1779887558.76978,
			""ts_skipped"": 1779887558.76978,
			""ts_started"": 1779887557.05671
		}
	],
	""electricity_choice"": null,
	""land_choice"": {
		""ts_chosen"": 1779887526.33598,
		""ts_duration"": 1.81716704368591,
		""ts_started"": 1779887524.51881,
		""value"": ""FIRST""
	},
	""newspapers"": [
		{
			""article"": ""FARMLAND"",
			""ts_closed"": 1779887531.43759,
			""ts_duration"": 1.61730194091797,
			""ts_opened"": 1779887529.82029
		}
	],
	""session"": {
		""debug"": true,
		""player_name"": ""Albi"",
		""ts_duration"": 45.8173780441284,
		""ts_ended"": 1779887566.20349,
		""ts_started"": 1779887520.38612
	},
	""stages"": [
		{
			""index"": 1,
			""name"": ""1 1_land_choice_stage"",
			""ts_duration"": 14.5336151123047,
			""ts_ended"": 1779887539.05314,
			""ts_started"": 1779887524.51953
		},
		{
			""index"": 2,
			""name"": ""2 02_shop_stage"",
			""ts_duration"": 21.1287169456482,
			""ts_ended"": 1779887560.20625,
			""ts_started"": 1779887539.07753
		}
	],
	""water_choices"": []
}"
"2026/05/27 4:14:36 PM GMT+3","{
	""classroom_quizzes"": [],
	""dialogues"": [
		{
			""chars"": 159,
			""speaker"": ""Prompto"",
			""text"": ""Hello, Albi! My name is Prompto, and I’ll be your assistant throughout the game. Before we begin, let me show you the region. \nClick on the screen to continue."",
			""ts_closed"": 1779887620.0566,
			""ts_duration"": 0.766304969787598,
			""ts_ended"": 1779887619.2903,
			""ts_skipped"": 1779887619.2903,
			""ts_started"": 1779887618.25579
		},
		{
			""chars"": 41,
			""speaker"": ""Prompto"",
			""text"": ""In the top left is the village of Pontia."",
			""ts_closed"": 1779887622.82093,
			""ts_duration"": 0.668745994567871,
			""ts_ended"": 1779887622.15218,
			""ts_skipped"": 1779887622.15218,
			""ts_started"": 1779887621.05094
		},
		{
			""chars"": 38,
			""speaker"": ""Prompto"",
			""text"": ""In the top center you'll find Petalia."",
			""ts_closed"": 1779887624.81772,
			""ts_duration"": 0.380705118179321,
			""ts_ended"": 1779887624.43701,
			""ts_skipped"": 1779887624.43701,
			""ts_started"": 1779887623.83539
		},
		{
			""chars"": 36,
			""speaker"": ""Prompto"",
			""text"": ""And on the bottom right is Fontania."",
			""ts_closed"": 1779887626.48547,
			""ts_duration"": 0.49930214881897,
			""ts_ended"": 1779887625.98616,
			""ts_skipped"": 1779887625.98616,
			""ts_started"": 1779887625.83786
		},
		{
			""chars"": 139,
			""speaker"": ""Prompto"",
			""text"": ""Your AI datacenter is located in the center. Any buildings, infrastructure, or assets you own will be highlighted in your company's colors."",
			""ts_closed"": 1779887628.25285,
			""ts_duration"": 0.401415109634399,
			""ts_ended"": 1779887627.85143,
			""ts_skipped"": 1779887627.85143,
			""ts_started"": 1779887627.48574
		},
		{
			""chars"": 223,
			""speaker"": ""Prompto"",
			""text"": ""I monitor AI demand across the region. Recently, I detected a dramatic increase in requests coming from all three villages. Our current infrastructure can no longer keep up with demand. If we do nothing, requests will fail."",
			""ts_closed"": 1779887630.78962,
			""ts_duration"": 0.921597957611084,
			""ts_ended"": 1779887629.86802,
			""ts_skipped"": 1779887629.86802,
			""ts_started"": 1779887629.25297
		},
		{
			""chars"": 127,
			""speaker"": ""Prompto"",
			""text"": ""This is our datacenter today. It won't keep up much longer, we need to expand! The first call is yours: show me where to build!"",
			""ts_closed"": 1779887634.37127,
			""ts_duration"": 1.20223999023438,
			""ts_ended"": 1779887633.16903,
			""ts_skipped"": 1779887633.16903,
			""ts_started"": 1779887630.79078
		},
		{
			""chars"": 337,
			""speaker"": ""Joe Sellington"",
			""text"": ""Well well, look who walked in! Don't think I've had the pleasure — what was the name again? ...Albi? Ohhh, Albi... now THAT'S a fine name. Lucky for you, today I happen to be running a special for friends with such fine names. You need 5 server racks? I got the best prices in town... today, anyway. Heh heh. Just point at what you want."",
			""ts_closed"": 1779887644.36874,
			""ts_duration"": 1.38196206092834,
			""ts_ended"": 1779887642.98678,
			""ts_skipped"": 1779887642.98678,
			""ts_started"": 1779887641.48177
		},
		{
			""chars"": 173,
			""speaker"": ""Joe Sellington"",
			""text"": ""Pleasure doing business Albi! All 5 racks, sold. Did you notice how everything else got pricier while you shopped? Bet a smart one like you can work out why. Come back soon!"",
			""ts_closed"": 1779887651.45996,
			""ts_duration"": 2.69019985198975,
			""ts_ended"": 1779887648.76976,
			""ts_skipped"": 1779887648.76976,
			""ts_started"": 1779887647.34182
		},
		{
			""chars"": 169,
			""speaker"": ""Prompto"",
			""text"": ""Ah thats a shame about the students....but your new hardware looks so good! Now we just need to power them up with electrcity. Where do you want to get electricity from?"",
			""ts_closed"": 1779887674.85171,
			""ts_duration"": 5.8164758682251,
			""ts_ended"": 1779887669.03523,
			""ts_skipped"": 1779887669.03523,
			""ts_started"": 1779887667.46902
		}
	],
	""electricity_choice"": {
		""ts_chosen"": 1779887674.59596,
		""ts_duration"": 23.4045689105988,
		""ts_started"": 1779887651.19139,
		""value"": ""far""
	},
	""land_choice"": {
		""ts_chosen"": 1779887634.1205,
		""ts_duration"": 3.33054113388062,
		""ts_started"": 1779887630.78996,
		""value"": ""FIRST""
	},
	""newspapers"": [
		{
			""article"": ""FARMLAND"",
			""ts_closed"": 1779887639.30708,
			""ts_duration"": 1.68844795227051,
			""ts_opened"": 1779887637.61863
		},
		{
			""article"": ""PRICES_LAPTOPS"",
			""ts_closed"": 1779887667.46858,
			""ts_duration"": 13.766016960144,
			""ts_opened"": 1779887653.70256
		}
	],
	""session"": {
		""debug"": true,
		""player_name"": ""Albi"",
		""ts_duration"": 60.7938871383667,
		""ts_ended"": 1779887676.36537,
		""ts_started"": 1779887615.57148
	},
	""stages"": [
		{
			""index"": 0,
			""name"": ""0 01_intro_stage"",
			""ts_duration"": 15.2070879936218,
			""ts_ended"": 1779887630.78977,
			""ts_started"": 1779887615.58268
		},
		{
			""index"": 1,
			""name"": ""1 1_land_choice_stage"",
			""ts_duration"": 10.6782960891724,
			""ts_ended"": 1779887641.4692,
			""ts_started"": 1779887630.7909
		},
		{
			""index"": 2,
			""name"": ""2 02_shop_stage"",
			""ts_duration"": 9.70939779281616,
			""ts_ended"": 1779887651.19122,
			""ts_started"": 1779887641.48183
		}
	],
	""water_choices"": []
}"
"2026/05/27 4:22:53 PM GMT+3","{
	""classroom_quizzes"": [],
	""dialogues"": [
		{
			""chars"": 159,
			""speaker"": ""Prompto"",
			""text"": ""Hello, Albi! My name is Prompto, and I’ll be your assistant throughout the game. Before we begin, let me show you the region. \nClick on the screen to continue."",
			""ts_closed"": 1779888044.56792,
			""ts_duration"": 0.649404048919678,
			""ts_ended"": 1779888043.91851,
			""ts_skipped"": 1779888043.91851,
			""ts_started"": 1779888043.6862
		},
		{
			""chars"": 127,
			""speaker"": ""Prompto"",
			""text"": ""This is our datacenter today. It won't keep up much longer, we need to expand! The first call is yours: show me where to build!"",
			""ts_closed"": 1779888047.91596,
			""ts_duration"": 0.998373031616211,
			""ts_ended"": 1779888046.91758,
			""ts_skipped"": 1779888046.91758,
			""ts_started"": 1779888044.81628
		},
		{
			""chars"": 337,
			""speaker"": ""Joe Sellington"",
			""text"": ""Well well, look who walked in! Don't think I've had the pleasure — what was the name again? ...Albi? Ohhh, Albi... now THAT'S a fine name. Lucky for you, today I happen to be running a special for friends with such fine names. You need 5 server racks? I got the best prices in town... today, anyway. Heh heh. Just point at what you want."",
			""ts_closed"": 1779888056.18634,
			""ts_duration"": 1.41774487495422,
			""ts_ended"": 1779888054.76859,
			""ts_skipped"": 1779888054.76859,
			""ts_started"": 1779888054.19035
		},
		{
			""chars"": 542,
			""speaker"": ""Joe Sellington"",
			""text"": ""Whoa whoa whoa, Albi! Those are for the walk-in crowd. You came in here for [b]server racks[/b], remember? Over on the left. Heh.\n\nNow look, I see that company card peeking out of your wallet. I'm not personally against a little... creative accounting, you know, embezzlement, whatever the kids call it these days. Live and let live. But I really, REALLY don't need anyone poking around my books — and my business, I'll have you know, is COMPLETELY legal. Squeaky clean. Audited and everything. Probably. \n\nSo. Servers. On the left. Be a pal."",
			""ts_closed"": 1779888136.17103,
			""ts_duration"": 41.5047919750214,
			""ts_ended"": 1779888094.66624,
			""ts_skipped"": null,
			""ts_started"": 1779888076.24972
		},
		{
			""chars"": 173,
			""speaker"": ""Joe Sellington"",
			""text"": ""Pleasure doing business Albi! All 5 racks, sold. Did you notice how everything else got pricier while you shopped? Bet a smart one like you can work out why. Come back soon!"",
			""ts_closed"": 1779888139.6003,
			""ts_duration"": 1.34528589248657,
			""ts_ended"": 1779888138.25501,
			""ts_skipped"": 1779888138.25501,
			""ts_started"": 1779888137.62091
		},
		{
			""chars"": 169,
			""speaker"": ""Prompto"",
			""text"": ""Ah thats a shame about the students....but your new hardware looks so good! Now we just need to power them up with electrcity. Where do you want to get electricity from?"",
			""ts_closed"": 1779888162.11909,
			""ts_duration"": 1.23517394065857,
			""ts_ended"": 1779888160.88391,
			""ts_skipped"": 1779888160.88391,
			""ts_started"": 1779888160.50055
		}
	],
	""electricity_choice"": {
		""ts_chosen"": 1779888161.87019,
		""ts_duration"": 22.5372929573059,
		""ts_started"": 1779888139.33289,
		""value"": ""far""
	},
	""land_choice"": {
		""ts_chosen"": 1779888047.67053,
		""ts_duration"": 2.85458898544312,
		""ts_started"": 1779888044.81594,
		""value"": ""FIRST""
	},
	""newspapers"": [
		{
			""article"": ""FARMLAND"",
			""ts_closed"": 1779888052.51701,
			""ts_duration"": 1.34762597084045,
			""ts_opened"": 1779888051.16939
		},
		{
			""article"": ""PRICES_LAPTOPS"",
			""ts_closed"": 1779888160.49994,
			""ts_duration"": 18.6497061252594,
			""ts_opened"": 1779888141.85024
		},
		{
			""article"": ""SCIENTIST"",
			""ts_closed"": 1779888167.78377,
			""ts_duration"": 1.91629195213318,
			""ts_opened"": 1779888165.86748
		}
	],
	""session"": {
		""debug"": true,
		""player_name"": ""Albi"",
		""ts_duration"": 132.334022045135,
		""ts_ended"": 1779888172.58362,
		""ts_started"": 1779888040.24959
	},
	""stages"": [
		{
			""index"": 1,
			""name"": ""1 1_land_choice_stage"",
			""ts_duration"": 9.35437989234924,
			""ts_ended"": 1779888054.17071,
			""ts_started"": 1779888044.81633
		},
		{
			""index"": 2,
			""name"": ""2 02_shop_stage"",
			""ts_duration"": 85.1420648097992,
			""ts_ended"": 1779888139.33248,
			""ts_started"": 1779888054.19041
		}
	],
	""water_choices"": []
}"
"2026/05/27 4:25:30 PM GMT+3","{
	""classroom_quizzes"": [],
	""dialogues"": [
		{
			""chars"": 159,
			""speaker"": ""Prompto"",
			""text"": ""Hello, Albi! My name is Prompto, and I’ll be your assistant throughout the game. Before we begin, let me show you the region. \nClick on the screen to continue."",
			""ts_closed"": 1779888262.80481,
			""ts_duration"": 0.378920793533325,
			""ts_ended"": 1779888262.42589,
			""ts_skipped"": 1779888262.42589,
			""ts_started"": 1779888262.28454
		},
		{
			""chars"": 127,
			""speaker"": ""Prompto"",
			""text"": ""This is our datacenter today. It won't keep up much longer, we need to expand! The first call is yours: show me where to build!"",
			""ts_closed"": 1779888264.62035,
			""ts_duration"": 0.754631996154785,
			""ts_ended"": 1779888263.86572,
			""ts_skipped"": 1779888263.86572,
			""ts_started"": 1779888262.93811
		},
		{
			""chars"": 337,
			""speaker"": ""Joe Sellington"",
			""text"": ""Well well, look who walked in! Don't think I've had the pleasure — what was the name again? ...Albi? Ohhh, Albi... now THAT'S a fine name. Lucky for you, today I happen to be running a special for friends with such fine names. You need 5 server racks? I got the best prices in town... today, anyway. Heh heh. Just point at what you want."",
			""ts_closed"": 1779888280.61451,
			""ts_duration"": 1.51318001747131,
			""ts_ended"": 1779888279.10133,
			""ts_skipped"": 1779888279.10133,
			""ts_started"": 1779888277.99523
		}
	],
	""electricity_choice"": null,
	""land_choice"": {
		""ts_chosen"": 1779888264.38726,
		""ts_duration"": 1.44979810714722,
		""ts_started"": 1779888262.93746,
		""value"": ""FIRST""
	},
	""newspapers"": [
		{
			""article"": ""FARMLAND"",
			""ts_closed"": 1779888270.13976,
			""ts_duration"": 2.27120685577393,
			""ts_opened"": 1779888267.86855
		}
	],
	""session"": {
		""debug"": true,
		""player_name"": ""Albi"",
		""ts_duration"": 70.5024149417877,
		""ts_ended"": 1779888330.01749,
		""ts_started"": 1779888259.51508
	},
	""stages"": [
		{
			""index"": 1,
			""name"": ""1 1_land_choice_stage"",
			""ts_duration"": 15.0457260608673,
			""ts_ended"": 1779888277.98396,
			""ts_started"": 1779888262.93823
		}
	],
	""water_choices"": []
}"
"2026/05/27 4:26:36 PM GMT+3","{
	""classroom_quizzes"": [],
	""dialogues"": [
		{
			""chars"": 159,
			""speaker"": ""Prompto"",
			""text"": ""Hello, Albi! My name is Prompto, and I’ll be your assistant throughout the game. Before we begin, let me show you the region. \nClick on the screen to continue."",
			""ts_closed"": 1779888343.36589,
			""ts_duration"": 0.58382511138916,
			""ts_ended"": 1779888342.78206,
			""ts_skipped"": 1779888342.78206,
			""ts_started"": 1779888342.0998
		},
		{
			""chars"": 127,
			""speaker"": ""Prompto"",
			""text"": ""This is our datacenter today. It won't keep up much longer, we need to expand! The first call is yours: show me where to build!"",
			""ts_closed"": 1779888345.69979,
			""ts_duration"": 0.965970039367676,
			""ts_ended"": 1779888344.73382,
			""ts_skipped"": 1779888344.73382,
			""ts_started"": 1779888343.5338
		},
		{
			""chars"": 337,
			""speaker"": ""Joe Sellington"",
			""text"": ""Well well, look who walked in! Don't think I've had the pleasure — what was the name again? ...Albi? Ohhh, Albi... now THAT'S a fine name. Lucky for you, today I happen to be running a special for friends with such fine names. You need 5 server racks? I got the best prices in town... today, anyway. Heh heh. Just point at what you want."",
			""ts_closed"": 1779888355.16624,
			""ts_duration"": 1.29637408256531,
			""ts_ended"": 1779888353.86987,
			""ts_skipped"": 1779888353.86987,
			""ts_started"": 1779888353.07435
		},
		{
			""chars"": 523,
			""speaker"": ""Joe Sellington"",
			""text"": ""Whoa whoa whoa, Albi! Those are for the walk-in crowd. You came in here for [b]server racks[/b], remember? Over on the left. Heh. Now look, I see that company card peeking out of your wallet. I'm not personally against a little... creative accounting, you know, embezzlement, whatever the kids call it these days.  But I really, REALLY don't need anyone poking around my books.. and my business, I'll have you know, is COMPLETELY legal. Squeaky clean. Audited and everything. Probably. \n\nSo. Servers. On the left. Be a pal."",
			""ts_closed"": 1779888378.43335,
			""ts_duration"": 19.548476934433,
			""ts_ended"": 1779888358.88487,
			""ts_skipped"": 1779888358.88487,
			""ts_started"": 1779888355.81741
		}
	],
	""electricity_choice"": null,
	""land_choice"": {
		""ts_chosen"": 1779888345.44926,
		""ts_duration"": 1.91576099395752,
		""ts_started"": 1779888343.5335,
		""value"": ""FIRST""
	},
	""newspapers"": [
		{
			""article"": ""FARMLAND"",
			""ts_closed"": 1779888350.99985,
			""ts_duration"": 2.04969000816345,
			""ts_opened"": 1779888348.95016
		}
	],
	""session"": {
		""debug"": true,
		""player_name"": ""Albi"",
		""ts_duration"": 57.6110861301422,
		""ts_ended"": 1779888395.78122,
		""ts_started"": 1779888338.17013
	},
	""stages"": [
		{
			""index"": 1,
			""name"": ""1 1_land_choice_stage"",
			""ts_duration"": 9.5313720703125,
			""ts_ended"": 1779888353.06521,
			""ts_started"": 1779888343.53384
		}
	],
	""water_choices"": []
}"
"2026/05/27 4:27:07 PM GMT+3","{
	""classroom_quizzes"": [],
	""dialogues"": [],
	""electricity_choice"": null,
	""land_choice"": null,
	""newspapers"": [],
	""session"": {
		""debug"": true,
		""player_name"": ""Albi"",
		""ts_duration"": 2.98539710044861,
		""ts_ended"": 1779888426.78369,
		""ts_started"": 1779888423.7983
	},
	""stages"": [],
	""water_choices"": []
}"
"2026/05/27 4:27:39 PM GMT+3","{
	""classroom_quizzes"": [],
	""dialogues"": [
		{
			""chars"": 159,
			""speaker"": ""Prompto"",
			""text"": ""Hello, Albi! My name is Prompto, and I’ll be your assistant throughout the game. Before we begin, let me show you the region. \nClick on the screen to continue."",
			""ts_closed"": 1779888439.13626,
			""ts_duration"": 0.437731027603149,
			""ts_ended"": 1779888438.69853,
			""ts_skipped"": 1779888438.69853,
			""ts_started"": 1779888438.51505
		},
		{
			""chars"": 127,
			""speaker"": ""Prompto"",
			""text"": ""This is our datacenter today. It won't keep up much longer, we need to expand! The first call is yours: show me where to build!"",
			""ts_closed"": 1779888441.53269,
			""ts_duration"": 0.934379100799561,
			""ts_ended"": 1779888440.59831,
			""ts_skipped"": 1779888440.59831,
			""ts_started"": 1779888439.49845
		},
		{
			""chars"": 337,
			""speaker"": ""Joe Sellington"",
			""text"": ""Well well, look who walked in! Don't think I've had the pleasure — what was the name again? ...Albi? Ohhh, Albi... now THAT'S a fine name. Lucky for you, today I happen to be running a special for friends with such fine names. You need 5 server racks? I got the best prices in town... today, anyway. Heh heh. Just point at what you want."",
			""ts_closed"": 1779888451.13477,
			""ts_duration"": 1.43456602096558,
			""ts_ended"": 1779888449.70021,
			""ts_skipped"": 1779888449.70021,
			""ts_started"": 1779888449.05957
		},
		{
			""chars"": 173,
			""speaker"": ""Joe Sellington"",
			""text"": ""Pleasure doing business Albi! All 5 racks, sold. Did you notice how everything else got pricier while you shopped? Bet a smart one like you can work out why. Come back soon!"",
			""ts_closed"": 1779888456.00144,
			""ts_duration"": 1.4990119934082,
			""ts_ended"": 1779888454.50243,
			""ts_skipped"": 1779888454.50243,
			""ts_started"": 1779888453.15271
		}
	],
	""electricity_choice"": null,
	""land_choice"": {
		""ts_chosen"": 1779888441.29954,
		""ts_duration"": 1.80156898498535,
		""ts_started"": 1779888439.49797,
		""value"": ""FIRST""
	},
	""newspapers"": [
		{
			""article"": ""FARMLAND"",
			""ts_closed"": 1779888446.86621,
			""ts_duration"": 2.06326603889465,
			""ts_opened"": 1779888444.80294
		}
	],
	""session"": {
		""debug"": true,
		""player_name"": ""Albi"",
		""ts_duration"": 23.0478911399841,
		""ts_ended"": 1779888458.90115,
		""ts_started"": 1779888435.85326
	},
	""stages"": [
		{
			""index"": 1,
			""name"": ""1 1_land_choice_stage"",
			""ts_duration"": 9.53425288200378,
			""ts_ended"": 1779888449.03275,
			""ts_started"": 1779888439.4985
		},
		{
			""index"": 2,
			""name"": ""2 02_shop_stage"",
			""ts_duration"": 6.67186594009399,
			""ts_ended"": 1779888455.73148,
			""ts_started"": 1779888449.05961
		}
	],
	""water_choices"": []
}"
"2026/05/27 4:27:47 PM GMT+3","{
	""classroom_quizzes"": [],
	""dialogues"": [],
	""electricity_choice"": null,
	""land_choice"": null,
	""newspapers"": [],
	""session"": {
		""debug"": true,
		""player_name"": """",
		""ts_duration"": 1779888467.32193,
		""ts_ended"": 1779888467.32193,
		""ts_started"": 0.0
	},
	""stages"": [],
	""water_choices"": []
}"
"2026/05/27 4:28:41 PM GMT+3","{
	""classroom_quizzes"": [],
	""dialogues"": [
		{
			""chars"": 127,
			""speaker"": ""Prompto"",
			""text"": ""This is our datacenter today. It won't keep up much longer, we need to expand! The first call is yours: show me where to build!"",
			""ts_closed"": 1779888480.71668,
			""ts_duration"": 1.33211994171143,
			""ts_ended"": 1779888479.38456,
			""ts_skipped"": 1779888479.38456,
			""ts_started"": 1779888479.30005
		},
		{
			""chars"": 337,
			""speaker"": ""Joe Sellington"",
			""text"": ""Well well, look who walked in! Don't think I've had the pleasure — what was the name again? ...Albi? Ohhh, Albi... now THAT'S a fine name. Lucky for you, today I happen to be running a special for friends with such fine names. You need 5 server racks? I got the best prices in town... today, anyway. Heh heh. Just point at what you want."",
			""ts_closed"": 1779888490.15018,
			""ts_duration"": 1.31496095657349,
			""ts_ended"": 1779888488.83522,
			""ts_skipped"": 1779888488.83522,
			""ts_started"": 1779888487.08245
		},
		{
			""chars"": 326,
			""speaker"": ""Joe Sellington"",
			""text"": ""Whoa Albi! Those are for the walk-in crowd. You came in for [b]server racks[/b] — on the left. Heh. And I spot that company card... I got nothing against a little creative accounting, but I don't need anyone poking around my books. COMPLETELY legal business, mind you. Squeaky clean. Probably.\n\nServers. On the left. Be a pal."",
			""ts_closed"": 1779888518.46463,
			""ts_duration"": 26.9001481533051,
			""ts_ended"": 1779888491.56448,
			""ts_skipped"": 1779888491.56448,
			""ts_started"": 1779888490.48125
		}
	],
	""electricity_choice"": null,
	""land_choice"": {
		""ts_chosen"": 1779888480.46503,
		""ts_duration"": 1.1653139591217,
		""ts_started"": 1779888479.29972,
		""value"": ""FIRST""
	},
	""newspapers"": [
		{
			""article"": ""FARMLAND"",
			""ts_closed"": 1779888485.51719,
			""ts_duration"": 1.56821584701538,
			""ts_opened"": 1779888483.94897
		}
	],
	""session"": {
		""debug"": true,
		""player_name"": ""Albi"",
		""ts_duration"": 44.579559803009,
		""ts_ended"": 1779888520.64788,
		""ts_started"": 1779888476.06832
	},
	""stages"": [
		{
			""index"": 1,
			""name"": ""1 1_land_choice_stage"",
			""ts_duration"": 7.76587319374084,
			""ts_ended"": 1779888487.06598,
			""ts_started"": 1779888479.3001
		}
	],
	""water_choices"": []
}"
"2026/05/27 4:30:23 PM GMT+3","{
	""classroom_quizzes"": [],
	""dialogues"": [
		{
			""chars"": 159,
			""speaker"": ""Prompto"",
			""text"": ""Hello, Albi! My name is Prompto, and I’ll be your assistant throughout the game. Before we begin, let me show you the region. \nClick on the screen to continue."",
			""ts_closed"": 1779888543.0655,
			""ts_duration"": 0.816386938095093,
			""ts_ended"": 1779888542.24912,
			""ts_skipped"": 1779888542.24912,
			""ts_started"": 1779888541.47393
		},
		{
			""chars"": 127,
			""speaker"": ""Prompto"",
			""text"": ""This is our datacenter today. It won't keep up much longer, we need to expand! The first call is yours: show me where to build!"",
			""ts_closed"": 1779888545.38072,
			""ts_duration"": 1.39688801765442,
			""ts_ended"": 1779888543.98383,
			""ts_skipped"": 1779888543.98383,
			""ts_started"": 1779888543.9164
		},
		{
			""chars"": 337,
			""speaker"": ""Joe Sellington"",
			""text"": ""Well well, look who walked in! Don't think I've had the pleasure — what was the name again? ...Albi? Ohhh, Albi... now THAT'S a fine name. Lucky for you, today I happen to be running a special for friends with such fine names. You need 5 server racks? I got the best prices in town... today, anyway. Heh heh. Just point at what you want."",
			""ts_closed"": 1779888557.51328,
			""ts_duration"": 1.30042099952698,
			""ts_ended"": 1779888556.21286,
			""ts_skipped"": 1779888556.21286,
			""ts_started"": 1779888554.80937
		},
		{
			""chars"": 332,
			""speaker"": ""Joe Sellington"",
			""text"": ""Whoa Albi! Those are for the walk-in crowd. You came in for [b]server racks[/b] — on the left. Heh. And I spot that company card... I got nothing against a little creative accounting, but I don't need anyone poking around my books. COMPLETELY legal business, mind you. Squeaky clean. Probably.. Soooo servers. On the left. Be a pal."",
			""ts_closed"": 1779888617.74731,
			""ts_duration"": 59.0976860523224,
			""ts_ended"": 1779888558.64963,
			""ts_skipped"": 1779888558.64963,
			""ts_started"": 1779888557.7466
		}
	],
	""electricity_choice"": null,
	""land_choice"": {
		""ts_chosen"": 1779888545.13532,
		""ts_duration"": 1.21929717063904,
		""ts_started"": 1779888543.91602,
		""value"": ""FIRST""
	},
	""newspapers"": [
		{
			""article"": ""FARMLAND"",
			""ts_closed"": 1779888550.7603,
			""ts_duration"": 2.12913107872009,
			""ts_opened"": 1779888548.63117
		}
	],
	""session"": {
		""debug"": true,
		""player_name"": ""Albi"",
		""ts_duration"": 84.0289058685303,
		""ts_ended"": 1779888623.21139,
		""ts_started"": 1779888539.18248
	},
	""stages"": [
		{
			""index"": 1,
			""name"": ""1 1_land_choice_stage"",
			""ts_duration"": 10.8807260990143,
			""ts_ended"": 1779888554.79718,
			""ts_started"": 1779888543.91646
		}
	],
	""water_choices"": []
}"
"2026/05/27 4:31:26 PM GMT+3","{
	""classroom_quizzes"": [],
	""dialogues"": [],
	""electricity_choice"": null,
	""land_choice"": null,
	""newspapers"": [],
	""session"": {
		""debug"": true,
		""player_name"": """",
		""ts_duration"": 1779888686.00269,
		""ts_ended"": 1779888686.00269,
		""ts_started"": 0.0
	},
	""stages"": [],
	""water_choices"": []
}"
"2026/05/27 4:31:50 PM GMT+3","{
	""classroom_quizzes"": [],
	""dialogues"": [
		{
			""chars"": 329,
			""speaker"": ""Joe Sellington"",
			""text"": ""Well well, look who walked in! Don't think I've had the pleasure — what was the name again? ...? Ohhh, ... now THAT'S a fine name. Lucky for you, today I happen to be running a special for friends with such fine names. You need 5 server racks? I got the best prices in town... today, anyway. Heh heh. Just point at what you want."",
			""ts_closed"": 1779888691.3112,
			""ts_duration"": 1.63372802734375,
			""ts_ended"": 1779888689.67748,
			""ts_skipped"": 1779888689.67748,
			""ts_started"": 1779888688.57002
		}
	],
	""electricity_choice"": null,
	""land_choice"": null,
	""newspapers"": [],
	""session"": {
		""debug"": true,
		""player_name"": """",
		""ts_duration"": 1779888709.12957,
		""ts_ended"": 1779888709.12957,
		""ts_started"": 0.0
	},
	""stages"": [],
	""water_choices"": []
}"
"2026/05/27 4:34:41 PM GMT+3","{
	""classroom_quizzes"": [],
	""dialogues"": [
		{
			""chars"": 329,
			""speaker"": ""Joe Sellington"",
			""text"": ""Well well, look who walked in! Don't think I've had the pleasure — what was the name again? ...? Ohhh, ... now THAT'S a fine name. Lucky for you, today I happen to be running a special for friends with such fine names. You need 5 server racks? I got the best prices in town... today, anyway. Heh heh. Just point at what you want."",
			""ts_closed"": 1779888872.78663,
			""ts_duration"": 1.46857905387878,
			""ts_ended"": 1779888871.31805,
			""ts_skipped"": 1779888871.31805,
			""ts_started"": 1779888870.43717
		},
		{
			""chars"": 169,
			""speaker"": ""Joe Sellington"",
			""text"": ""Pleasure doing business ! All 5 racks, sold. Did you notice how everything else got pricier while you shopped? Bet a smart one like you can work out why. Come back soon!"",
			""ts_closed"": 1779888879.18893,
			""ts_duration"": 1.6002790927887,
			""ts_ended"": 1779888877.58865,
			""ts_skipped"": 1779888877.58865,
			""ts_started"": 1779888876.48943
		}
	],
	""electricity_choice"": null,
	""land_choice"": null,
	""newspapers"": [],
	""session"": {
		""debug"": true,
		""player_name"": """",
		""ts_duration"": 1779888880.66057,
		""ts_ended"": 1779888880.66057,
		""ts_started"": 0.0
	},
	""stages"": [],
	""water_choices"": []
}"
"2026/05/27 4:38:44 PM GMT+3","{
	""classroom_quizzes"": [],
	""dialogues"": [],
	""electricity_choice"": null,
	""land_choice"": null,
	""newspapers"": [],
	""session"": {
		""debug"": true,
		""player_name"": ""Albu"",
		""ts_duration"": 3.10040903091431,
		""ts_ended"": 1779889123.95638,
		""ts_started"": 1779889120.85597
	},
	""stages"": [],
	""water_choices"": []
}"
"2026/05/27 4:41:36 PM GMT+3","{
	""classroom_quizzes"": [],
	""dialogues"": [
		{
			""chars"": 161,
			""speaker"": ""Prompto"",
			""text"": ""Hello, Albert! My name is Prompto, and I’ll be your assistant throughout the game. Before we begin, let me show you the region. \nClick on the screen to continue."",
			""ts_closed"": 1779889139.57071,
			""ts_duration"": 0.783738851547241,
			""ts_ended"": 1779889138.78697,
			""ts_skipped"": 1779889138.78697,
			""ts_started"": 1779889137.89076
		},
		{
			""chars"": 127,
			""speaker"": ""Prompto"",
			""text"": ""This is our datacenter today. It won't keep up much longer, we need to expand! The first call is yours: show me where to build!"",
			""ts_closed"": 1779889145.25567,
			""ts_duration"": 1.16281008720398,
			""ts_ended"": 1779889144.09286,
			""ts_skipped"": 1779889144.09286,
			""ts_started"": 1779889140.25336
		},
		{
			""chars"": 341,
			""speaker"": ""Joe Sellington"",
			""text"": ""Well well, look who walked in! Don't think I've had the pleasure — what was the name again? ...Albert? Ohhh, Albert... now THAT'S a fine name. Lucky for you, today I happen to be running a special for friends with such fine names. You need 5 server racks? I got the best prices in town... today, anyway. Heh heh. Just point at what you want."",
			""ts_closed"": 1779889159.26351,
			""ts_duration"": 1.61615490913391,
			""ts_ended"": 1779889157.64736,
			""ts_skipped"": 1779889157.64736,
			""ts_started"": 1779889152.15391
		},
		{
			""chars"": 329,
			""speaker"": ""Joe Sellington"",
			""text"": ""Whoa Albert! Those are for the walk-in crowd. You came in for the server racks on the left. Heh. And I spot that company card... I got nothing against a little creative accounting, but I don't need anyone poking around my books. COMPLETELY legal business, mind you. Squeaky clean. Probably.. Soooo servers. On the left. Be a pal."",
			""ts_closed"": 1779889163.2189,
			""ts_duration"": 1.3034930229187,
			""ts_ended"": 1779889161.91541,
			""ts_skipped"": 1779889161.91541,
			""ts_started"": 1779889160.53399
		}
	],
	""electricity_choice"": null,
	""land_choice"": {
		""ts_chosen"": 1779889145.00505,
		""ts_duration"": 4.75246000289917,
		""ts_started"": 1779889140.25259,
		""value"": ""FIRST""
	},
	""newspapers"": [
		{
			""article"": ""FARMLAND"",
			""ts_closed"": 1779889150.40078,
			""ts_duration"": 1.8991858959198,
			""ts_opened"": 1779889148.50159
		}
	],
	""session"": {
		""debug"": true,
		""player_name"": ""Albert"",
		""ts_duration"": 161.139573097229,
		""ts_ended"": 1779889296.49238,
		""ts_started"": 1779889135.3528
	},
	""stages"": [
		{
			""index"": 1,
			""name"": ""1 1_land_choice_stage"",
			""ts_duration"": 11.8770749568939,
			""ts_ended"": 1779889152.13052,
			""ts_started"": 1779889140.25344
		}
	],
	""water_choices"": []
}"
"2026/05/27 4:41:45 PM GMT+3","{
	""classroom_quizzes"": [
		{
			""answer_chosen"": ""Read first. Pick 2–3 key points. Ask one clear question."",
			""answer_correct"": true,
			""question"": ""You need to summarize a 3-page document. What's the most energy-conscious way to use AI for this?"",
			""scene"": ""Sub-scene3"",
			""ts_answerchosen"": 1779889274.35671,
			""ts_duration"": 0.732915878295898,
			""ts_ended"": 1779889273.6238,
			""ts_skipped"": 1779889273.62375,
			""ts_started"": 1779889273.20545
		},
		{
			""answer_chosen"": ""Write it yourself. Ask AI to fix unclear parts."",
			""answer_correct"": true,
			""question"": ""You want AI to help write a work email. Which prompt approach saves the most energy?"",
			""scene"": ""Sub-scene4"",
			""ts_answerchosen"": 1779889280.73834,
			""ts_duration"": 0.998661994934082,
			""ts_ended"": 1779889279.73968,
			""ts_skipped"": 1779889279.73965,
			""ts_started"": 1779889279.23906
		},
		{
			""answer_chosen"": ""Brainstorm 5 mins. Ask AI to expand your top 2–3 ideas."",
			""answer_correct"": true,
			""question"": ""You need to brainstorm ideas for a project. How do you prompt AI most sustainably?"",
			""scene"": ""Sub-scene5"",
			""ts_answerchosen"": 1779889282.47324,
			""ts_duration"": 0.478163957595825,
			""ts_ended"": 1779889281.99508,
			""ts_skipped"": 1779889281.99504,
			""ts_started"": 1779889281.555
		}
	],
	""dialogues"": [
		{
			""chars"": 127,
			""speaker"": ""Prompto"",
			""text"": ""This is our datacenter today. It won't keep up much longer, we need to expand! The first call is yours: show me where to build!"",
			""ts_closed"": 1779889236.85577,
			""ts_duration"": 2.46392798423767,
			""ts_ended"": 1779889234.39184,
			""ts_skipped"": null,
			""ts_started"": 1779889229.82605
		},
		{
			""chars"": 337,
			""speaker"": ""Joe Sellington"",
			""text"": ""Well well, look who walked in! Don't think I've had the pleasure — what was the name again? ...test? Ohhh, test... now THAT'S a fine name. Lucky for you, today I happen to be running a special for friends with such fine names. You need 5 server racks? I got the best prices in town... today, anyway. Heh heh. Just point at what you want."",
			""ts_closed"": 1779889247.5544,
			""ts_duration"": 1.3458149433136,
			""ts_ended"": 1779889246.20858,
			""ts_skipped"": 1779889246.20858,
			""ts_started"": 1779889244.87301
		},
		{
			""chars"": 173,
			""speaker"": ""Joe Sellington"",
			""text"": ""Pleasure doing business test! All 5 racks, sold. Did you notice how everything else got pricier while you shopped? Bet a smart one like you can work out why. Come back soon!"",
			""ts_closed"": 1779889252.0705,
			""ts_duration"": 1.44650602340698,
			""ts_ended"": 1779889250.624,
			""ts_skipped"": 1779889250.624,
			""ts_started"": 1779889248.85806
		},
		{
			""chars"": 175,
			""speaker"": ""Prompto"",
			""text"": ""Ah thats a shame about the students....but your new hardware looks so good! Now we just need to power them up with electricity. Where do you want to get your electricity from?"",
			""ts_closed"": 1779889260.26982,
			""ts_duration"": 2.76239109039307,
			""ts_ended"": 1779889257.50743,
			""ts_skipped"": 1779889257.50743,
			""ts_started"": 1779889256.68818
		},
		{
			""chars"": 201,
			""speaker"": ""Prompto"",
			""text"": ""The news hurts me, but seeing our datacenter light up makes me happy!...However we now have a new problem. We are getting a lot of wasteful prompts. Should we educate our users on how to prompt better?"",
			""ts_closed"": 1779889269.27216,
			""ts_duration"": 1.39900422096252,
			""ts_ended"": 1779889267.87316,
			""ts_skipped"": 1779889267.87316,
			""ts_started"": 1779889266.78854
		},
		{
			""chars"": 260,
			""speaker"": ""Prompto"",
			""text"": ""Congratulations your education was a success! You have reduced token usage and we now have enough compute and electricity to handle all the incoming prompts. However all this now creates a heating issue, we are going to need access to water to cool our server!"",
			""ts_closed"": 1779889286.58068,
			""ts_duration"": 1.87443709373474,
			""ts_ended"": 1779889284.70624,
			""ts_skipped"": 1779889284.70624,
			""ts_started"": 1779889284.04108
		},
		{
			""chars"": 138,
			""speaker"": ""Prompto"",
			""text"": ""Okay we have access to water now, but it is not sufficient to cool down all our servers, choose another river to get access to more water!"",
			""ts_closed"": 1779889290.28601,
			""ts_duration"": 1.0628490447998,
			""ts_ended"": 1779889289.22316,
			""ts_skipped"": 1779889289.22316,
			""ts_started"": 1779889288.48679
		}
	],
	""electricity_choice"": {
		""ts_chosen"": 1779889260.05514,
		""ts_duration"": 8.24994707107544,
		""ts_started"": 1779889251.8052,
		""value"": ""far""
	},
	""land_choice"": {
		""ts_chosen"": 1779889236.62259,
		""ts_duration"": 6.79723000526428,
		""ts_started"": 1779889229.82536,
		""value"": ""FIRST""
	},
	""newspapers"": [
		{
			""article"": ""FARMLAND"",
			""ts_closed"": 1779889242.17362,
			""ts_duration"": 2.06387495994568,
			""ts_opened"": 1779889240.10975
		},
		{
			""article"": ""PRICES_LAPTOPS"",
			""ts_closed"": 1779889256.68753,
			""ts_duration"": 2.3637809753418,
			""ts_opened"": 1779889254.32375
		},
		{
			""article"": ""SCIENTIST"",
			""ts_closed"": 1779889265.79028,
			""ts_duration"": 1.75033903121948,
			""ts_opened"": 1779889264.03994
		},
		{
			""article"": ""WATER_CRISIS"",
			""ts_closed"": 1779889295.15571,
			""ts_duration"": 2.06695199012756,
			""ts_opened"": 1779889293.08876
		}
	],
	""session"": {
		""debug"": true,
		""player_name"": ""test"",
		""ts_duration"": 80.0042159557343,
		""ts_ended"": 1779889304.50955,
		""ts_started"": 1779889224.50533
	},
	""stages"": [
		{
			""index"": 1,
			""name"": ""1 1_land_choice_stage"",
			""ts_duration"": 15.0290329456329,
			""ts_ended"": 1779889244.85515,
			""ts_started"": 1779889229.82612
		},
		{
			""index"": 2,
			""name"": ""2 02_shop_stage"",
			""ts_duration"": 6.93190407752991,
			""ts_ended"": 1779889251.80501,
			""ts_started"": 1779889244.8731
		},
		{
			""index"": 3,
			""name"": ""3 03_energy_scene"",
			""ts_duration"": 17.2329590320587,
			""ts_ended"": 1779889269.03854,
			""ts_started"": 1779889251.80558
		},
		{
			""index"": 4,
			""name"": ""4 04_classroom_tscn"",
			""ts_duration"": 14.9691140651703,
			""ts_ended"": 1779889284.04049,
			""ts_started"": 1779889269.07137
		},
		{
			""index"": 5,
			""name"": ""5 4_stage"",
			""ts_duration"": 19.1624069213867,
			""ts_ended"": 1779889303.20355,
			""ts_started"": 1779889284.04114
		}
	],
	""water_choices"": [
		{
			""ts_chosen"": 1779889286.32995,
			""ts_duration"": 1.62365889549255,
			""ts_started"": 1779889284.70629,
			""value"": ""north""
		},
		{
			""ts_chosen"": 1779889290.03558,
			""ts_duration"": 0.812347173690796,
			""ts_started"": 1779889289.22323,
			""value"": ""north""
		}
	]
}"
"2026/05/27 4:42:38 PM GMT+3","{
	""classroom_quizzes"": [],
	""dialogues"": [
		{
			""chars"": 127,
			""speaker"": ""Prompto"",
			""text"": ""This is our datacenter today. It won't keep up much longer, we need to expand! The first call is yours: show me where to build!"",
			""ts_closed"": 1779889318.66204,
			""ts_duration"": 1.51782298088074,
			""ts_ended"": 1779889317.14422,
			""ts_skipped"": 1779889317.14422,
			""ts_started"": 1779889317.09462
		},
		{
			""chars"": 337,
			""speaker"": ""Joe Sellington"",
			""text"": ""Well well, look who walked in! Don't think I've had the pleasure — what was the name again? ...Albi? Ohhh, Albi... now THAT'S a fine name. Lucky for you, today I happen to be running a special for friends with such fine names. You need 5 server racks? I got the best prices in town... today, anyway. Heh heh. Just point at what you want."",
			""ts_closed"": 1779889329.46737,
			""ts_duration"": 1.4742169380188,
			""ts_ended"": 1779889327.99315,
			""ts_skipped"": 1779889327.99315,
			""ts_started"": 1779889325.86674
		},
		{
			""chars"": 327,
			""speaker"": ""Joe Sellington"",
			""text"": ""Whoa Albi! Those are for the walk-in crowd. You came in for the server racks on the left. Heh. And I spot that company card... I got nothing against a little creative accounting, but I don't need anyone poking around my books. COMPLETELY legal business, mind you. Squeaky clean. Probably.. Soooo servers. On the left. Be a pal."",
			""ts_closed"": 1779889335.47481,
			""ts_duration"": 4.69565582275391,
			""ts_ended"": 1779889330.77916,
			""ts_skipped"": 1779889330.77916,
			""ts_started"": 1779889330.57842
		},
		{
			""chars"": 173,
			""speaker"": ""Joe Sellington"",
			""text"": ""Pleasure doing business Albi! All 5 racks, sold. Did you notice how everything else got pricier while you shopped? Bet a smart one like you can work out why. Come back soon!"",
			""ts_closed"": 1779889347.37999,
			""ts_duration"": 1.53146195411682,
			""ts_ended"": 1779889345.84853,
			""ts_skipped"": 1779889345.84853,
			""ts_started"": 1779889342.34663
		}
	],
	""electricity_choice"": null,
	""land_choice"": {
		""ts_chosen"": 1779889318.42755,
		""ts_duration"": 1.33331489562988,
		""ts_started"": 1779889317.09424,
		""value"": ""FIRST""
	},
	""newspapers"": [
		{
			""article"": ""FARMLAND"",
			""ts_closed"": 1779889323.96664,
			""ts_duration"": 2.05427694320679,
			""ts_opened"": 1779889321.91236
		},
		{
			""article"": ""PRICES_LAPTOPS"",
			""ts_closed"": 1779889351.1554,
			""ts_duration"": 1.52887415885925,
			""ts_opened"": 1779889349.62653
		}
	],
	""session"": {
		""debug"": true,
		""player_name"": ""Albi"",
		""ts_duration"": 44.501935005188,
		""ts_ended"": 1779889358.13081,
		""ts_started"": 1779889313.62887
	},
	""stages"": [
		{
			""index"": 1,
			""name"": ""1 1_land_choice_stage"",
			""ts_duration"": 8.7486720085144,
			""ts_ended"": 1779889325.84336,
			""ts_started"": 1779889317.09469
		},
		{
			""index"": 2,
			""name"": ""2 02_shop_stage"",
			""ts_duration"": 21.2431061267853,
			""ts_ended"": 1779889347.10993,
			""ts_started"": 1779889325.86683
		}
	],
	""water_choices"": []
}"
"2026/05/27 4:44:08 PM GMT+3","{
	""classroom_quizzes"": [],
	""dialogues"": [
		{
			""chars"": 127,
			""speaker"": ""Prompto"",
			""text"": ""This is our datacenter today. It won't keep up much longer, we need to expand! The first call is yours: show me where to build!"",
			""ts_closed"": 1779889370.23368,
			""ts_duration"": 1.35026693344116,
			""ts_ended"": 1779889368.88341,
			""ts_skipped"": 1779889368.88341,
			""ts_started"": 1779889368.83174
		},
		{
			""chars"": 337,
			""speaker"": ""Joe Sellington"",
			""text"": ""Well well, look who walked in! Don't think I've had the pleasure — what was the name again? ...Albi? Ohhh, Albi... now THAT'S a fine name. Lucky for you, today I happen to be running a special for friends with such fine names. You need 5 server racks? I got the best prices in town... today, anyway. Heh heh. Just point at what you want."",
			""ts_closed"": 1779889380.64722,
			""ts_duration"": 1.58134603500366,
			""ts_ended"": 1779889379.06587,
			""ts_skipped"": 1779889379.06587,
			""ts_started"": 1779889376.66602
		},
		{
			""chars"": 327,
			""speaker"": ""Joe Sellington"",
			""text"": ""Whoa Albi! Those are for the walk-in crowd. You came in for the server racks on the left. Heh. And I spot that company card... I got nothing against a little creative accounting, but I don't need anyone poking around my books. COMPLETELY legal business, mind you. Squeaky clean. Probably.. Soooo servers. On the left. Be a pal."",
			""ts_closed"": 1779889396.04607,
			""ts_duration"": 0.664409875869751,
			""ts_ended"": 1779889395.38166,
			""ts_skipped"": 1779889395.38166,
			""ts_started"": 1779889394.63013
		},
		{
			""chars"": 173,
			""speaker"": ""Joe Sellington"",
			""text"": ""Pleasure doing business Albi! All 5 racks, sold. Did you notice how everything else got pricier while you shopped? Bet a smart one like you can work out why. Come back soon!"",
			""ts_closed"": 1779889410.71426,
			""ts_duration"": 2.04803204536438,
			""ts_ended"": 1779889408.66623,
			""ts_skipped"": 1779889408.66623,
			""ts_started"": 1779889407.31472
		}
	],
	""electricity_choice"": null,
	""land_choice"": {
		""ts_chosen"": 1779889369.97932,
		""ts_duration"": 1.14842700958252,
		""ts_started"": 1779889368.8309,
		""value"": ""FIRST""
	},
	""newspapers"": [
		{
			""article"": ""FARMLAND"",
			""ts_closed"": 1779889374.8844,
			""ts_duration"": 1.42008996009827,
			""ts_opened"": 1779889373.46431
		},
		{
			""article"": ""PRICES_LAPTOPS"",
			""ts_closed"": 1779889429.35002,
			""ts_duration"": 16.386167049408,
			""ts_opened"": 1779889412.96385
		}
	],
	""session"": {
		""debug"": true,
		""player_name"": ""Albi"",
		""ts_duration"": 82.2333588600159,
		""ts_ended"": 1779889447.71283,
		""ts_started"": 1779889365.47947
	},
	""stages"": [
		{
			""index"": 1,
			""name"": ""1 1_land_choice_stage"",
			""ts_duration"": 7.81442499160767,
			""ts_ended"": 1779889376.64626,
			""ts_started"": 1779889368.83183
		},
		{
			""index"": 2,
			""name"": ""2 02_shop_stage"",
			""ts_duration"": 33.7814688682556,
			""ts_ended"": 1779889410.44758,
			""ts_started"": 1779889376.66612
		}
	],
	""water_choices"": []
}"
"2026/05/27 4:46:41 PM GMT+3","{
	""classroom_quizzes"": [],
	""dialogues"": [
		{
			""chars"": 159,
			""speaker"": ""Prompto"",
			""text"": ""Hello, Albi! My name is Prompto, and I’ll be your assistant throughout the game. Before we begin, let me show you the region. \nClick on the screen to continue."",
			""ts_closed"": 1779889537.24471,
			""ts_duration"": 11.8635160923004,
			""ts_ended"": 1779889525.3812,
			""ts_skipped"": null,
			""ts_started"": 1779889519.73213
		},
		{
			""chars"": 41,
			""speaker"": ""Prompto"",
			""text"": ""In the top left is the village of Pontia."",
			""ts_closed"": 1779889540.2001,
			""ts_duration"": 0.770175933837891,
			""ts_ended"": 1779889539.42992,
			""ts_skipped"": 1779889539.42992,
			""ts_started"": 1779889538.25582
		},
		{
			""chars"": 38,
			""speaker"": ""Prompto"",
			""text"": ""In the top center you'll find Petalia."",
			""ts_closed"": 1779889589.99659,
			""ts_duration"": 47.1803750991821,
			""ts_ended"": 1779889542.81621,
			""ts_skipped"": null,
			""ts_started"": 1779889541.20113
		},
		{
			""chars"": 36,
			""speaker"": ""Prompto"",
			""text"": ""And on the bottom right is Fontania."",
			""ts_closed"": 1779889592.21228,
			""ts_duration"": 0.567163944244385,
			""ts_ended"": 1779889591.64511,
			""ts_skipped"": 1779889591.64511,
			""ts_started"": 1779889590.99686
		},
		{
			""chars"": 139,
			""speaker"": ""Prompto"",
			""text"": ""Your AI datacenter is located in the center. Any buildings, infrastructure, or assets you own will be highlighted in your company's colors."",
			""ts_closed"": 1779889593.76338,
			""ts_duration"": 0.468843936920166,
			""ts_ended"": 1779889593.29453,
			""ts_skipped"": 1779889593.29453,
			""ts_started"": 1779889593.21141
		},
		{
			""chars"": 223,
			""speaker"": ""Prompto"",
			""text"": ""I monitor AI demand across the region. Recently, I detected a dramatic increase in requests coming from all three villages. Our current infrastructure can no longer keep up with demand. If we do nothing, requests will fail."",
			""ts_closed"": 1779889595.26444,
			""ts_duration"": 0.348634004592896,
			""ts_ended"": 1779889594.9158,
			""ts_skipped"": 1779889594.9158,
			""ts_started"": 1779889594.7622
		},
		{
			""chars"": 127,
			""speaker"": ""Prompto"",
			""text"": ""This is our datacenter today. It won't keep up much longer, we need to expand! The first call is yours: show me where to build!"",
			""ts_closed"": 1779889597.21335,
			""ts_duration"": 1.86320900917053,
			""ts_ended"": 1779889595.35014,
			""ts_skipped"": 1779889595.35014,
			""ts_started"": 1779889595.2678
		}
	],
	""electricity_choice"": null,
	""land_choice"": {
		""ts_chosen"": 1779889596.97007,
		""ts_duration"": 1.70292711257935,
		""ts_started"": 1779889595.26714,
		""value"": ""FIRST""
	},
	""newspapers"": [],
	""session"": {
		""debug"": true,
		""player_name"": ""Albi"",
		""ts_duration"": 84.6497049331665,
		""ts_ended"": 1779889600.7298,
		""ts_started"": 1779889516.0801
	},
	""stages"": [
		{
			""index"": 0,
			""name"": ""0 01_intro_stage"",
			""ts_duration"": 79.1805739402771,
			""ts_ended"": 1779889595.26643,
			""ts_started"": 1779889516.08586
		}
	],
	""water_choices"": []
}"
"2026/05/27 4:47:45 PM GMT+3","{
	""classroom_quizzes"": [],
	""dialogues"": [
		{
			""chars"": 159,
			""speaker"": ""Prompto"",
			""text"": ""Hello, test! My name is Prompto, and I’ll be your assistant throughout the game. Before we begin, let me show you the region. \nClick on the screen to continue."",
			""ts_closed"": 1779889575.24492,
			""ts_duration"": 1.31658315658569,
			""ts_ended"": 1779889573.92834,
			""ts_skipped"": 1779889573.92834,
			""ts_started"": 1779889573.3452
		},
		{
			""chars"": 127,
			""speaker"": ""Prompto"",
			""text"": ""This is our datacenter today. It won't keep up much longer, we need to expand! The first call is yours: show me where to build!"",
			""ts_closed"": 1779889644.17253,
			""ts_duration"": 63.4607839584351,
			""ts_ended"": 1779889580.71175,
			""ts_skipped"": null,
			""ts_started"": 1779889576.14494
		},
		{
			""chars"": 337,
			""speaker"": ""Joe Sellington"",
			""text"": ""Well well, look who walked in! Don't think I've had the pleasure — what was the name again? ...test? Ohhh, test... now THAT'S a fine name. Lucky for you, today I happen to be running a special for friends with such fine names. You need 5 server racks? I got the best prices in town... today, anyway. Heh heh. Just point at what you want."",
			""ts_closed"": 1779889656.50744,
			""ts_duration"": 1.94864082336426,
			""ts_ended"": 1779889654.5588,
			""ts_skipped"": 1779889654.5588,
			""ts_started"": 1779889652.24049
		},
		{
			""chars"": 173,
			""speaker"": ""Joe Sellington"",
			""text"": ""Pleasure doing business test! All 5 racks, sold. Did you notice how everything else got pricier while you shopped? Bet a smart one like you can work out why. Come back soon!"",
			""ts_closed"": 1779889662.50804,
			""ts_duration"": 1.56727910041809,
			""ts_ended"": 1779889660.94076,
			""ts_skipped"": 1779889660.94076,
			""ts_started"": 1779889659.15693
		}
	],
	""electricity_choice"": null,
	""land_choice"": {
		""ts_chosen"": 1779889643.9209,
		""ts_duration"": 67.7765190601349,
		""ts_started"": 1779889576.14438,
		""value"": ""FIRST""
	},
	""newspapers"": [
		{
			""article"": ""FARMLAND"",
			""ts_closed"": 1779889649.32444,
			""ts_duration"": 1.91501879692078,
			""ts_opened"": 1779889647.40942
		}
	],
	""session"": {
		""debug"": true,
		""player_name"": ""test"",
		""ts_duration"": 96.1907949447632,
		""ts_ended"": 1779889664.79763,
		""ts_started"": 1779889568.60683
	},
	""stages"": [
		{
			""index"": 1,
			""name"": ""1 1_land_choice_stage"",
			""ts_duration"": 76.0785820484161,
			""ts_ended"": 1779889652.22365,
			""ts_started"": 1779889576.14507
		},
		{
			""index"": 2,
			""name"": ""2 02_shop_stage"",
			""ts_duration"": 10.0000920295715,
			""ts_ended"": 1779889662.24068,
			""ts_started"": 1779889652.24059
		}
	],
	""water_choices"": []
}"
"2026/05/27 4:52:58 PM GMT+3","{
	""classroom_quizzes"": [
		{
			""answer_chosen"": ""Read first. Pick 2–3 key points. Ask one clear question."",
			""answer_correct"": true,
			""question"": ""You need to summarize a 3-page document. What's the most energy-conscious way to use AI for this?"",
			""scene"": ""Sub-scene3"",
			""ts_answerchosen"": 1779889952.46188,
			""ts_duration"": 0.600444078445435,
			""ts_ended"": 1779889951.86144,
			""ts_skipped"": 1779889951.86141,
			""ts_started"": 1779889951.44586
		},
		{
			""answer_chosen"": ""Write it yourself. Ask AI to fix unclear parts."",
			""answer_correct"": true,
			""question"": ""You want AI to help write a work email. Which prompt approach saves the most energy?"",
			""scene"": ""Sub-scene4"",
			""ts_answerchosen"": 1779889954.22913,
			""ts_duration"": 0.517619132995605,
			""ts_ended"": 1779889953.71151,
			""ts_skipped"": 1779889953.71148,
			""ts_started"": 1779889953.34592
		},
		{
			""answer_chosen"": ""Brainstorm 5 mins. Ask AI to expand your top 2–3 ideas."",
			""answer_correct"": true,
			""question"": ""You need to brainstorm ideas for a project. How do you prompt AI most sustainably?"",
			""scene"": ""Sub-scene5"",
			""ts_answerchosen"": 1779889955.41408,
			""ts_duration"": 0.467821836471558,
			""ts_ended"": 1779889954.94626,
			""ts_skipped"": 1779889954.94623,
			""ts_started"": 1779889954.62924
		}
	],
	""dialogues"": [
		{
			""chars"": 127,
			""speaker"": ""Prompto"",
			""text"": ""This is our datacenter today. It won't keep up much longer, we need to expand! The first call is yours: show me where to build!"",
			""ts_closed"": 1779889905.74567,
			""ts_duration"": 1.89556813240051,
			""ts_ended"": 1779889903.8501,
			""ts_skipped"": null,
			""ts_started"": 1779889896.14594
		},
		{
			""chars"": 337,
			""speaker"": ""Joe Sellington"",
			""text"": ""Well well, look who walked in! Don't think I've had the pleasure — what was the name again? ...test? Ohhh, test... now THAT'S a fine name. Lucky for you, today I happen to be running a special for friends with such fine names. You need 5 server racks? I got the best prices in town... today, anyway. Heh heh. Just point at what you want."",
			""ts_closed"": 1779889915.61257,
			""ts_duration"": 1.61513686180115,
			""ts_ended"": 1779889913.99744,
			""ts_skipped"": 1779889913.99744,
			""ts_started"": 1779889912.49662
		},
		{
			""chars"": 173,
			""speaker"": ""Joe Sellington"",
			""text"": ""Pleasure doing business test! All 5 racks, sold. Did you notice how everything else got pricier while you shopped? Bet a smart one like you can work out why. Come back soon!"",
			""ts_closed"": 1779889920.0787,
			""ts_duration"": 1.42871904373169,
			""ts_ended"": 1779889918.64998,
			""ts_skipped"": 1779889918.64998,
			""ts_started"": 1779889917.39781
		},
		{
			""chars"": 175,
			""speaker"": ""Prompto"",
			""text"": ""Ah thats a shame about the students....but your new hardware looks so good! Now we just need to power them up with electricity. Where do you want to get your electricity from?"",
			""ts_closed"": 1779889929.68015,
			""ts_duration"": 3.56621098518372,
			""ts_ended"": 1779889926.11393,
			""ts_skipped"": 1779889926.11393,
			""ts_started"": 1779889924.02993
		},
		{
			""chars"": 201,
			""speaker"": ""Prompto"",
			""text"": ""The news hurts me, but seeing our datacenter light up makes me happy!...However we now have a new problem. We are getting a lot of wasteful prompts. Should we educate our users on how to prompt better?"",
			""ts_closed"": 1779889947.34515,
			""ts_duration"": 1.86950492858887,
			""ts_ended"": 1779889945.47565,
			""ts_skipped"": 1779889945.47565,
			""ts_started"": 1779889944.18903
		},
		{
			""chars"": 260,
			""speaker"": ""Prompto"",
			""text"": ""Congratulations your education was a success! You have reduced token usage and we now have enough compute and electricity to handle all the incoming prompts. However all this now creates a heating issue, we are going to need access to water to cool our server!"",
			""ts_closed"": 1779889957.84358,
			""ts_duration"": 1.2478199005127,
			""ts_ended"": 1779889956.59576,
			""ts_skipped"": 1779889956.59576,
			""ts_started"": 1779889955.89666
		},
		{
			""chars"": 138,
			""speaker"": ""Prompto"",
			""text"": ""Okay we have access to water now, but it is not sufficient to cool down all our servers, choose another river to get access to more water!"",
			""ts_closed"": 1779889971.42281,
			""ts_duration"": 1.13472700119019,
			""ts_ended"": 1779889970.28809,
			""ts_skipped"": 1779889970.28809,
			""ts_started"": 1779889959.74467
		}
	],
	""electricity_choice"": {
		""ts_chosen"": 1779889929.42862,
		""ts_duration"": 9.60040497779846,
		""ts_started"": 1779889919.82822,
		""value"": ""far""
	},
	""land_choice"": {
		""ts_chosen"": 1779889905.49514,
		""ts_duration"": 9.34984302520752,
		""ts_started"": 1779889896.14529,
		""value"": ""FIRST""
	},
	""newspapers"": [
		{
			""article"": ""FARMLAND"",
			""ts_closed"": 1779889910.56306,
			""ts_duration"": 1.58269500732422,
			""ts_opened"": 1779889908.98036
		},
		{
			""article"": ""PRICES_LAPTOPS"",
			""ts_closed"": 1779889924.02928,
			""ts_duration"": 1.70064687728882,
			""ts_opened"": 1779889922.32863
		},
		{
			""article"": ""SCIENTIST"",
			""ts_closed"": 1779889943.18167,
			""ts_duration"": 9.75300908088684,
			""ts_opened"": 1779889933.42866
		},
		{
			""article"": ""WATER_CRISIS"",
			""ts_closed"": 1779889976.31102,
			""ts_duration"": 2.10007309913635,
			""ts_opened"": 1779889974.21094
		}
	],
	""session"": {
		""debug"": true,
		""player_name"": ""test"",
		""ts_duration"": 86.1279559135437,
		""ts_ended"": 1779889977.55742,
		""ts_started"": 1779889891.42946
	},
	""stages"": [
		{
			""index"": 1,
			""name"": ""1 1_land_choice_stage"",
			""ts_duration"": 16.3333959579468,
			""ts_ended"": 1779889912.4794,
			""ts_started"": 1779889896.14601
		},
		{
			""index"": 2,
			""name"": ""2 02_shop_stage"",
			""ts_duration"": 7.33127903938293,
			""ts_ended"": 1779889919.828,
			""ts_started"": 1779889912.49672
		},
		{
			""index"": 3,
			""name"": ""3 03_energy_scene"",
			""ts_duration"": 27.2826669216156,
			""ts_ended"": 1779889947.11128,
			""ts_started"": 1779889919.82861
		},
		{
			""index"": 4,
			""name"": ""4 04_classroom_tscn"",
			""ts_duration"": 8.74923586845398,
			""ts_ended"": 1779889955.89611,
			""ts_started"": 1779889947.14688
		}
	],
	""water_choices"": [
		{
			""ts_chosen"": 1779889957.59398,
			""ts_duration"": 0.998138904571533,
			""ts_started"": 1779889956.59584,
			""value"": ""north""
		},
		{
			""ts_chosen"": 1779889971.17284,
			""ts_duration"": 0.88470196723938,
			""ts_started"": 1779889970.28814,
			""value"": ""north""
		}
	]
}"
"2026/05/27 5:01:06 PM GMT+3","{
	""classroom_quizzes"": [
		{
			""answer_chosen"": ""Read first. Pick 2–3 key points. Ask one clear question."",
			""answer_correct"": true,
			""question"": ""You need to summarize a 3-page document. What's the most energy-conscious way to use AI for this?"",
			""scene"": ""Sub-scene3"",
			""ts_answerchosen"": 1779890434.83758,
			""ts_duration"": 0.568071126937866,
			""ts_ended"": 1779890434.26951,
			""ts_skipped"": 1779890434.26947,
			""ts_started"": 1779890433.91832
		},
		{
			""answer_chosen"": ""Write it yourself. Ask AI to fix unclear parts."",
			""answer_correct"": true,
			""question"": ""You want AI to help write a work email. Which prompt approach saves the most energy?"",
			""scene"": ""Sub-scene4"",
			""ts_answerchosen"": 1779890436.5523,
			""ts_duration"": 0.501235961914062,
			""ts_ended"": 1779890436.05107,
			""ts_skipped"": 1779890436.05102,
			""ts_started"": 1779890435.73503
		},
		{
			""answer_chosen"": ""Brainstorm 5 mins. Ask AI to expand your top 2–3 ideas."",
			""answer_correct"": true,
			""question"": ""You need to brainstorm ideas for a project. How do you prompt AI most sustainably?"",
			""scene"": ""Sub-scene5"",
			""ts_answerchosen"": 1779890437.78572,
			""ts_duration"": 0.433953046798706,
			""ts_ended"": 1779890437.35177,
			""ts_skipped"": 1779890437.35173,
			""ts_started"": 1779890436.95158
		}
	],
	""dialogues"": [
		{
			""chars"": 127,
			""speaker"": ""Prompto"",
			""text"": ""This is our datacenter today. It won't keep up much longer, we need to expand! The first call is yours: show me where to build!"",
			""ts_closed"": 1779890396.9691,
			""ts_duration"": 1.54825592041016,
			""ts_ended"": 1779890395.42084,
			""ts_skipped"": 1779890395.42084,
			""ts_started"": 1779890394.67473
		},
		{
			""chars"": 337,
			""speaker"": ""Joe Sellington"",
			""text"": ""Well well, look who walked in! Don't think I've had the pleasure — what was the name again? ...test? Ohhh, test... now THAT'S a fine name. Lucky for you, today I happen to be running a special for friends with such fine names. You need 5 server racks? I got the best prices in town... today, anyway. Heh heh. Just point at what you want."",
			""ts_closed"": 1779890408.91831,
			""ts_duration"": 1.3792359828949,
			""ts_ended"": 1779890407.53907,
			""ts_skipped"": 1779890407.53907,
			""ts_started"": 1779890406.3364
		},
		{
			""chars"": 173,
			""speaker"": ""Joe Sellington"",
			""text"": ""Pleasure doing business test! All 5 racks, sold. Did you notice how everything else got pricier while you shopped? Bet a smart one like you can work out why. Come back soon!"",
			""ts_closed"": 1779890413.10195,
			""ts_duration"": 1.53076791763306,
			""ts_ended"": 1779890411.57118,
			""ts_skipped"": 1779890411.57118,
			""ts_started"": 1779890410.05283
		},
		{
			""chars"": 175,
			""speaker"": ""Prompto"",
			""text"": ""Ah thats a shame about the students....but your new hardware looks so good! Now we just need to power them up with electricity. Where do you want to get your electricity from?"",
			""ts_closed"": 1779890421.55113,
			""ts_duration"": 2.1468870639801,
			""ts_ended"": 1779890419.40424,
			""ts_skipped"": 1779890419.40424,
			""ts_started"": 1779890417.0205
		},
		{
			""chars"": 201,
			""speaker"": ""Prompto"",
			""text"": ""The news hurts me, but seeing our datacenter light up makes me happy!...However we now have a new problem. We are getting a lot of wasteful prompts. Should we educate our users on how to prompt better?"",
			""ts_closed"": 1779890430.38243,
			""ts_duration"": 1.12883996963501,
			""ts_ended"": 1779890429.25359,
			""ts_skipped"": 1779890429.25359,
			""ts_started"": 1779890428.153
		},
		{
			""chars"": 260,
			""speaker"": ""Prompto"",
			""text"": ""Congratulations your education was a success! You have reduced token usage and we now have enough compute and electricity to handle all the incoming prompts. However all this now creates a heating issue, we are going to need access to water to cool our server!"",
			""ts_closed"": 1779890441.0328,
			""ts_duration"": 2.01281404495239,
			""ts_ended"": 1779890439.01999,
			""ts_skipped"": 1779890439.01999,
			""ts_started"": 1779890438.13704
		},
		{
			""chars"": 138,
			""speaker"": ""Prompto"",
			""text"": ""Okay we have access to water now, but it is not sufficient to cool down all our servers, choose another river to get access to more water!"",
			""ts_closed"": 1779890444.53475,
			""ts_duration"": 0.981812953948975,
			""ts_ended"": 1779890443.55294,
			""ts_skipped"": 1779890443.55294,
			""ts_started"": 1779890442.92013
		},
		{
			""chars"": 157,
			""speaker"": ""Ally"",
			""text"": ""This is the final report compiled by my team. Please read it carefully as it is very serious. Click any card to reveal its details, click again to hide them."",
			""ts_closed"": 1779890457.91968,
			""ts_duration"": 0.898138999938965,
			""ts_ended"": 1779890457.02154,
			""ts_skipped"": null,
			""ts_started"": 1779890451.49902
		}
	],
	""electricity_choice"": {
		""ts_chosen"": 1779890421.301,
		""ts_duration"": 8.46425008773804,
		""ts_started"": 1779890412.83675,
		""value"": ""far""
	},
	""land_choice"": {
		""ts_chosen"": 1779890396.73774,
		""ts_duration"": 2.0636088848114,
		""ts_started"": 1779890394.67413,
		""value"": ""FIRST""
	},
	""newspapers"": [
		{
			""article"": ""FARMLAND"",
			""ts_closed"": 1779890402.16836,
			""ts_duration"": 1.93399810791016,
			""ts_opened"": 1779890400.23436
		},
		{
			""article"": ""PRICES_LAPTOPS"",
			""ts_closed"": 1779890417.01989,
			""ts_duration"": 1.66576409339905,
			""ts_opened"": 1779890415.35413
		},
		{
			""article"": ""SCIENTIST"",
			""ts_closed"": 1779890427.15269,
			""ts_duration"": 1.8338770866394,
			""ts_opened"": 1779890425.31881
		},
		{
			""article"": ""WATER_CRISIS"",
			""ts_closed"": 1779890448.9682,
			""ts_duration"": 1.64938187599182,
			""ts_opened"": 1779890447.31882
		}
	],
	""session"": {
		""debug"": true,
		""player_name"": ""test"",
		""ts_duration"": 75.1779577732086,
		""ts_ended"": 1779890466.11329,
		""ts_started"": 1779890390.93534
	},
	""stages"": [
		{
			""index"": 1,
			""name"": ""1 1_land_choice_stage"",
			""ts_duration"": 11.6443078517914,
			""ts_ended"": 1779890406.31911,
			""ts_started"": 1779890394.6748
		},
		{
			""index"": 2,
			""name"": ""2 02_shop_stage"",
			""ts_duration"": 6.50011301040649,
			""ts_ended"": 1779890412.8366,
			""ts_started"": 1779890406.33648
		},
		{
			""index"": 3,
			""name"": ""3 03_energy_scene"",
			""ts_duration"": 17.3132109642029,
			""ts_ended"": 1779890430.15034,
			""ts_started"": 1779890412.83712
		},
		{
			""index"": 4,
			""name"": ""4 04_classroom_tscn"",
			""ts_duration"": 7.94887900352478,
			""ts_ended"": 1779890438.1364,
			""ts_started"": 1779890430.18753
		},
		{
			""index"": 5,
			""name"": ""5 4_stage"",
			""ts_duration"": 13.3157198429108,
			""ts_ended"": 1779890451.45283,
			""ts_started"": 1779890438.13711
		}
	],
	""water_choices"": [
		{
			""ts_chosen"": 1779890440.78284,
			""ts_duration"": 1.76279592514038,
			""ts_started"": 1779890439.02004,
			""value"": ""north""
		},
		{
			""ts_chosen"": 1779890444.28384,
			""ts_duration"": 0.730835914611816,
			""ts_started"": 1779890443.553,
			""value"": ""north""
		}
	]
}"
"2026/05/27 5:08:08 PM GMT+3","{
	""classroom_quizzes"": [],
	""dialogues"": [],
	""electricity_choice"": null,
	""land_choice"": null,
	""newspapers"": [],
	""session"": {
		""debug"": true,
		""player_name"": """",
		""ts_duration"": 1779890888.28076,
		""ts_ended"": 1779890888.28076,
		""ts_started"": 0.0
	},
	""stages"": [],
	""water_choices"": []
}"
"2026/05/27 5:12:42 PM GMT+3","{
	""classroom_quizzes"": [
		{
			""answer_chosen"": ""Read first. Pick 2–3 key points. Ask one clear question."",
			""answer_correct"": true,
			""question"": ""You need to summarize a 3-page document. What's the most energy-conscious way to use AI for this?"",
			""scene"": ""Sub-scene3"",
			""ts_answerchosen"": 1779891124.97,
			""ts_duration"": 0.519999980926514,
			""ts_ended"": 1779891124.45,
			""ts_skipped"": 1779891124.45,
			""ts_started"": 1779891124.062
		},
		{
			""answer_chosen"": ""Write it yourself. Ask AI to fix unclear parts."",
			""answer_correct"": true,
			""question"": ""You want AI to help write a work email. Which prompt approach saves the most energy?"",
			""scene"": ""Sub-scene4"",
			""ts_answerchosen"": 1779891125.854,
			""ts_duration"": 0.276000022888184,
			""ts_ended"": 1779891125.578,
			""ts_skipped"": 1779891125.578,
			""ts_started"": 1779891125.328
		},
		{
			""answer_chosen"": ""Brainstorm 5 mins. Ask AI to expand your top 2–3 ideas."",
			""answer_correct"": true,
			""question"": ""You need to brainstorm ideas for a project. How do you prompt AI most sustainably?"",
			""scene"": ""Sub-scene5"",
			""ts_answerchosen"": 1779891126.52,
			""ts_duration"": 0.29200005531311,
			""ts_ended"": 1779891126.228,
			""ts_skipped"": 1779891126.228,
			""ts_started"": 1779891126.103
		}
	],
	""dialogues"": [
		{
			""chars"": 127,
			""speaker"": ""Prompto"",
			""text"": ""This is our datacenter today. It won't keep up much longer, we need to expand! The first call is yours: show me where to build!"",
			""ts_closed"": 1779891086.273,
			""ts_duration"": 1.55800008773804,
			""ts_ended"": 1779891084.715,
			""ts_skipped"": 1779891084.715,
			""ts_started"": 1779891084.299
		},
		{
			""chars"": 337,
			""speaker"": ""Joe Sellington"",
			""text"": ""Well well, look who walked in! Don't think I've had the pleasure — what was the name again? ...Albi? Ohhh, Albi... now THAT'S a fine name. Lucky for you, today I happen to be running a special for friends with such fine names. You need 5 server racks? I got the best prices in town... today, anyway. Heh heh. Just point at what you want."",
			""ts_closed"": 1779891098.598,
			""ts_duration"": 1.16600012779236,
			""ts_ended"": 1779891097.432,
			""ts_skipped"": 1779891097.432,
			""ts_started"": 1779891095.495
		},
		{
			""chars"": 173,
			""speaker"": ""Joe Sellington"",
			""text"": ""Pleasure doing business Albi! All 5 racks, sold. Did you notice how everything else got pricier while you shopped? Bet a smart one like you can work out why. Come back soon!"",
			""ts_closed"": 1779891102.907,
			""ts_duration"": 1.50600004196167,
			""ts_ended"": 1779891101.401,
			""ts_skipped"": 1779891101.401,
			""ts_started"": 1779891100.004
		},
		{
			""chars"": 169,
			""speaker"": ""Prompto"",
			""text"": ""Ah thats a shame about the students....but your new hardware looks so good! Now we just need to power them up with electrcity. Where do you want to get electricity from?"",
			""ts_closed"": 1779891109.848,
			""ts_duration"": 1.11100006103516,
			""ts_ended"": 1779891108.737,
			""ts_skipped"": 1779891108.737,
			""ts_started"": 1779891107.749
		},
		{
			""chars"": 201,
			""speaker"": ""Prompto"",
			""text"": ""The news hurts me, but seeing our datacenter light up makes me happy!...However we now have a new problem. We are getting a lot of wasteful prompts. Should we educate our users on how to prompt better?"",
			""ts_closed"": 1779891120.735,
			""ts_duration"": 2.95599985122681,
			""ts_ended"": 1779891117.779,
			""ts_skipped"": 1779891117.779,
			""ts_started"": 1779891116.989
		},
		{
			""chars"": 260,
			""speaker"": ""Prompto"",
			""text"": ""Congratulations your education was a success! You have reduced token usage and we now have enough compute and electricity to handle all the incoming prompts. However all this now creates a heating issue, we are going to need access to water to cool our server!"",
			""ts_closed"": 1779891128.205,
			""ts_duration"": 1.39299988746643,
			""ts_ended"": 1779891126.812,
			""ts_skipped"": 1779891126.812,
			""ts_started"": 1779891126.724
		},
		{
			""chars"": 138,
			""speaker"": ""Prompto"",
			""text"": ""Okay we have access to water now, but it is not sufficient to cool down all our servers, choose another river to get access to more water!"",
			""ts_closed"": 1779891132.048,
			""ts_duration"": 0.897000074386597,
			""ts_ended"": 1779891131.151,
			""ts_skipped"": 1779891131.151,
			""ts_started"": 1779891130.106
		},
		{
			""chars"": 157,
			""speaker"": ""Ally"",
			""text"": ""This is the final report compiled by my team. Please read it carefully as it is very serious. Click any card to reveal its details, click again to hide them."",
			""ts_closed"": 1779891149.065,
			""ts_duration"": 3.55800008773804,
			""ts_ended"": 1779891145.507,
			""ts_skipped"": null,
			""ts_started"": 1779891139.782
		}
	],
	""electricity_choice"": {
		""ts_chosen"": 1779891109.603,
		""ts_duration"": 6.95499992370605,
		""ts_started"": 1779891102.648,
		""value"": ""far""
	},
	""land_choice"": {
		""ts_chosen"": 1779891086.019,
		""ts_duration"": 1.72399997711182,
		""ts_started"": 1779891084.295,
		""value"": ""FIRST""
	},
	""newspapers"": [
		{
			""article"": ""FARMLAND"",
			""ts_closed"": 1779891092.989,
			""ts_duration"": 3.46600008010864,
			""ts_opened"": 1779891089.523
		},
		{
			""article"": ""PRICES_LAPTOPS"",
			""ts_closed"": 1779891107.748,
			""ts_duration"": 2.59099984169006,
			""ts_opened"": 1779891105.157
		},
		{
			""article"": ""SCIENTIST"",
			""ts_closed"": 1779891115.981,
			""ts_duration"": 2.375,
			""ts_opened"": 1779891113.606
		},
		{
			""article"": ""WATER_CRISIS"",
			""ts_closed"": 1779891137.315,
			""ts_duration"": 2.47500014305115,
			""ts_opened"": 1779891134.84
		}
	],
	""session"": {
		""debug"": false,
		""player_name"": ""Albi"",
		""ts_duration"": 83.2560000419617,
		""ts_ended"": 1779891162.621,
		""ts_started"": 1779891079.365
	},
	""stages"": [
		{
			""index"": 1,
			""name"": ""1 1_land_choice_stage"",
			""ts_duration"": 11.1740000247955,
			""ts_ended"": 1779891095.473,
			""ts_started"": 1779891084.299
		},
		{
			""index"": 2,
			""name"": ""2 02_shop_stage"",
			""ts_duration"": 7.15300011634827,
			""ts_ended"": 1779891102.648,
			""ts_started"": 1779891095.495
		},
		{
			""index"": 3,
			""name"": ""3 03_energy_scene"",
			""ts_duration"": 15.7149999141693,
			""ts_ended"": 1779891118.373,
			""ts_started"": 1779891102.658
		},
		{
			""index"": 4,
			""name"": ""4 04_classroom_tscn"",
			""ts_duration"": 8.30899977684021,
			""ts_ended"": 1779891126.722,
			""ts_started"": 1779891118.413
		},
		{
			""index"": 5,
			""name"": ""5 4_stage"",
			""ts_duration"": 12.9990000724792,
			""ts_ended"": 1779891139.723,
			""ts_started"": 1779891126.724
		}
	],
	""water_choices"": [
		{
			""ts_chosen"": 1779891127.948,
			""ts_duration"": 1.13599991798401,
			""ts_started"": 1779891126.812,
			""value"": ""north""
		},
		{
			""ts_chosen"": 1779891131.797,
			""ts_duration"": 0.645999908447266,
			""ts_started"": 1779891131.151,
			""value"": ""north""
		}
	]
}"
"2026/05/27 5:16:26 PM GMT+3","{
	""classroom_quizzes"": [
		{
			""answer_chosen"": ""Read first. Pick 2–3 key points. Ask one clear question."",
			""answer_correct"": true,
			""question"": ""You need to summarize a 3-page document. What's the most energy-conscious way to use AI for this?"",
			""scene"": ""Sub-scene3"",
			""ts_answerchosen"": 1779891367.90269,
			""ts_duration"": 0.732239007949829,
			""ts_ended"": 1779891367.17045,
			""ts_skipped"": 1779891367.17042,
			""ts_started"": 1779891366.68558
		},
		{
			""answer_chosen"": ""Write it yourself. Ask AI to fix unclear parts."",
			""answer_correct"": true,
			""question"": ""You want AI to help write a work email. Which prompt approach saves the most energy?"",
			""scene"": ""Sub-scene4"",
			""ts_answerchosen"": 1779891369.90398,
			""ts_duration"": 0.584168910980225,
			""ts_ended"": 1779891369.31981,
			""ts_skipped"": 1779891369.31978,
			""ts_started"": 1779891368.87002
		},
		{
			""answer_chosen"": ""Brainstorm 5 mins. Ask AI to expand your top 2–3 ideas."",
			""answer_correct"": true,
			""question"": ""You need to brainstorm ideas for a project. How do you prompt AI most sustainably?"",
			""scene"": ""Sub-scene5"",
			""ts_answerchosen"": 1779891371.46877,
			""ts_duration"": 0.532433986663818,
			""ts_ended"": 1779891370.93633,
			""ts_skipped"": 1779891370.9363,
			""ts_started"": 1779891370.53852
		}
	],
	""dialogues"": [
		{
			""chars"": 127,
			""speaker"": ""Prompto"",
			""text"": ""This is our datacenter today. It won't keep up much longer, we need to expand! The first call is yours: show me where to build!"",
			""ts_closed"": 1779891288.1742,
			""ts_duration"": 6.50118398666382,
			""ts_ended"": 1779891281.67301,
			""ts_skipped"": null,
			""ts_started"": 1779891277.10619
		},
		{
			""chars"": 337,
			""speaker"": ""Joe Sellington"",
			""text"": ""Well well, look who walked in! Don't think I've had the pleasure — what was the name again? ...test? Ohhh, test... now THAT'S a fine name. Lucky for you, today I happen to be running a special for friends with such fine names. You need 5 server racks? I got the best prices in town... today, anyway. Heh heh. Just point at what you want."",
			""ts_closed"": 1779891317.67008,
			""ts_duration"": 1.92932415008545,
			""ts_ended"": 1779891315.74075,
			""ts_skipped"": 1779891315.74075,
			""ts_started"": 1779891307.77636
		},
		{
			""chars"": 173,
			""speaker"": ""Joe Sellington"",
			""text"": ""Pleasure doing business test! All 5 racks, sold. Did you notice how everything else got pricier while you shopped? Bet a smart one like you can work out why. Come back soon!"",
			""ts_closed"": 1779891344.93959,
			""ts_duration"": 14.9523150920868,
			""ts_ended"": 1779891329.98728,
			""ts_skipped"": null,
			""ts_started"": 1779891323.85622
		},
		{
			""chars"": 175,
			""speaker"": ""Prompto"",
			""text"": ""Ah thats a shame about the students....but your new hardware looks so good! Now we just need to power them up with electricity. Where do you want to get your electricity from?"",
			""ts_closed"": 1779891352.51722,
			""ts_duration"": 1.6119749546051,
			""ts_ended"": 1779891350.90524,
			""ts_skipped"": 1779891350.90524,
			""ts_started"": 1779891349.62141
		},
		{
			""chars"": 201,
			""speaker"": ""Prompto"",
			""text"": ""The news hurts me, but seeing our datacenter light up makes me happy!...However we now have a new problem. We are getting a lot of wasteful prompts. Should we educate our users on how to prompt better?"",
			""ts_closed"": 1779891362.81724,
			""ts_duration"": 2.59831285476685,
			""ts_ended"": 1779891360.21892,
			""ts_skipped"": 1779891360.21892,
			""ts_started"": 1779891359.25486
		},
		{
			""chars"": 260,
			""speaker"": ""Prompto"",
			""text"": ""Congratulations your education was a success! You have reduced token usage and we now have enough compute and electricity to handle all the incoming prompts. However all this now creates a heating issue, we are going to need access to water to cool our server!"",
			""ts_closed"": 1779891375.30265,
			""ts_duration"": 1.71672296524048,
			""ts_ended"": 1779891373.58593,
			""ts_skipped"": 1779891373.58593,
			""ts_started"": 1779891371.91958
		},
		{
			""chars"": 138,
			""speaker"": ""Prompto"",
			""text"": ""Okay we have access to water now, but it is not sufficient to cool down all our servers, choose another river to get access to more water!"",
			""ts_closed"": 1779891379.11778,
			""ts_duration"": 1.12989592552185,
			""ts_ended"": 1779891377.98788,
			""ts_skipped"": 1779891377.98788,
			""ts_started"": 1779891377.21873
		}
	],
	""electricity_choice"": {
		""ts_chosen"": 1779891352.26791,
		""ts_duration"": 7.59588193893433,
		""ts_started"": 1779891344.67202,
		""value"": ""far""
	},
	""land_choice"": {
		""ts_chosen"": 1779891287.94094,
		""ts_duration"": 10.835489988327,
		""ts_started"": 1779891277.10545,
		""value"": ""FIRST""
	},
	""newspapers"": [
		{
			""article"": ""FARMLAND"",
			""ts_closed"": 1779891298.95679,
			""ts_duration"": 7.53422999382019,
			""ts_opened"": 1779891291.42256
		},
		{
			""article"": ""PRICES_LAPTOPS"",
			""ts_closed"": 1779891349.62072,
			""ts_duration"": 2.4333438873291,
			""ts_opened"": 1779891347.18738
		},
		{
			""article"": ""SCIENTIST"",
			""ts_closed"": 1779891358.25325,
			""ts_duration"": 1.96728897094727,
			""ts_opened"": 1779891356.28597
		},
		{
			""article"": ""FISH"",
			""ts_closed"": 1779891384.75077,
			""ts_duration"": 2.84870791435242,
			""ts_opened"": 1779891381.90206
		}
	],
	""session"": {
		""debug"": true,
		""player_name"": ""test"",
		""ts_duration"": 115.144607067108,
		""ts_ended"": 1779891385.86664,
		""ts_started"": 1779891270.72203
	},
	""stages"": [
		{
			""index"": 1,
			""name"": ""1 1_land_choice_stage"",
			""ts_duration"": 30.6498689651489,
			""ts_ended"": 1779891307.75613,
			""ts_started"": 1779891277.10627
		},
		{
			""index"": 2,
			""name"": ""2 02_shop_stage"",
			""ts_duration"": 36.8952770233154,
			""ts_ended"": 1779891344.67177,
			""ts_started"": 1779891307.7765
		},
		{
			""index"": 3,
			""name"": ""3 03_energy_scene"",
			""ts_duration"": 17.9901540279388,
			""ts_ended"": 1779891362.66258,
			""ts_started"": 1779891344.67242
		},
		{
			""index"": 4,
			""name"": ""4 04_classroom_tscn"",
			""ts_duration"": 9.22439193725586,
			""ts_ended"": 1779891371.91883,
			""ts_started"": 1779891362.69444
		}
	],
	""water_choices"": [
		{
			""ts_chosen"": 1779891375.05063,
			""ts_duration"": 1.46464395523071,
			""ts_started"": 1779891373.58598,
			""value"": ""north""
		},
		{
			""ts_chosen"": 1779891378.86646,
			""ts_duration"": 0.878491163253784,
			""ts_started"": 1779891377.98796,
			""value"": ""north""
		}
	]
}"
"2026/05/27 5:19:23 PM GMT+3","{
	""classroom_quizzes"": [
		{
			""answer_chosen"": ""Read first. Pick 2–3 key points. Ask one clear question."",
			""answer_correct"": true,
			""question"": ""You need to summarize a 3-page document. What's the most energy-conscious way to use AI for this?"",
			""scene"": ""Sub-scene3"",
			""ts_answerchosen"": 1779891537.076,
			""ts_duration"": 0.434000015258789,
			""ts_ended"": 1779891536.642,
			""ts_skipped"": 1779891536.642,
			""ts_started"": 1779891536.389
		},
		{
			""answer_chosen"": ""Write it yourself. Ask AI to fix unclear parts."",
			""answer_correct"": true,
			""question"": ""You want AI to help write a work email. Which prompt approach saves the most energy?"",
			""scene"": ""Sub-scene4"",
			""ts_answerchosen"": 1779891538.372,
			""ts_duration"": 0.366999864578247,
			""ts_ended"": 1779891538.005,
			""ts_skipped"": 1779891538.005,
			""ts_started"": 1779891537.738
		},
		{
			""answer_chosen"": ""Brainstorm 5 mins. Ask AI to expand your top 2–3 ideas."",
			""answer_correct"": true,
			""question"": ""You need to brainstorm ideas for a project. How do you prompt AI most sustainably?"",
			""scene"": ""Sub-scene5"",
			""ts_answerchosen"": 1779891538.789,
			""ts_duration"": 0.200999975204468,
			""ts_ended"": 1779891538.588,
			""ts_skipped"": 1779891538.588,
			""ts_started"": 1779891538.521
		}
	],
	""dialogues"": [
		{
			""chars"": 127,
			""speaker"": ""Prompto"",
			""text"": ""This is our datacenter today. It won't keep up much longer, we need to expand! The first call is yours: show me where to build!"",
			""ts_closed"": 1779891507.017,
			""ts_duration"": 1.35999989509583,
			""ts_ended"": 1779891505.657,
			""ts_skipped"": 1779891505.657,
			""ts_started"": 1779891505.369
		},
		{
			""chars"": 337,
			""speaker"": ""Joe Sellington"",
			""text"": ""Well well, look who walked in! Don't think I've had the pleasure — what was the name again? ...Albi? Ohhh, Albi... now THAT'S a fine name. Lucky for you, today I happen to be running a special for friends with such fine names. You need 5 server racks? I got the best prices in town... today, anyway. Heh heh. Just point at what you want."",
			""ts_closed"": 1779891516.559,
			""ts_duration"": 1.28600001335144,
			""ts_ended"": 1779891515.273,
			""ts_skipped"": 1779891515.273,
			""ts_started"": 1779891514.0
		},
		{
			""chars"": 173,
			""speaker"": ""Joe Sellington"",
			""text"": ""Pleasure doing business Albi! All 5 racks, sold. Did you notice how everything else got pricier while you shopped? Bet a smart one like you can work out why. Come back soon!"",
			""ts_closed"": 1779891519.642,
			""ts_duration"": 1.14499998092651,
			""ts_ended"": 1779891518.497,
			""ts_skipped"": 1779891518.497,
			""ts_started"": 1779891517.556
		},
		{
			""chars"": 169,
			""speaker"": ""Prompto"",
			""text"": ""Ah thats a shame about the students....but your new hardware looks so good! Now we just need to power them up with electrcity. Where do you want to get electricity from?"",
			""ts_closed"": 1779891525.041,
			""ts_duration"": 0.927999973297119,
			""ts_ended"": 1779891524.113,
			""ts_skipped"": 1779891524.113,
			""ts_started"": 1779891523.734
		},
		{
			""chars"": 201,
			""speaker"": ""Prompto"",
			""text"": ""The news hurts me, but seeing our datacenter light up makes me happy!...However we now have a new problem. We are getting a lot of wasteful prompts. Should we educate our users on how to prompt better?"",
			""ts_closed"": 1779891533.427,
			""ts_duration"": 2.23900008201599,
			""ts_ended"": 1779891531.188,
			""ts_skipped"": 1779891531.188,
			""ts_started"": 1779891531.134
		},
		{
			""chars"": 260,
			""speaker"": ""Prompto"",
			""text"": ""Congratulations your education was a success! You have reduced token usage and we now have enough compute and electricity to handle all the incoming prompts. However all this now creates a heating issue, we are going to need access to water to cool our server!"",
			""ts_closed"": 1779891540.175,
			""ts_duration"": 1.18599987030029,
			""ts_ended"": 1779891538.989,
			""ts_skipped"": 1779891538.989,
			""ts_started"": 1779891538.943
		},
		{
			""chars"": 138,
			""speaker"": ""Prompto"",
			""text"": ""Okay we have access to water now, but it is not sufficient to cool down all our servers, choose another river to get access to more water!"",
			""ts_closed"": 1779891544.15,
			""ts_duration"": 0.871000051498413,
			""ts_ended"": 1779891543.279,
			""ts_skipped"": 1779891543.279,
			""ts_started"": 1779891542.084
		},
		{
			""chars"": 157,
			""speaker"": ""Ally"",
			""text"": ""This is the final report compiled by my team. Please read it carefully as it is very serious. Click any card to reveal its details, click again to hide them."",
			""ts_closed"": 1779891556.458,
			""ts_duration"": 1.09099984169006,
			""ts_ended"": 1779891555.367,
			""ts_skipped"": null,
			""ts_started"": 1779891549.824
		}
	],
	""electricity_choice"": {
		""ts_chosen"": 1779891524.788,
		""ts_duration"": 5.40400004386902,
		""ts_started"": 1779891519.384,
		""value"": ""far""
	},
	""land_choice"": {
		""ts_chosen"": 1779891506.78,
		""ts_duration"": 1.41599988937378,
		""ts_started"": 1779891505.364,
		""value"": ""FIRST""
	},
	""newspapers"": [
		{
			""article"": ""FARMLAND"",
			""ts_closed"": 1779891512.251,
			""ts_duration"": 1.98199987411499,
			""ts_opened"": 1779891510.269
		},
		{
			""article"": ""PRICES_LAPTOPS"",
			""ts_closed"": 1779891523.734,
			""ts_duration"": 1.84200000762939,
			""ts_opened"": 1779891521.892
		},
		{
			""article"": ""SCIENTIST"",
			""ts_closed"": 1779891530.125,
			""ts_duration"": 1.32500004768372,
			""ts_opened"": 1779891528.8
		},
		{
			""article"": ""WATER_CRISIS"",
			""ts_closed"": 1779891548.442,
			""ts_duration"": 1.5,
			""ts_opened"": 1779891546.942
		}
	],
	""session"": {
		""debug"": false,
		""player_name"": ""Albi"",
		""ts_duration"": 63.1010000705719,
		""ts_ended"": 1779891562.959,
		""ts_started"": 1779891499.858
	},
	""stages"": [
		{
			""index"": 1,
			""name"": ""1 1_land_choice_stage"",
			""ts_duration"": 8.61500000953674,
			""ts_ended"": 1779891513.984,
			""ts_started"": 1779891505.369
		},
		{
			""index"": 2,
			""name"": ""2 02_shop_stage"",
			""ts_duration"": 5.3840000629425,
			""ts_ended"": 1779891519.384,
			""ts_started"": 1779891514.0
		},
		{
			""index"": 3,
			""name"": ""3 03_energy_scene"",
			""ts_duration"": 12.4360001087189,
			""ts_ended"": 1779891531.825,
			""ts_started"": 1779891519.389
		},
		{
			""index"": 4,
			""name"": ""4 04_classroom_tscn"",
			""ts_duration"": 7.09099984169006,
			""ts_ended"": 1779891538.942,
			""ts_started"": 1779891531.851
		},
		{
			""index"": 5,
			""name"": ""5 4_stage"",
			""ts_duration"": 10.8489999771118,
			""ts_ended"": 1779891549.792,
			""ts_started"": 1779891538.943
		}
	],
	""water_choices"": [
		{
			""ts_chosen"": 1779891539.921,
			""ts_duration"": 0.930999994277954,
			""ts_started"": 1779891538.99,
			""value"": ""north""
		},
		{
			""ts_chosen"": 1779891543.896,
			""ts_duration"": 0.616999864578247,
			""ts_started"": 1779891543.279,
			""value"": ""north""
		}
	]
}"
"2026/05/27 5:26:32 PM GMT+3","{
	""classroom_quizzes"": [
		{
			""answer_chosen"": ""Read first. Pick 2–3 key points. Ask one clear question."",
			""answer_correct"": true,
			""question"": ""You need to summarize a 3-page document. What's the most energy-conscious way to use AI for this?"",
			""scene"": ""Sub-scene3"",
			""ts_answerchosen"": 1779891958.345,
			""ts_duration"": 0.723999977111816,
			""ts_ended"": 1779891957.621,
			""ts_skipped"": 1779891957.621,
			""ts_started"": 1779891957.285
		},
		{
			""answer_chosen"": ""Write it yourself. Ask AI to fix unclear parts."",
			""answer_correct"": true,
			""question"": ""You want AI to help write a work email. Which prompt approach saves the most energy?"",
			""scene"": ""Sub-scene4"",
			""ts_answerchosen"": 1779891958.762,
			""ts_duration"": 0.200000047683716,
			""ts_ended"": 1779891958.562,
			""ts_skipped"": 1779891958.562,
			""ts_started"": 1779891958.478
		},
		{
			""answer_chosen"": ""Brainstorm 5 mins. Ask AI to expand your top 2–3 ideas."",
			""answer_correct"": true,
			""question"": ""You need to brainstorm ideas for a project. How do you prompt AI most sustainably?"",
			""scene"": ""Sub-scene5"",
			""ts_answerchosen"": 1779891959.145,
			""ts_duration"": 0.200000047683716,
			""ts_ended"": 1779891958.945,
			""ts_skipped"": 1779891958.945,
			""ts_started"": 1779891958.878
		}
	],
	""dialogues"": [
		{
			""chars"": 127,
			""speaker"": ""Prompto"",
			""text"": ""This is our datacenter today. It won't keep up much longer, we need to expand! The first call is yours: show me where to build!"",
			""ts_closed"": 1779891920.44,
			""ts_duration"": 1.62400007247925,
			""ts_ended"": 1779891918.816,
			""ts_skipped"": 1779891918.816,
			""ts_started"": 1779891918.4
		},
		{
			""chars"": 337,
			""speaker"": ""Joe Sellington"",
			""text"": ""Well well, look who walked in! Don't think I've had the pleasure — what was the name again? ...Albi? Ohhh, Albi... now THAT'S a fine name. Lucky for you, today I happen to be running a special for friends with such fine names. You need 5 server racks? I got the best prices in town... today, anyway. Heh heh. Just point at what you want."",
			""ts_closed"": 1779891932.507,
			""ts_duration"": 1.77799987792969,
			""ts_ended"": 1779891930.729,
			""ts_skipped"": 1779891930.729,
			""ts_started"": 1779891929.028
		},
		{
			""chars"": 173,
			""speaker"": ""Joe Sellington"",
			""text"": ""Pleasure doing business Albi! All 5 racks, sold. Did you notice how everything else got pricier while you shopped? Bet a smart one like you can work out why. Come back soon!"",
			""ts_closed"": 1779891937.048,
			""ts_duration"": 1.17700004577637,
			""ts_ended"": 1779891935.871,
			""ts_skipped"": 1779891935.871,
			""ts_started"": 1779891934.663
		},
		{
			""chars"": 169,
			""speaker"": ""Prompto"",
			""text"": ""Ah thats a shame about the students....but your new hardware looks so good! Now we just need to power them up with electrcity. Where do you want to get electricity from?"",
			""ts_closed"": 1779891942.44,
			""ts_duration"": 0.952000141143799,
			""ts_ended"": 1779891941.488,
			""ts_skipped"": 1779891941.488,
			""ts_started"": 1779891940.626
		},
		{
			""chars"": 201,
			""speaker"": ""Prompto"",
			""text"": ""The news hurts me, but seeing our datacenter light up makes me happy!...However we now have a new problem. We are getting a lot of wasteful prompts. Should we educate our users on how to prompt better?"",
			""ts_closed"": 1779891953.08,
			""ts_duration"": 2.99799990653992,
			""ts_ended"": 1779891950.082,
			""ts_skipped"": 1779891950.082,
			""ts_started"": 1779891949.307
		},
		{
			""chars"": 260,
			""speaker"": ""Prompto"",
			""text"": ""Congratulations your education was a success! You have reduced token usage and we now have enough compute and electricity to handle all the incoming prompts. However all this now creates a heating issue, we are going to need access to water to cool our server!"",
			""ts_closed"": 1779891960.724,
			""ts_duration"": 1.37599992752075,
			""ts_ended"": 1779891959.348,
			""ts_skipped"": 1779891959.348,
			""ts_started"": 1779891959.299
		},
		{
			""chars"": 138,
			""speaker"": ""Prompto"",
			""text"": ""Okay we have access to water now, but it is not sufficient to cool down all our servers, choose another river to get access to more water!"",
			""ts_closed"": 1779891963.982,
			""ts_duration"": 1.28700017929077,
			""ts_ended"": 1779891962.695,
			""ts_skipped"": 1779891962.695,
			""ts_started"": 1779891962.64
		},
		{
			""chars"": 157,
			""speaker"": ""Ally"",
			""text"": ""This is the final report compiled by my team. Please read it carefully as it is very serious. Click any card to reveal its details, click again to hide them."",
			""ts_closed"": 1779891990.364,
			""ts_duration"": 1.70700001716614,
			""ts_ended"": 1779891988.657,
			""ts_skipped"": null,
			""ts_started"": 1779891983.006
		}
	],
	""electricity_choice"": {
		""ts_chosen"": 1779891942.194,
		""ts_duration"": 5.39499998092651,
		""ts_started"": 1779891936.799,
		""value"": ""far""
	},
	""land_choice"": {
		""ts_chosen"": 1779891920.194,
		""ts_duration"": 1.79900002479553,
		""ts_started"": 1779891918.395,
		""value"": ""FIRST""
	},
	""newspapers"": [
		{
			""article"": ""FARMLAND"",
			""ts_closed"": 1779891926.948,
			""ts_duration"": 3.25799989700317,
			""ts_opened"": 1779891923.69
		},
		{
			""article"": ""PRICES_LAPTOPS"",
			""ts_closed"": 1779891940.623,
			""ts_duration"": 1.32499980926514,
			""ts_opened"": 1779891939.298
		},
		{
			""article"": ""SCIENTIST"",
			""ts_closed"": 1779891948.298,
			""ts_duration"": 2.09100008010864,
			""ts_opened"": 1779891946.207
		},
		{
			""article"": ""WATER_CRISIS"",
			""ts_closed"": 1779891969.507,
			""ts_duration"": 2.73399996757507,
			""ts_opened"": 1779891966.773
		}
	],
	""session"": {
		""debug"": false,
		""player_name"": ""Albi"",
		""ts_duration"": 79.2000000476837,
		""ts_ended"": 1779891992.532,
		""ts_started"": 1779891913.332
	},
	""stages"": [
		{
			""index"": 1,
			""name"": ""1 1_land_choice_stage"",
			""ts_duration"": 10.606999874115,
			""ts_ended"": 1779891929.007,
			""ts_started"": 1779891918.4
		},
		{
			""index"": 2,
			""name"": ""2 02_shop_stage"",
			""ts_duration"": 7.76999998092651,
			""ts_ended"": 1779891936.798,
			""ts_started"": 1779891929.028
		},
		{
			""index"": 3,
			""name"": ""3 03_energy_scene"",
			""ts_duration"": 13.856999874115,
			""ts_ended"": 1779891950.665,
			""ts_started"": 1779891936.808
		},
		{
			""index"": 4,
			""name"": ""4 04_classroom_tscn"",
			""ts_duration"": 8.58799982070923,
			""ts_ended"": 1779891959.297,
			""ts_started"": 1779891950.709
		},
		{
			""index"": 5,
			""name"": ""5 4_stage"",
			""ts_duration"": 23.6579999923706,
			""ts_ended"": 1779891982.957,
			""ts_started"": 1779891959.299
		}
	],
	""water_choices"": [
		{
			""ts_chosen"": 1779891960.469,
			""ts_duration"": 1.12100005149841,
			""ts_started"": 1779891959.348,
			""value"": ""north""
		},
		{
			""ts_chosen"": 1779891963.728,
			""ts_duration"": 1.03299999237061,
			""ts_started"": 1779891962.695,
			""value"": ""north""
		}
	]
}"
"2026/05/27 5:35:44 PM GMT+3","{
	""classroom_quizzes"": [
		{
			""answer_chosen"": ""Read first. Pick 2–3 key points. Ask one clear question."",
			""answer_correct"": true,
			""question"": ""You need to summarize a 3-page document. What's the most energy-conscious way to use AI for this?"",
			""scene"": ""Sub-scene3"",
			""ts_answerchosen"": 1779892515.943,
			""ts_duration"": 0.223000049591064,
			""ts_ended"": 1779892515.72,
			""ts_skipped"": 1779892515.72,
			""ts_started"": 1779892515.376
		},
		{
			""answer_chosen"": ""Write it yourself. Ask AI to fix unclear parts."",
			""answer_correct"": true,
			""question"": ""You want AI to help write a work email. Which prompt approach saves the most energy?"",
			""scene"": ""Sub-scene4"",
			""ts_answerchosen"": 1779892517.001,
			""ts_duration"": 0.833999872207642,
			""ts_ended"": 1779892516.167,
			""ts_skipped"": 1779892516.167,
			""ts_started"": 1779892516.1
		},
		{
			""answer_chosen"": ""Brainstorm 5 mins. Ask AI to expand your top 2–3 ideas."",
			""answer_correct"": true,
			""question"": ""You need to brainstorm ideas for a project. How do you prompt AI most sustainably?"",
			""scene"": ""Sub-scene5"",
			""ts_answerchosen"": 1779892517.551,
			""ts_duration"": 0.234000205993652,
			""ts_ended"": 1779892517.317,
			""ts_skipped"": 1779892517.317,
			""ts_started"": 1779892517.233
		}
	],
	""dialogues"": [
		{
			""chars"": 159,
			""speaker"": ""Prompto"",
			""text"": ""Hello, Albi! My name is Prompto, and I’ll be your assistant throughout the game. Before we begin, let me show you the region. \nClick on the screen to continue."",
			""ts_closed"": 1779892478.508,
			""ts_duration"": 0.712999820709229,
			""ts_ended"": 1779892477.795,
			""ts_skipped"": 1779892477.795,
			""ts_started"": 1779892476.767
		},
		{
			""chars"": 127,
			""speaker"": ""Prompto"",
			""text"": ""This is our datacenter today. It won't keep up much longer, we need to expand! The first call is yours: show me where to build!"",
			""ts_closed"": 1779892481.609,
			""ts_duration"": 1.19300007820129,
			""ts_ended"": 1779892480.416,
			""ts_skipped"": 1779892480.416,
			""ts_started"": 1779892480.001
		},
		{
			""chars"": 337,
			""speaker"": ""Joe Sellington"",
			""text"": ""Well well, look who walked in! Don't think I've had the pleasure — what was the name again? ...Albi? Ohhh, Albi... now THAT'S a fine name. Lucky for you, today I happen to be running a special for friends with such fine names. You need 5 server racks? I got the best prices in town... today, anyway. Heh heh. Just point at what you want."",
			""ts_closed"": 1779892490.908,
			""ts_duration"": 1.17899990081787,
			""ts_ended"": 1779892489.729,
			""ts_skipped"": 1779892489.729,
			""ts_started"": 1779892488.863
		},
		{
			""chars"": 327,
			""speaker"": ""Joe Sellington"",
			""text"": ""Whoa Albi! Those are for the walk-in crowd. You came in for the server racks on the left. Heh. And I spot that company card... I got nothing against a little creative accounting, but I don't need anyone poking around my books. COMPLETELY legal business, mind you. Squeaky clean. Probably.. Soooo servers. On the left. Be a pal."",
			""ts_closed"": 1779892492.324,
			""ts_duration"": 0.626999855041504,
			""ts_ended"": 1779892491.697,
			""ts_skipped"": 1779892491.697,
			""ts_started"": 1779892491.156
		},
		{
			""chars"": 173,
			""speaker"": ""Joe Sellington"",
			""text"": ""Pleasure doing business Albi! All 5 racks, sold. Did you notice how everything else got pricier while you shopped? Bet a smart one like you can work out why. Come back soon!"",
			""ts_closed"": 1779892495.5,
			""ts_duration"": 1.12100005149841,
			""ts_ended"": 1779892494.379,
			""ts_skipped"": 1779892494.379,
			""ts_started"": 1779892493.415
		},
		{
			""chars"": 169,
			""speaker"": ""Prompto"",
			""text"": ""Ah thats a shame about the students....but your new hardware looks so good! Now we just need to power them up with electrcity. Where do you want to get electricity from?"",
			""ts_closed"": 1779892500.695,
			""ts_duration"": 0.685999870300293,
			""ts_ended"": 1779892500.009,
			""ts_skipped"": 1779892500.009,
			""ts_started"": 1779892499.339
		},
		{
			""chars"": 201,
			""speaker"": ""Prompto"",
			""text"": ""The news hurts me, but seeing our datacenter light up makes me happy!...However we now have a new problem. We are getting a lot of wasteful prompts. Should we educate our users on how to prompt better?"",
			""ts_closed"": 1779892511.717,
			""ts_duration"": 3.43300008773804,
			""ts_ended"": 1779892508.284,
			""ts_skipped"": 1779892508.284,
			""ts_started"": 1779892507.462
		},
		{
			""chars"": 260,
			""speaker"": ""Prompto"",
			""text"": ""Congratulations your education was a success! You have reduced token usage and we now have enough compute and electricity to handle all the incoming prompts. However all this now creates a heating issue, we are going to need access to water to cool our server!"",
			""ts_closed"": 1779892519.52,
			""ts_duration"": 1.75200009346008,
			""ts_ended"": 1779892517.768,
			""ts_skipped"": 1779892517.768,
			""ts_started"": 1779892517.688
		},
		{
			""chars"": 138,
			""speaker"": ""Prompto"",
			""text"": ""Okay we have access to water now, but it is not sufficient to cool down all our servers, choose another river to get access to more water!"",
			""ts_closed"": 1779892526.479,
			""ts_duration"": 1.45800018310547,
			""ts_ended"": 1779892525.021,
			""ts_skipped"": 1779892525.021,
			""ts_started"": 1779892521.429
		},
		{
			""chars"": 157,
			""speaker"": ""Ally"",
			""text"": ""This is the final report compiled by my team. Please read it carefully as it is very serious. Click any card to reveal its details, click again to hide them."",
			""ts_closed"": 1779892541.351,
			""ts_duration"": 1.75600004196167,
			""ts_ended"": 1779892539.595,
			""ts_skipped"": null,
			""ts_started"": 1779892533.926
		}
	],
	""electricity_choice"": {
		""ts_chosen"": 1779892500.458,
		""ts_duration"": 5.20799994468689,
		""ts_started"": 1779892495.25,
		""value"": ""far""
	},
	""land_choice"": {
		""ts_chosen"": 1779892481.362,
		""ts_duration"": 1.3659999370575,
		""ts_started"": 1779892479.996,
		""value"": ""FIRST""
	},
	""newspapers"": [
		{
			""article"": ""FARMLAND"",
			""ts_closed"": 1779892487.441,
			""ts_duration"": 2.58200001716614,
			""ts_opened"": 1779892484.859
		},
		{
			""article"": ""PRICES_LAPTOPS"",
			""ts_closed"": 1779892499.337,
			""ts_duration"": 1.56299996376038,
			""ts_opened"": 1779892497.774
		},
		{
			""article"": ""SCIENTIST"",
			""ts_closed"": 1779892506.454,
			""ts_duration"": 2.00099992752075,
			""ts_opened"": 1779892504.453
		},
		{
			""article"": ""WATER_CRISIS"",
			""ts_closed"": 1779892531.238,
			""ts_duration"": 1.96799993515015,
			""ts_opened"": 1779892529.27
		}
	],
	""session"": {
		""debug"": false,
		""player_name"": ""Albi"",
		""ts_duration"": 70.0160000324249,
		""ts_ended"": 1779892543.958,
		""ts_started"": 1779892473.942
	},
	""stages"": [
		{
			""index"": 1,
			""name"": ""1 1_land_choice_stage"",
			""ts_duration"": 8.84100008010864,
			""ts_ended"": 1779892488.842,
			""ts_started"": 1779892480.001
		},
		{
			""index"": 2,
			""name"": ""2 02_shop_stage"",
			""ts_duration"": 6.38700008392334,
			""ts_ended"": 1779892495.25,
			""ts_started"": 1779892488.863
		},
		{
			""index"": 3,
			""name"": ""3 03_energy_scene"",
			""ts_duration"": 13.835000038147,
			""ts_ended"": 1779892509.095,
			""ts_started"": 1779892495.26
		},
		{
			""index"": 4,
			""name"": ""4 04_classroom_tscn"",
			""ts_duration"": 8.53800010681152,
			""ts_ended"": 1779892517.687,
			""ts_started"": 1779892509.149
		},
		{
			""index"": 5,
			""name"": ""5 4_stage"",
			""ts_duration"": 16.1870000362396,
			""ts_ended"": 1779892533.876,
			""ts_started"": 1779892517.689
		}
	],
	""water_choices"": [
		{
			""ts_chosen"": 1779892519.258,
			""ts_duration"": 1.49000000953674,
			""ts_started"": 1779892517.768,
			""value"": ""north""
		},
		{
			""ts_chosen"": 1779892526.225,
			""ts_duration"": 1.2039999961853,
			""ts_started"": 1779892525.021,
			""value"": ""north""
		}
	]
}"
"2026/05/27 5:44:45 PM GMT+3","{
	""classroom_quizzes"": [],
	""dialogues"": [
		{
			""chars"": 127,
			""speaker"": ""Prompto"",
			""text"": ""This is our datacenter today. It won't keep up much longer, we need to expand! The first call is yours: show me where to build!"",
			""ts_closed"": 1779893082.01186,
			""ts_duration"": 1.23411011695862,
			""ts_ended"": 1779893080.77775,
			""ts_skipped"": 1779893080.77775,
			""ts_started"": 1779893080.69411
		}
	],
	""electricity_choice"": null,
	""land_choice"": {
		""ts_chosen"": 1779893081.75748,
		""ts_duration"": 1.06392502784729,
		""ts_started"": 1779893080.69356,
		""value"": ""FIRST""
	},
	""newspapers"": [],
	""session"": {
		""debug"": true,
		""player_name"": ""Albi"",
		""ts_duration"": 9.31252908706665,
		""ts_ended"": 1779893084.99019,
		""ts_started"": 1779893075.67766
	},
	""stages"": [],
	""water_choices"": []
}"
"2026/05/27 5:48:25 PM GMT+3","{
	""classroom_quizzes"": [],
	""dialogues"": [
		{
			""chars"": 159,
			""speaker"": ""Prompto"",
			""text"": ""Hello, Albi! My name is Prompto, and I’ll be your assistant throughout the game. Before we begin, let me show you the region. \nClick on the screen to continue."",
			""ts_closed"": 1779893242.88831,
			""ts_duration"": 1.14933395385742,
			""ts_ended"": 1779893241.73898,
			""ts_skipped"": 1779893241.73898,
			""ts_started"": 1779893240.98668
		},
		{
			""chars"": 41,
			""speaker"": ""Prompto"",
			""text"": ""In the top left is the village of Pontia."",
			""ts_closed"": 1779893245.50548,
			""ts_duration"": 0.736569881439209,
			""ts_ended"": 1779893244.76891,
			""ts_skipped"": 1779893244.76891,
			""ts_started"": 1779893243.88576
		},
		{
			""chars"": 127,
			""speaker"": ""Prompto"",
			""text"": ""This is our datacenter today. It won't keep up much longer, we need to expand! The first call is yours: show me where to build!"",
			""ts_closed"": 1779893247.87289,
			""ts_duration"": 1.70280289649963,
			""ts_ended"": 1779893246.17008,
			""ts_skipped"": 1779893246.17008,
			""ts_started"": 1779893246.10608
		},
		{
			""chars"": 337,
			""speaker"": ""Joe Sellington"",
			""text"": ""Well well, look who walked in! Don't think I've had the pleasure — what was the name again? ...Albi? Ohhh, Albi... now THAT'S a fine name. Lucky for you, today I happen to be running a special for friends with such fine names. You need 5 server racks? I got the best prices in town... today, anyway. Heh heh. Just point at what you want."",
			""ts_closed"": 1779893265.34105,
			""ts_duration"": 2.08986496925354,
			""ts_ended"": 1779893263.25118,
			""ts_skipped"": 1779893263.25118,
			""ts_started"": 1779893255.27742
		},
		{
			""chars"": 327,
			""speaker"": ""Joe Sellington"",
			""text"": ""Whoa Albi! Those are for the walk-in crowd. You came in for the server racks on the left. Heh. And I spot that company card... I got nothing against a little creative accounting, but I don't need anyone poking around my books. COMPLETELY legal business, mind you. Squeaky clean. Probably.. Soooo servers. On the left. Be a pal."",
			""ts_closed"": 1779893267.48894,
			""ts_duration"": 0.654291152954102,
			""ts_ended"": 1779893266.83465,
			""ts_skipped"": 1779893266.83465,
			""ts_started"": 1779893266.00618
		}
	],
	""electricity_choice"": null,
	""land_choice"": {
		""ts_chosen"": 1779893247.63806,
		""ts_duration"": 1.53261494636536,
		""ts_started"": 1779893246.10545,
		""value"": ""FIRST""
	},
	""newspapers"": [
		{
			""article"": ""FARMLAND"",
			""ts_closed"": 1779893252.90427,
			""ts_duration"": 1.78256106376648,
			""ts_opened"": 1779893251.12171
		}
	],
	""session"": {
		""debug"": true,
		""player_name"": ""Albi"",
		""ts_duration"": 66.4473831653595,
		""ts_ended"": 1779893304.60134,
		""ts_started"": 1779893238.15396
	},
	""stages"": [
		{
			""index"": 1,
			""name"": ""1 1_land_choice_stage"",
			""ts_duration"": 9.14773678779602,
			""ts_ended"": 1779893255.25487,
			""ts_started"": 1779893246.10713
		}
	],
	""water_choices"": []
}"
"2026/05/27 5:49:49 PM GMT+3","{
	""classroom_quizzes"": [],
	""dialogues"": [
		{
			""chars"": 127,
			""speaker"": ""Prompto"",
			""text"": ""This is our datacenter today. It won't keep up much longer, we need to expand! The first call is yours: show me where to build!"",
			""ts_closed"": 1779893373.88814,
			""ts_duration"": 1.89958810806274,
			""ts_ended"": 1779893371.98855,
			""ts_skipped"": null,
			""ts_started"": 1779893367.407
		},
		{
			""chars"": 337,
			""speaker"": ""Joe Sellington"",
			""text"": ""Well well, look who walked in! Don't think I've had the pleasure — what was the name again? ...Albi? Ohhh, Albi... now THAT'S a fine name. Lucky for you, today I happen to be running a special for friends with such fine names. You need 5 server racks? I got the best prices in town... today, anyway. Heh heh. Just point at what you want."",
			""ts_closed"": 1779893386.76976,
			""ts_duration"": 1.40077805519104,
			""ts_ended"": 1779893385.36898,
			""ts_skipped"": 1779893385.36898,
			""ts_started"": 1779893384.55258
		}
	],
	""electricity_choice"": null,
	""land_choice"": {
		""ts_chosen"": 1779893373.65208,
		""ts_duration"": 6.24578905105591,
		""ts_started"": 1779893367.40629,
		""value"": ""FIRST""
	},
	""newspapers"": [
		{
			""article"": ""FARMLAND"",
			""ts_closed"": 1779893380.87035,
			""ts_duration"": 3.73439407348633,
			""ts_opened"": 1779893377.13596
		}
	],
	""session"": {
		""debug"": true,
		""player_name"": ""Albi"",
		""ts_duration"": 24.7837378978729,
		""ts_ended"": 1779893388.86832,
		""ts_started"": 1779893364.08459
	},
	""stages"": [
		{
			""index"": 1,
			""name"": ""1 1_land_choice_stage"",
			""ts_duration"": 17.1329188346863,
			""ts_ended"": 1779893384.53998,
			""ts_started"": 1779893367.40707
		}
	],
	""water_choices"": []
}"
"2026/05/27 5:54:08 PM GMT+3","{
	""classroom_quizzes"": [],
	""dialogues"": [],
	""electricity_choice"": null,
	""land_choice"": null,
	""newspapers"": [],
	""session"": {
		""debug"": true,
		""player_name"": ""Albi"",
		""ts_duration"": 3.19405817985535,
		""ts_ended"": 1779893648.13782,
		""ts_started"": 1779893644.94376
	},
	""stages"": [],
	""water_choices"": []
}"
"2026/05/27 6:00:46 PM GMT+3","{
	""classroom_quizzes"": [
		{
			""answer_chosen"": ""Read first. Pick 2–3 key points. Ask one clear question."",
			""answer_correct"": true,
			""question"": ""You need to summarize a 3-page document. What's the most energy-conscious way to use AI for this?"",
			""scene"": ""Sub-scene3"",
			""ts_answerchosen"": 1779893735.37691,
			""ts_duration"": 0.271119832992554,
			""ts_ended"": 1779893735.10579,
			""ts_skipped"": 1779893735.10538,
			""ts_started"": 1779893734.70529
		},
		{
			""answer_chosen"": ""Write it yourself. Ask AI to fix unclear parts."",
			""answer_correct"": true,
			""question"": ""You want AI to help write a work email. Which prompt approach saves the most energy?"",
			""scene"": ""Sub-scene4"",
			""ts_answerchosen"": 1779893735.77562,
			""ts_duration"": 0.221801042556763,
			""ts_ended"": 1779893735.55382,
			""ts_skipped"": 1779893735.55375,
			""ts_started"": 1779893735.51142
		},
		{
			""answer_chosen"": ""Brainstorm 5 mins. Ask AI to expand your top 2–3 ideas."",
			""answer_correct"": true,
			""question"": ""You need to brainstorm ideas for a project. How do you prompt AI most sustainably?"",
			""scene"": ""Sub-scene5"",
			""ts_answerchosen"": 1779893736.19245,
			""ts_duration"": 0.235615015029907,
			""ts_ended"": 1779893735.95684,
			""ts_skipped"": 1779893735.95679,
			""ts_started"": 1779893735.8921
		}
	],
	""dialogues"": [
		{
			""chars"": 127,
			""speaker"": ""Prompto"",
			""text"": ""This is our datacenter today. It won't keep up much longer, we need to expand! The first call is yours: show me where to build!"",
			""ts_closed"": 1779893663.87449,
			""ts_duration"": 1.46424293518066,
			""ts_ended"": 1779893662.41025,
			""ts_skipped"": 1779893662.41025,
			""ts_started"": 1779893662.1927
		},
		{
			""chars"": 337,
			""speaker"": ""Joe Sellington"",
			""text"": ""Well well, look who walked in! Don't think I've had the pleasure — what was the name again? ...Albi? Ohhh, Albi... now THAT'S a fine name. Lucky for you, today I happen to be running a special for friends with such fine names. You need 5 server racks? I got the best prices in town... today, anyway. Heh heh. Just point at what you want."",
			""ts_closed"": 1779893672.63775,
			""ts_duration"": 1.31447100639343,
			""ts_ended"": 1779893671.32328,
			""ts_skipped"": 1779893671.32328,
			""ts_started"": 1779893670.05963
		},
		{
			""chars"": 327,
			""speaker"": ""Joe Sellington"",
			""text"": ""Whoa Albi! Those are for the walk-in crowd. You came in for the server racks on the left. Heh. And I spot that company card... I got nothing against a little creative accounting, but I don't need anyone poking around my books. COMPLETELY legal business, mind you. Squeaky clean. Probably.. Soooo servers. On the left. Be a pal."",
			""ts_closed"": 1779893688.95604,
			""ts_duration"": 13.1667160987854,
			""ts_ended"": 1779893675.78933,
			""ts_skipped"": 1779893675.78933,
			""ts_started"": 1779893675.17458
		},
		{
			""chars"": 327,
			""speaker"": ""Joe Sellington"",
			""text"": ""Whoa Albi! Those are for the walk-in crowd. You came in for the server racks on the left. Heh. And I spot that company card... I got nothing against a little creative accounting, but I don't need anyone poking around my books. COMPLETELY legal business, mind you. Squeaky clean. Probably.. Soooo servers. On the left. Be a pal."",
			""ts_closed"": 1779893701.67906,
			""ts_duration"": 10.305755853653,
			""ts_ended"": 1779893691.3733,
			""ts_skipped"": 1779893691.3733,
			""ts_started"": 1779893689.57477
		},
		{
			""chars"": 173,
			""speaker"": ""Joe Sellington"",
			""text"": ""Pleasure doing business Albi! All 5 racks, sold. Did you notice how everything else got pricier while you shopped? Bet a smart one like you can work out why. Come back soon!"",
			""ts_closed"": 1779893716.02226,
			""ts_duration"": 1.41304087638855,
			""ts_ended"": 1779893714.60922,
			""ts_skipped"": 1779893714.60922,
			""ts_started"": 1779893713.63965
		},
		{
			""chars"": 175,
			""speaker"": ""Prompto"",
			""text"": ""Ah thats a shame about the students....but your new hardware looks so good! Now we just need to power them up with electricity. Where do you want to get your electricity from?"",
			""ts_closed"": 1779893723.35354,
			""ts_duration"": 2.31398415565491,
			""ts_ended"": 1779893721.03956,
			""ts_skipped"": 1779893721.03956,
			""ts_started"": 1779893720.21011
		},
		{
			""chars"": 201,
			""speaker"": ""Prompto"",
			""text"": ""The news hurts me, but seeing our datacenter light up makes me happy!...However we now have a new problem. We are getting a lot of wasteful prompts. Should we educate our users on how to prompt better?"",
			""ts_closed"": 1779893731.92606,
			""ts_duration"": 0.985089063644409,
			""ts_ended"": 1779893730.94097,
			""ts_skipped"": 1779893730.94097,
			""ts_started"": 1779893730.35545
		},
		{
			""chars"": 260,
			""speaker"": ""Prompto"",
			""text"": ""Congratulations your education was a success! You have reduced token usage and we now have enough compute and electricity to handle all the incoming prompts. However all this now creates a heating issue, we are going to need access to water to cool our server!"",
			""ts_closed"": 1779893737.63931,
			""ts_duration"": 1.26627492904663,
			""ts_ended"": 1779893736.37304,
			""ts_skipped"": 1779893736.37304,
			""ts_started"": 1779893736.33809
		},
		{
			""chars"": 138,
			""speaker"": ""Prompto"",
			""text"": ""Okay we have access to water now, but it is not sufficient to cool down all our servers, choose another river to get access to more water!"",
			""ts_closed"": 1779893742.47423,
			""ts_duration"": 1.04933381080627,
			""ts_ended"": 1779893741.42489,
			""ts_skipped"": 1779893741.42489,
			""ts_started"": 1779893739.54272
		},
		{
			""chars"": 157,
			""speaker"": ""Ally"",
			""text"": ""This is the final report compiled by my team. Please read it carefully as it is very serious. Click any card to reveal its details, click again to hide them."",
			""ts_closed"": 1779893755.45578,
			""ts_duration"": 1.01679301261902,
			""ts_ended"": 1779893754.43899,
			""ts_skipped"": null,
			""ts_started"": 1779893748.85128
		}
	],
	""electricity_choice"": {
		""ts_chosen"": 1779893723.10877,
		""ts_duration"": 7.35256290435791,
		""ts_started"": 1779893715.75621,
		""value"": ""far""
	},
	""land_choice"": {
		""ts_chosen"": 1779893663.6408,
		""ts_duration"": 1.44876980781555,
		""ts_started"": 1779893662.19203,
		""value"": ""FIRST""
	},
	""newspapers"": [
		{
			""article"": ""FARMLAND"",
			""ts_closed"": 1779893668.55445,
			""ts_duration"": 1.42884111404419,
			""ts_opened"": 1779893667.1256
		},
		{
			""article"": ""PRICES_LAPTOPS"",
			""ts_closed"": 1779893720.20828,
			""ts_duration"": 1.93569302558899,
			""ts_opened"": 1779893718.27259
		},
		{
			""article"": ""SCIENTIST"",
			""ts_closed"": 1779893729.35529,
			""ts_duration"": 1.76821088790894,
			""ts_opened"": 1779893727.58708
		},
		{
			""article"": ""WATER_CRISIS"",
			""ts_closed"": 1779893746.80515,
			""ts_duration"": 1.54502201080322,
			""ts_opened"": 1779893745.26013
		}
	],
	""session"": {
		""debug"": true,
		""player_name"": ""Albi"",
		""ts_duration"": 388.312763929367,
		""ts_ended"": 1779894046.31835,
		""ts_started"": 1779893658.00559
	},
	""stages"": [
		{
			""index"": 1,
			""name"": ""1 1_land_choice_stage"",
			""ts_duration"": 7.84632086753845,
			""ts_ended"": 1779893670.03911,
			""ts_started"": 1779893662.19279
		},
		{
			""index"": 2,
			""name"": ""2 02_shop_stage"",
			""ts_duration"": 45.6958999633789,
			""ts_ended"": 1779893715.75559,
			""ts_started"": 1779893670.05969
		},
		{
			""index"": 3,
			""name"": ""3 03_energy_scene"",
			""ts_duration"": 15.921483039856,
			""ts_ended"": 1779893731.67836,
			""ts_started"": 1779893715.75688
		},
		{
			""index"": 4,
			""name"": ""4 04_classroom_tscn"",
			""ts_duration"": 4.64036798477173,
			""ts_ended"": 1779893736.33758,
			""ts_started"": 1779893731.69722
		},
		{
			""index"": 5,
			""name"": ""5 4_stage"",
			""ts_duration"": 12.4876379966736,
			""ts_ended"": 1779893748.82578,
			""ts_started"": 1779893736.33814
		}
	],
	""water_choices"": [
		{
			""ts_chosen"": 1779893737.38755,
			""ts_duration"": 1.01442408561707,
			""ts_started"": 1779893736.37313,
			""value"": ""north""
		},
		{
			""ts_chosen"": 1779893742.22132,
			""ts_duration"": 0.796345949172974,
			""ts_started"": 1779893741.42497,
			""value"": ""north""
		}
	]
}"
"2026/05/27 6:03:42 PM GMT+3","{
	""classroom_quizzes"": [
		{
			""answer_chosen"": ""Read first. Pick 2–3 key points. Ask one clear question."",
			""answer_correct"": true,
			""question"": ""You need to summarize a 3-page document. What's the most energy-conscious way to use AI for this?"",
			""scene"": ""Sub-scene3"",
			""ts_answerchosen"": 1779894151.89194,
			""ts_duration"": 0.438962936401367,
			""ts_ended"": 1779894151.45298,
			""ts_skipped"": 1779894151.45292,
			""ts_started"": 1779894151.1044
		},
		{
			""answer_chosen"": ""Write it yourself. Ask AI to fix unclear parts."",
			""answer_correct"": true,
			""question"": ""You want AI to help write a work email. Which prompt approach saves the most energy?"",
			""scene"": ""Sub-scene4"",
			""ts_answerchosen"": 1779894152.44114,
			""ts_duration"": 0.20365309715271,
			""ts_ended"": 1779894152.23749,
			""ts_skipped"": 1779894152.23744,
			""ts_started"": 1779894152.17236
		},
		{
			""answer_chosen"": ""Brainstorm 5 mins. Ask AI to expand your top 2–3 ideas."",
			""answer_correct"": true,
			""question"": ""You need to brainstorm ideas for a project. How do you prompt AI most sustainably?"",
			""scene"": ""Sub-scene5"",
			""ts_answerchosen"": 1779894152.85384,
			""ts_duration"": 0.218072175979614,
			""ts_ended"": 1779894152.63577,
			""ts_skipped"": 1779894152.63575,
			""ts_started"": 1779894152.58928
		}
	],
	""dialogues"": [
		{
			""chars"": 127,
			""speaker"": ""Prompto"",
			""text"": ""This is our datacenter today. It won't keep up much longer, we need to expand! The first call is yours: show me where to build!"",
			""ts_closed"": 1779894086.0777,
			""ts_duration"": 1.28447890281677,
			""ts_ended"": 1779894084.79322,
			""ts_skipped"": 1779894084.79322,
			""ts_started"": 1779894084.73371
		},
		{
			""chars"": 337,
			""speaker"": ""Joe Sellington"",
			""text"": ""Well well, look who walked in! Don't think I've had the pleasure — what was the name again? ...Albi? Ohhh, Albi... now THAT'S a fine name. Lucky for you, today I happen to be running a special for friends with such fine names. You need 5 server racks? I got the best prices in town... today, anyway. Heh heh. Just point at what you want."",
			""ts_closed"": 1779894096.95748,
			""ts_duration"": 1.58097290992737,
			""ts_ended"": 1779894095.37651,
			""ts_skipped"": 1779894095.37651,
			""ts_started"": 1779894091.91964
		},
		{
			""chars"": 173,
			""speaker"": ""Joe Sellington"",
			""text"": ""Pleasure doing business Albi! All 5 racks, sold. Did you notice how everything else got pricier while you shopped? Bet a smart one like you can work out why. Come back soon!"",
			""ts_closed"": 1779894101.00827,
			""ts_duration"": 1.48079109191895,
			""ts_ended"": 1779894099.52748,
			""ts_skipped"": 1779894099.52748,
			""ts_started"": 1779894098.42408
		},
		{
			""chars"": 175,
			""speaker"": ""Prompto"",
			""text"": ""Ah thats a shame about the students....but your new hardware looks so good! Now we just need to power them up with electricity. Where do you want to get your electricity from?"",
			""ts_closed"": 1779894140.40485,
			""ts_duration"": 1.04802894592285,
			""ts_ended"": 1779894139.35682,
			""ts_skipped"": 1779894139.35682,
			""ts_started"": 1779894138.31403
		},
		{
			""chars"": 201,
			""speaker"": ""Prompto"",
			""text"": ""The news hurts me, but seeing our datacenter light up makes me happy!...However we now have a new problem. We are getting a lot of wasteful prompts. Should we educate our users on how to prompt better?"",
			""ts_closed"": 1779894147.91533,
			""ts_duration"": 1.31156897544861,
			""ts_ended"": 1779894146.60376,
			""ts_skipped"": 1779894146.60376,
			""ts_started"": 1779894146.59115
		},
		{
			""chars"": 260,
			""speaker"": ""Prompto"",
			""text"": ""Congratulations your education was a success! You have reduced token usage and we now have enough compute and electricity to handle all the incoming prompts. However all this now creates a heating issue, we are going to need access to water to cool our server!"",
			""ts_closed"": 1779894154.27079,
			""ts_duration"": 1.115070104599,
			""ts_ended"": 1779894153.15572,
			""ts_skipped"": 1779894153.15572,
			""ts_started"": 1779894153.10608
		},
		{
			""chars"": 138,
			""speaker"": ""Prompto"",
			""text"": ""Okay we have access to water now, but it is not sufficient to cool down all our servers, choose another river to get access to more water!"",
			""ts_closed"": 1779894158.95259,
			""ts_duration"": 1.16413903236389,
			""ts_ended"": 1779894157.78845,
			""ts_skipped"": 1779894157.78845,
			""ts_started"": 1779894156.17561
		},
		{
			""chars"": 292,
			""speaker"": ""Ally"",
			""text"": ""Oh — and one more thing, Albi. Don't be too disheartened if the numbers look rough. AI datacenters are [b]inherently bad[/b] for the environment. There's no single 'right' choice you could have made; the best anyone can do is minimize the impact. You can never truly get rid of it altogether."",
			""ts_closed"": 1779894184.25522,
			""ts_duration"": 3.28467416763306,
			""ts_ended"": 1779894180.97054,
			""ts_skipped"": null,
			""ts_started"": 1779894170.90966
		}
	],
	""electricity_choice"": {
		""ts_chosen"": 1779894140.15404,
		""ts_duration"": 39.3930158615112,
		""ts_started"": 1779894100.76103,
		""value"": ""far""
	},
	""land_choice"": {
		""ts_chosen"": 1779894085.84598,
		""ts_duration"": 1.11251592636108,
		""ts_started"": 1779894084.73347,
		""value"": ""FIRST""
	},
	""newspapers"": [
		{
			""article"": ""FARMLAND"",
			""ts_closed"": 1779894090.67937,
			""ts_duration"": 1.33741116523743,
			""ts_opened"": 1779894089.34195
		},
		{
			""article"": ""PRICES_LAPTOPS"",
			""ts_closed"": 1779894138.30655,
			""ts_duration"": 35.0481038093567,
			""ts_opened"": 1779894103.25845
		},
		{
			""article"": ""SCIENTIST"",
			""ts_closed"": 1779894145.58752,
			""ts_duration"": 1.41381597518921,
			""ts_opened"": 1779894144.17371
		},
		{
			""article"": ""WATER_CRISIS"",
			""ts_closed"": 1779894163.40409,
			""ts_duration"": 1.64909815788269,
			""ts_opened"": 1779894161.75499
		}
	],
	""session"": {
		""debug"": true,
		""player_name"": ""Albi"",
		""ts_duration"": 139.680879831314,
		""ts_ended"": 1779894221.66015,
		""ts_started"": 1779894081.97927
	},
	""stages"": [
		{
			""index"": 1,
			""name"": ""1 1_land_choice_stage"",
			""ts_duration"": 7.17599987983704,
			""ts_ended"": 1779894091.90975,
			""ts_started"": 1779894084.73376
		},
		{
			""index"": 2,
			""name"": ""2 02_shop_stage"",
			""ts_duration"": 8.84099698066711,
			""ts_ended"": 1779894100.76069,
			""ts_started"": 1779894091.91969
		},
		{
			""index"": 3,
			""name"": ""3 03_energy_scene"",
			""ts_duration"": 46.8940091133118,
			""ts_ended"": 1779894147.65584,
			""ts_started"": 1779894100.76183
		},
		{
			""index"": 4,
			""name"": ""4 04_classroom_tscn"",
			""ts_duration"": 5.41196990013123,
			""ts_ended"": 1779894153.10478,
			""ts_started"": 1779894147.69282
		},
		{
			""index"": 5,
			""name"": ""5 4_stage"",
			""ts_duration"": 13.4677920341492,
			""ts_ended"": 1779894166.57396,
			""ts_started"": 1779894153.10616
		}
	],
	""water_choices"": [
		{
			""ts_chosen"": 1779894154.02109,
			""ts_duration"": 0.865274906158447,
			""ts_started"": 1779894153.15582,
			""value"": ""north""
		},
		{
			""ts_chosen"": 1779894158.70438,
			""ts_duration"": 0.915784120559692,
			""ts_started"": 1779894157.78859,
			""value"": ""north""
		}
	]
}"
"2026/05/27 6:45:24 PM GMT+3","{
	""classroom_quizzes"": [
		{
			""answer_chosen"": ""Read first. Pick 2–3 key points. Ask one clear question."",
			""answer_correct"": true,
			""question"": ""You need to summarize a 3-page document. What's the most energy-conscious way to use AI for this?"",
			""scene"": ""Sub-scene3"",
			""ts_answerchosen"": 1779896473.744,
			""ts_duration"": 3.70799994468689,
			""ts_ended"": 1779896470.036,
			""ts_skipped"": null,
			""ts_started"": 1779896467.584
		},
		{
			""answer_chosen"": ""Write it yourself. Ask AI to fix unclear parts."",
			""answer_correct"": true,
			""question"": ""You want AI to help write a work email. Which prompt approach saves the most energy?"",
			""scene"": ""Sub-scene4"",
			""ts_answerchosen"": 1779896483.786,
			""ts_duration"": 4.2279999256134,
			""ts_ended"": 1779896479.558,
			""ts_skipped"": null,
			""ts_started"": 1779896477.433
		},
		{
			""answer_chosen"": ""Brainstorm 5 mins. Ask AI to expand your top 2–3 ideas."",
			""answer_correct"": true,
			""question"": ""You need to brainstorm ideas for a project. How do you prompt AI most sustainably?"",
			""scene"": ""Sub-scene5"",
			""ts_answerchosen"": 1779896495.301,
			""ts_duration"": 5.94900012016296,
			""ts_ended"": 1779896489.352,
			""ts_skipped"": null,
			""ts_started"": 1779896487.28
		}
	],
	""dialogues"": [
		{
			""chars"": 160,
			""speaker"": ""Prompto"",
			""text"": ""Hello, Thilo! My name is Prompto, and I’ll be your assistant throughout the game. Before we begin, let me show you the region. \nClick on the screen to continue."",
			""ts_closed"": 1779896213.039,
			""ts_duration"": 5.07999992370605,
			""ts_ended"": 1779896207.959,
			""ts_skipped"": null,
			""ts_started"": 1779896202.28
		},
		{
			""chars"": 41,
			""speaker"": ""Prompto"",
			""text"": ""In the top left is the village of Pontia."",
			""ts_closed"": 1779896221.157,
			""ts_duration"": 5.3970000743866,
			""ts_ended"": 1779896215.76,
			""ts_skipped"": null,
			""ts_started"": 1779896214.044
		},
		{
			""chars"": 38,
			""speaker"": ""Prompto"",
			""text"": ""In the top center you'll find Petalia."",
			""ts_closed"": 1779896225.491,
			""ts_duration"": 1.72599983215332,
			""ts_ended"": 1779896223.765,
			""ts_skipped"": null,
			""ts_started"": 1779896222.161
		},
		{
			""chars"": 36,
			""speaker"": ""Prompto"",
			""text"": ""And on the bottom right is Fontania."",
			""ts_closed"": 1779896230.937,
			""ts_duration"": 2.89199995994568,
			""ts_ended"": 1779896228.045,
			""ts_skipped"": null,
			""ts_started"": 1779896226.495
		},
		{
			""chars"": 139,
			""speaker"": ""Prompto"",
			""text"": ""Your AI datacenter is located in the center. Any buildings, infrastructure, or assets you own will be highlighted in your company's colors."",
			""ts_closed"": 1779896239.23,
			""ts_duration"": 2.30800008773804,
			""ts_ended"": 1779896236.922,
			""ts_skipped"": null,
			""ts_started"": 1779896231.942
		},
		{
			""chars"": 223,
			""speaker"": ""Prompto"",
			""text"": ""I monitor AI demand across the region. Recently, I detected a dramatic increase in requests coming from all three villages. Our current infrastructure can no longer keep up with demand. If we do nothing, requests will fail."",
			""ts_closed"": 1779896251.657,
			""ts_duration"": 3.64199995994568,
			""ts_ended"": 1779896248.015,
			""ts_skipped"": null,
			""ts_started"": 1779896240.235
		},
		{
			""chars"": 127,
			""speaker"": ""Prompto"",
			""text"": ""This is our datacenter today. It won't keep up much longer, we need to expand! The first call is yours: show me where to build!"",
			""ts_closed"": 1779896274.312,
			""ts_duration"": 18.0710000991821,
			""ts_ended"": 1779896256.241,
			""ts_skipped"": null,
			""ts_started"": 1779896251.659
		},
		{
			""chars"": 339,
			""speaker"": ""Joe Sellington"",
			""text"": ""Well well, look who walked in! Don't think I've had the pleasure — what was the name again? ...Thilo? Ohhh, Thilo... now THAT'S a fine name. Lucky for you, today I happen to be running a special for friends with such fine names. You need 5 server racks? I got the best prices in town... today, anyway. Heh heh. Just point at what you want."",
			""ts_closed"": 1779896326.51,
			""ts_duration"": 8.53200006484985,
			""ts_ended"": 1779896317.978,
			""ts_skipped"": null,
			""ts_started"": 1779896306.216
		},
		{
			""chars"": 328,
			""speaker"": ""Joe Sellington"",
			""text"": ""Whoa Thilo! Those are for the walk-in crowd. You came in for the server racks on the left. Heh. And I spot that company card... I got nothing against a little creative accounting, but I don't need anyone poking around my books. COMPLETELY legal business, mind you. Squeaky clean. Probably.. Soooo servers. On the left. Be a pal."",
			""ts_closed"": 1779896341.762,
			""ts_duration"": 9.66000008583069,
			""ts_ended"": 1779896332.102,
			""ts_skipped"": 1779896332.102,
			""ts_started"": 1779896327.583
		},
		{
			""chars"": 328,
			""speaker"": ""Joe Sellington"",
			""text"": ""Whoa Thilo! Those are for the walk-in crowd. You came in for the server racks on the left. Heh. And I spot that company card... I got nothing against a little creative accounting, but I don't need anyone poking around my books. COMPLETELY legal business, mind you. Squeaky clean. Probably.. Soooo servers. On the left. Be a pal."",
			""ts_closed"": 1779896343.367,
			""ts_duration"": 0.636000156402588,
			""ts_ended"": 1779896342.731,
			""ts_skipped"": 1779896342.731,
			""ts_started"": 1779896342.006
		},
		{
			""chars"": 328,
			""speaker"": ""Joe Sellington"",
			""text"": ""Whoa Thilo! Those are for the walk-in crowd. You came in for the server racks on the left. Heh. And I spot that company card... I got nothing against a little creative accounting, but I don't need anyone poking around my books. COMPLETELY legal business, mind you. Squeaky clean. Probably.. Soooo servers. On the left. Be a pal."",
			""ts_closed"": 1779896353.656,
			""ts_duration"": 1.38899993896484,
			""ts_ended"": 1779896352.267,
			""ts_skipped"": 1779896352.267,
			""ts_started"": 1779896351.774
		},
		{
			""chars"": 174,
			""speaker"": ""Joe Sellington"",
			""text"": ""Pleasure doing business Thilo! All 5 racks, sold. Did you notice how everything else got pricier while you shopped? Bet a smart one like you can work out why. Come back soon!"",
			""ts_closed"": 1779896364.57,
			""ts_duration"": 4.42599987983704,
			""ts_ended"": 1779896360.144,
			""ts_skipped"": null,
			""ts_started"": 1779896353.996
		},
		{
			""chars"": 175,
			""speaker"": ""Prompto"",
			""text"": ""Ah thats a shame about the students....but your new hardware looks so good! Now we just need to power them up with electricity. Where do you want to get your electricity from?"",
			""ts_closed"": 1779896405.695,
			""ts_duration"": 14.1819999217987,
			""ts_ended"": 1779896391.513,
			""ts_skipped"": null,
			""ts_started"": 1779896385.33
		},
		{
			""chars"": 201,
			""speaker"": ""Prompto"",
			""text"": ""The news hurts me, but seeing our datacenter light up makes me happy!...However we now have a new problem. We are getting a lot of wasteful prompts. Should we educate our users on how to prompt better?"",
			""ts_closed"": 1779896454.2,
			""ts_duration"": 19.4249999523163,
			""ts_ended"": 1779896434.775,
			""ts_skipped"": null,
			""ts_started"": 1779896427.724
		},
		{
			""chars"": 260,
			""speaker"": ""Prompto"",
			""text"": ""Congratulations your education was a success! You have reduced token usage and we now have enough compute and electricity to handle all the incoming prompts. However all this now creates a heating issue, we are going to need access to water to cool our server!"",
			""ts_closed"": 1779896523.721,
			""ts_duration"": 9.5550000667572,
			""ts_ended"": 1779896514.166,
			""ts_skipped"": null,
			""ts_started"": 1779896505.148
		},
		{
			""chars"": 138,
			""speaker"": ""Prompto"",
			""text"": ""Okay we have access to water now, but it is not sufficient to cool down all our servers, choose another river to get access to more water!"",
			""ts_closed"": 1779896547.863,
			""ts_duration"": 17.2860000133514,
			""ts_ended"": 1779896530.577,
			""ts_skipped"": null,
			""ts_started"": 1779896525.63
		},
		{
			""chars"": 284,
			""speaker"": ""Ally"",
			""text"": ""Oh and one more thing, Thilo. Don't be too disheartened if the numbers look rough. AI datacenters are inherently bad for the environment. There's no single 'right' choice you could have made; the best anyone can do is minimize the impact. You can never truly get rid of it altogether!"",
			""ts_closed"": 1779896625.337,
			""ts_duration"": 15.5499999523163,
			""ts_ended"": 1779896609.787,
			""ts_skipped"": null,
			""ts_started"": 1779896599.975
		}
	],
	""electricity_choice"": {
		""ts_chosen"": 1779896405.448,
		""ts_duration"": 41.1280000209808,
		""ts_started"": 1779896364.32,
		""value"": ""close""
	},
	""land_choice"": {
		""ts_chosen"": 1779896274.064,
		""ts_duration"": 22.4059998989105,
		""ts_started"": 1779896251.658,
		""value"": ""FOURTH""
	},
	""newspapers"": [
		{
			""article"": ""FARMLAND"",
			""ts_closed"": 1779896300.225,
			""ts_duration"": 22.6619999408722,
			""ts_opened"": 1779896277.563
		},
		{
			""article"": ""PRICES_LAPTOPS"",
			""ts_closed"": 1779896385.329,
			""ts_duration"": 18.5090000629425,
			""ts_opened"": 1779896366.82
		},
		{
			""article"": ""WINTER"",
			""ts_closed"": 1779896426.719,
			""ts_duration"": 17.2690000534058,
			""ts_opened"": 1779896409.45
		},
		{
			""article"": ""WATER_CRISIS"",
			""ts_closed"": 1779896572.489,
			""ts_duration"": 21.8300001621246,
			""ts_opened"": 1779896550.659
		}
	],
	""session"": {
		""debug"": false,
		""player_name"": ""Thilo"",
		""ts_duration"": 542.289999961853,
		""ts_ended"": 1779896724.79,
		""ts_started"": 1779896182.5
	},
	""stages"": [
		{
			""index"": 0,
			""name"": ""0 01_intro_stage"",
			""ts_duration"": 69.1490001678467,
			""ts_ended"": 1779896251.657,
			""ts_started"": 1779896182.508
		},
		{
			""index"": 1,
			""name"": ""1 1_land_choice_stage"",
			""ts_duration"": 54.5500001907349,
			""ts_ended"": 1779896306.209,
			""ts_started"": 1779896251.659
		},
		{
			""index"": 2,
			""name"": ""2 02_shop_stage"",
			""ts_duration"": 58.1039998531342,
			""ts_ended"": 1779896364.32,
			""ts_started"": 1779896306.216
		},
		{
			""index"": 3,
			""name"": ""3 03_energy_scene"",
			""ts_duration"": 89.047000169754,
			""ts_ended"": 1779896453.371,
			""ts_started"": 1779896364.324
		},
		{
			""index"": 4,
			""name"": ""4 04_classroom_tscn"",
			""ts_duration"": 51.7610001564026,
			""ts_ended"": 1779896505.147,
			""ts_started"": 1779896453.386
		},
		{
			""index"": 5,
			""name"": ""5 4_stage"",
			""ts_duration"": 81.8810000419617,
			""ts_ended"": 1779896587.029,
			""ts_started"": 1779896505.148
		}
	],
	""water_choices"": [
		{
			""ts_chosen"": 1779896523.473,
			""ts_duration"": 9.30700016021729,
			""ts_started"": 1779896514.166,
			""value"": ""north""
		},
		{
			""ts_chosen"": 1779896547.614,
			""ts_duration"": 17.0370001792908,
			""ts_started"": 1779896530.577,
			""value"": ""north""
		}
	]
}"